{
 "tick":{
  "0":17692,
  "1":24900,
  "2":26495,
  "3":59778,
  "4":61910,
  "5":69946,
  "6":72570,
  "7":79465,
  "8":82089,
  "9":88321,
  "10":94960,
  "11":101497,
  "12":109885,
  "13":114152,
  "14":116574,
  "15":134145,
  "16":136769,
  "17":142864,
  "18":153316
 },
 "event":{
  "0":"planted",
  "1":"planted",
  "2":"defused",
  "3":"planted",
  "4":"defused",
  "5":"planted",
  "6":"exploded",
  "7":"planted",
  "8":"exploded",
  "9":"planted",
  "10":"planted",
  "11":"planted",
  "12":"planted",
  "13":"planted",
  "14":"defused",
  "15":"planted",
  "16":"exploded",
  "17":"planted",
  "18":"planted"
 },
 "site":{
  "0":"BombsiteA",
  "1":"BombsiteA",
  "2":"BombsiteA",
  "3":"BombsiteA",
  "4":"BombsiteA",
  "5":"BombsiteB",
  "6":"BombsiteB",
  "7":"BombsiteA",
  "8":"BombsiteA",
  "9":"BombsiteA",
  "10":"BombsiteB",
  "11":"BombsiteB",
  "12":"BombsiteA",
  "13":"BombsiteA",
  "14":"BombsiteA",
  "15":"BombsiteB",
  "16":"BombsiteB",
  "17":"BombsiteB",
  "18":"BombsiteB"
 },
 "X":{
  "0":1975.5262451172,
  "1":2099.0324707031,
  "2":2042.6397705078,
  "3":2004.8076171875,
  "4":2017.8076171875,
  "5":581.4272460938,
  "6":581.4272460938,
  "7":1967.4428710938,
  "8":1967.4428710938,
  "9":1966.0313720703,
  "10":564.1646118164,
  "11":544.5158691406,
  "12":1819.0313720703,
  "13":2097.7392578125,
  "14":2046.7027587891,
  "15":545.5568237305,
  "16":545.5568237305,
  "17":582.3279418945,
  "18":545.3923339844
 },
 "Y":{
  "0":721.9684448242,
  "1":181.1096191406,
  "2":162.1658172607,
  "3":687.0036010742,
  "4":626.6635742188,
  "5":2874.7644042969,
  "6":2874.7644042969,
  "7":721.9686279297,
  "8":721.9686279297,
  "9":720.1504516602,
  "10":2883.96875,
  "11":2969.0112304688,
  "12":276.9080810547,
  "13":181.2959594727,
  "14":172.2656555176,
  "15":2934.2666015625,
  "16":2934.2666015625,
  "17":2883.97265625,
  "18":2937.7348632812
 },
 "Z":{
  "0":160.03125,
  "1":160.03125,
  "2":160.03125,
  "3":160.03125,
  "4":160.03125,
  "5":168.0312347412,
  "6":168.0312347412,
  "7":160.03125,
  "8":160.03125,
  "9":160.03125,
  "10":168.0312347412,
  "11":161.5312347412,
  "12":161.0312194824,
  "13":160.03125,
  "14":160.03125,
  "15":161.5312347412,
  "16":161.5312347412,
  "17":168.0312347412,
  "18":161.5312347412
 },
 "round":{
  "0":3,
  "1":4,
  "2":4,
  "3":8,
  "4":8,
  "5":9,
  "6":9,
  "7":10,
  "8":10,
  "9":11,
  "10":12,
  "11":13,
  "12":14,
  "13":15,
  "14":15,
  "15":17,
  "16":17,
  "17":18,
  "18":19
 }
}