{
 "tick":{
  "0":25726,
  "1":27255,
  "2":44527,
  "3":45701,
  "4":49359,
  "5":51356,
  "6":61056,
  "7":63680,
  "8":70483,
  "9":73107,
  "10":85876,
  "11":88500,
  "12":107566,
  "13":110091,
  "14":119875,
  "15":125904,
  "16":153943,
  "17":180918
 },
 "event":{
  "0":"planted",
  "1":"defused",
  "2":"planted",
  "3":"defused",
  "4":"planted",
  "5":"defused",
  "6":"planted",
  "7":"exploded",
  "8":"planted",
  "9":"exploded",
  "10":"planted",
  "11":"exploded",
  "12":"planted",
  "13":"defused",
  "14":"planted",
  "15":"planted",
  "16":"planted",
  "17":"planted"
 },
 "site":{
  "0":"BombsiteA",
  "1":"BombsiteA",
  "2":"BombsiteB",
  "3":"BombsiteB",
  "4":"BombsiteA",
  "5":"BombsiteA",
  "6":"BombsiteA",
  "7":"BombsiteA",
  "8":"BombsiteB",
  "9":"BombsiteB",
  "10":"BombsiteB",
  "11":"BombsiteB",
  "12":"BombsiteB",
  "13":"BombsiteB",
  "14":"BombsiteA",
  "15":"BombsiteA",
  "16":"BombsiteA",
  "17":"BombsiteB"
 },
 "X":{
  "0":-601.5067749023,
  "1":-632.0609741211,
  "2":-1969.03125,
  "3":-2011.7834472656,
  "4":-554.967590332,
  "5":-594.7406616211,
  "6":-580.4967041016,
  "7":-580.4967041016,
  "8":-1969.0317382812,
  "9":-1969.0317382812,
  "10":-1987.0313720703,
  "11":-1987.0313720703,
  "12":-1969.03125,
  "13":-2030.4631347656,
  "14":-599.7607421875,
  "15":-422.3248901367,
  "16":-257.3708496094,
  "17":-1969.0313720703
 },
 "Y":{
  "0":-1970.5780029297,
  "1":-1918.7955322266,
  "2":450.0313415527,
  "3":406.9998168945,
  "4":-2106.5915527344,
  "5":-2150.8757324219,
  "6":-1980.2175292969,
  "7":-1980.2175292969,
  "8":450.03125,
  "9":450.03125,
  "10":433.5266418457,
  "11":433.5266418457,
  "12":450.03125,
  "13":445.0296630859,
  "14":-2153.759765625,
  "15":-2007.08984375,
  "16":-2151.92578125,
  "17":450.03125
 },
 "Z":{
  "0":-179.96875,
  "1":-179.96875,
  "2":-159.96875,
  "3":-159.96875,
  "4":-179.96875,
  "5":-179.96875,
  "6":-179.96875,
  "7":-179.96875,
  "8":-159.96875,
  "9":-159.96875,
  "10":-159.96875,
  "11":-159.96875,
  "12":-159.96875,
  "13":-159.96875,
  "14":-179.96875,
  "15":-179.96875,
  "16":-173.2805786133,
  "17":-159.96875
 },
 "round":{
  "0":3,
  "1":3,
  "2":6,
  "3":6,
  "4":7,
  "5":7,
  "6":8,
  "7":8,
  "8":9,
  "9":9,
  "10":11,
  "11":11,
  "12":14,
  "13":14,
  "14":16,
  "15":17,
  "16":21,
  "17":24
 }
}