{
 "tick":{
  "0":2199,
  "1":14931,
  "2":16344,
  "3":32916,
  "4":34023,
  "5":48089,
  "6":50263,
  "7":68134,
  "8":105905,
  "9":107237,
  "10":114711,
  "11":116145,
  "12":138960,
  "13":141584
 },
 "event":{
  "0":"planted",
  "1":"planted",
  "2":"defused",
  "3":"planted",
  "4":"defused",
  "5":"planted",
  "6":"defused",
  "7":"planted",
  "8":"planted",
  "9":"defused",
  "10":"planted",
  "11":"defused",
  "12":"planted",
  "13":"exploded"
 },
 "site":{
  "0":"BombsiteB",
  "1":"BombsiteA",
  "2":"BombsiteA",
  "3":"BombsiteA",
  "4":"BombsiteA",
  "5":"BombsiteB",
  "6":"BombsiteB",
  "7":"BombsiteB",
  "8":"BombsiteA",
  "9":"BombsiteA",
  "10":"BombsiteB",
  "11":"BombsiteB",
  "12":"BombsiteA",
  "13":"BombsiteA"
 },
 "X":{
  "0":679.7460327148,
  "1":-1220.515625,
  "2":-1282.3806152344,
  "3":-1273.5035400391,
  "4":-1217.1339111328,
  "5":782.1154174805,
  "6":727.3578491211,
  "7":799.1223754883,
  "8":-1280.0316162109,
  "9":-1325.4978027344,
  "10":1094.3656005859,
  "11":1113.4448242188,
  "12":-1565.4916992188,
  "13":-1565.4916992188
 },
 "Y":{
  "0":99.8632278442,
  "1":729.96875,
  "2":726.1575317383,
  "3":729.9686889648,
  "4":705.1260986328,
  "5":4.9682641029,
  "6":-13.2670898438,
  "7":4.967815876,
  "8":793.4305419922,
  "9":834.282409668,
  "10":-16.6482543945,
  "11":-75.4097900391,
  "12":697.6002807617,
  "13":697.6002807617
 },
 "Z":{
  "0":134.03125,
  "1":56.03125,
  "2":56.03125,
  "3":56.03125,
  "4":56.03125,
  "5":130.9011230469,
  "6":130.03125,
  "7":130.9011230469,
  "8":54.03125,
  "9":54.0312461853,
  "10":134.03125,
  "11":130.1429748535,
  "12":56.03125,
  "13":56.03125
 },
 "round":{
  "0":1,
  "1":3,
  "2":3,
  "3":5,
  "4":5,
  "5":7,
  "6":7,
  "7":10,
  "8":16,
  "9":16,
  "10":17,
  "11":17,
  "12":20,
  "13":20
 }
}