{
 "tick":{
  "0":2881,
  "1":5037,
  "2":9732,
  "3":23126,
  "4":33727,
  "5":36351,
  "6":62516,
  "7":65140,
  "8":71780,
  "9":72954,
  "10":89776,
  "11":91319,
  "12":100529,
  "13":101766,
  "14":119572,
  "15":121445,
  "16":134191,
  "17":136815
 },
 "event":{
  "0":"planted",
  "1":"defused",
  "2":"planted",
  "3":"planted",
  "4":"planted",
  "5":"exploded",
  "6":"planted",
  "7":"exploded",
  "8":"planted",
  "9":"defused",
  "10":"planted",
  "11":"defused",
  "12":"planted",
  "13":"defused",
  "14":"planted",
  "15":"defused",
  "16":"planted",
  "17":"exploded"
 },
 "site":{
  "0":"BombsiteA",
  "1":"BombsiteA",
  "2":"BombsiteA",
  "3":"BombsiteA",
  "4":"BombsiteA",
  "5":"BombsiteA",
  "6":"BombsiteA",
  "7":"BombsiteA",
  "8":"BombsiteB",
  "9":"BombsiteB",
  "10":"BombsiteA",
  "11":"BombsiteA",
  "12":"BombsiteB",
  "13":"BombsiteB",
  "14":"BombsiteA",
  "15":"BombsiteA",
  "16":"BombsiteA",
  "17":"BombsiteA"
 },
 "X":{
  "0":-588.0806274414,
  "1":-639.098815918,
  "2":-297.1877441406,
  "3":-254.9295654297,
  "4":-562.8095703125,
  "5":-562.8095703125,
  "6":-293.9682617188,
  "7":-293.9682617188,
  "8":-1969.03125,
  "9":-1997.9608154297,
  "10":-253.9688720703,
  "11":-205.8639526367,
  "12":-1987.0316162109,
  "13":-2004.0522460938,
  "14":-554.96875,
  "15":-495.77734375,
  "16":-496.7523193359,
  "17":-496.7523193359
 },
 "Y":{
  "0":-1981.4846191406,
  "1":-1992.5755615234,
  "2":-2162.5102539062,
  "3":-2152.2319335938,
  "4":-1973.1140136719,
  "5":-1973.1140136719,
  "6":-2007.9239501953,
  "7":-2007.9239501953,
  "8":450.03125,
  "9":397.5267333984,
  "10":-2134.0751953125,
  "11":-2170.5842285156,
  "12":412.285949707,
  "13":355.0510864258,
  "14":-2103.6931152344,
  "15":-2099.8139648438,
  "16":-1986.8601074219,
  "17":-1986.8601074219
 },
 "Z":{
  "0":-179.96875,
  "1":-179.96875,
  "2":-174.109375,
  "3":-173.1448364258,
  "4":-179.96875,
  "5":-179.96875,
  "6":-170.8957519531,
  "7":-170.8957519531,
  "8":-159.96875,
  "9":-159.96875,
  "10":-172.9469604492,
  "11":-169.332824707,
  "12":-159.96875,
  "13":-159.96875,
  "14":-179.96875,
  "15":-179.96875,
  "16":-179.96875,
  "17":-179.96875
 },
 "round":{
  "0":1,
  "1":1,
  "2":2,
  "3":3,
  "4":5,
  "5":5,
  "6":9,
  "7":9,
  "8":10,
  "9":10,
  "10":13,
  "11":13,
  "12":14,
  "13":14,
  "14":17,
  "15":17,
  "16":19,
  "17":19
 }
}