{
 "tick":{
  "0":6235,
  "1":9199,
  "2":11823,
  "3":14972,
  "4":17596,
  "5":49285,
  "6":71021,
  "7":73645,
  "8":82251,
  "9":85752,
  "10":117001,
  "11":119625,
  "12":136788
 },
 "event":{
  "0":"planted",
  "1":"planted",
  "2":"exploded",
  "3":"planted",
  "4":"exploded",
  "5":"planted",
  "6":"planted",
  "7":"exploded",
  "8":"planted",
  "9":"planted",
  "10":"planted",
  "11":"exploded",
  "12":"planted"
 },
 "site":{
  "0":"BombsiteB",
  "1":"BombsiteB",
  "2":"BombsiteB",
  "3":"BombsiteB",
  "4":"BombsiteB",
  "5":"BombsiteA",
  "6":"BombsiteB",
  "7":"BombsiteB",
  "8":"BombsiteB",
  "9":"BombsiteB",
  "10":"BombsiteA",
  "11":"BombsiteA",
  "12":"BombsiteA"
 },
 "X":{
  "0":-1431.923828125,
  "1":-1684.0345458984,
  "2":-1684.0345458984,
  "3":-1366.0316162109,
  "4":-1366.0316162109,
  "5":1091.1358642578,
  "6":-1366.03125,
  "7":-1366.03125,
  "8":-1684.0313720703,
  "9":-1684.1589355469,
  "10":987.9677124023,
  "11":987.9677124023,
  "12":1221.7214355469
 },
 "Y":{
  "0":2676.1596679688,
  "1":2523.615234375,
  "2":2523.615234375,
  "3":2562.3581542969,
  "4":2562.3581542969,
  "5":2500.1157226562,
  "6":2565.96875,
  "7":2565.96875,
  "8":2569.0415039062,
  "9":2550.7692871094,
  "10":2510.4916992188,
  "11":2510.4916992188,
  "12":2561.0300292969
 },
 "Z":{
  "0":14.3552150726,
  "1":8.4049816132,
  "2":8.4049816132,
  "3":4.6938147545,
  "4":4.6938147545,
  "5":96.0575866699,
  "6":4.6349973679,
  "7":4.6349973679,
  "8":6.9444656372,
  "9":7.1011371613,
  "10":96.53125,
  "11":96.53125,
  "12":98.7203445435
 },
 "round":{
  "0":1,
  "1":2,
  "2":2,
  "3":3,
  "4":3,
  "5":7,
  "6":10,
  "7":10,
  "8":11,
  "9":12,
  "10":17,
  "11":17,
  "12":19
 }
}