{
 "tick":{
  "0":10127,
  "1":16637,
  "2":19261,
  "3":27073,
  "4":29697,
  "5":56949,
  "6":59573,
  "7":66135,
  "8":68759,
  "9":83439,
  "10":84171,
  "11":93048,
  "12":95358,
  "13":131558,
  "14":134182,
  "15":142025,
  "16":144649,
  "17":152369,
  "18":154993
 },
 "event":{
  "0":"planted",
  "1":"planted",
  "2":"exploded",
  "3":"planted",
  "4":"exploded",
  "5":"planted",
  "6":"exploded",
  "7":"planted",
  "8":"exploded",
  "9":"planted",
  "10":"defused",
  "11":"planted",
  "12":"defused",
  "13":"planted",
  "14":"exploded",
  "15":"planted",
  "16":"exploded",
  "17":"planted",
  "18":"exploded"
 },
 "site":{
  "0":"BombsiteA",
  "1":"BombsiteB",
  "2":"BombsiteB",
  "3":"BombsiteB",
  "4":"BombsiteB",
  "5":"BombsiteA",
  "6":"BombsiteA",
  "7":"BombsiteB",
  "8":"BombsiteB",
  "9":"BombsiteB",
  "10":"BombsiteB",
  "11":"BombsiteA",
  "12":"BombsiteA",
  "13":"BombsiteB",
  "14":"BombsiteB",
  "15":"BombsiteA",
  "16":"BombsiteA",
  "17":"BombsiteA",
  "18":"BombsiteA"
 },
 "X":{
  "0":744.2719726562,
  "1":340.425201416,
  "2":340.425201416,
  "3":340.0313720703,
  "4":340.0313720703,
  "5":717.0551757812,
  "6":717.0551757812,
  "7":340.5162658691,
  "8":340.5162658691,
  "9":635.7310180664,
  "10":574.0381469727,
  "11":675.1367797852,
  "12":728.6246948242,
  "13":351.7370910645,
  "14":351.7370910645,
  "15":672.1858520508,
  "16":672.1858520508,
  "17":654.8169555664,
  "18":654.8169555664
 },
 "Y":{
  "0":-602.9307861328,
  "1":-721.850402832,
  "2":-721.850402832,
  "3":-701.2770385742,
  "4":-701.2770385742,
  "5":-770.9795532227,
  "6":-770.9795532227,
  "7":-702.0087890625,
  "8":-702.0087890625,
  "9":-1294.0635986328,
  "10":-1292.6971435547,
  "11":-910.6200561523,
  "12":-928.2579956055,
  "13":-792.0893554688,
  "14":-792.0893554688,
  "15":-909.1066894531,
  "16":-909.1066894531,
  "17":-771.1343994141,
  "18":-771.1343994141
 },
 "Z":{
  "0":-399.9682617188,
  "1":-771.96875,
  "2":-771.96875,
  "3":-765.96875,
  "4":-765.96875,
  "5":-399.9683837891,
  "6":-399.9683837891,
  "7":-765.96875,
  "8":-765.96875,
  "9":-769.96875,
  "10":-769.96875,
  "11":-414.96875,
  "12":-409.2023925781,
  "13":-771.96875,
  "14":-771.96875,
  "15":-414.96875,
  "16":-414.96875,
  "17":-415.96875,
  "18":-415.96875
 },
 "round":{
  "0":1,
  "1":2,
  "2":2,
  "3":3,
  "4":3,
  "5":7,
  "6":7,
  "7":8,
  "8":8,
  "9":11,
  "10":11,
  "11":12,
  "12":12,
  "13":17,
  "14":17,
  "15":18,
  "16":18,
  "17":19,
  "18":19
 }
}