{
 "tick":{
  "0":11076,
  "1":13700,
  "2":17439,
  "3":20063,
  "4":25858,
  "5":37021,
  "6":38745,
  "7":62690,
  "8":64692,
  "9":83337,
  "10":90113,
  "11":92737,
  "12":111965,
  "13":124196,
  "14":125359,
  "15":132160,
  "16":134158
 },
 "event":{
  "0":"planted",
  "1":"exploded",
  "2":"planted",
  "3":"exploded",
  "4":"planted",
  "5":"planted",
  "6":"defused",
  "7":"planted",
  "8":"defused",
  "9":"planted",
  "10":"planted",
  "11":"exploded",
  "12":"planted",
  "13":"planted",
  "14":"defused",
  "15":"planted",
  "16":"defused"
 },
 "site":{
  "0":"BombsiteA",
  "1":"BombsiteA",
  "2":"BombsiteB",
  "3":"BombsiteB",
  "4":"BombsiteA",
  "5":"BombsiteB",
  "6":"BombsiteB",
  "7":"BombsiteA",
  "8":"BombsiteA",
  "9":"BombsiteB",
  "10":"BombsiteA",
  "11":"BombsiteA",
  "12":"BombsiteA",
  "13":"BombsiteA",
  "14":"BombsiteA",
  "15":"BombsiteA",
  "16":"BombsiteA"
 },
 "X":{
  "0":1094.8393554688,
  "1":1094.8393554688,
  "2":-1366.0313720703,
  "3":-1366.0313720703,
  "4":985.2255249023,
  "5":-1366.03125,
  "6":-1414.4908447266,
  "7":1098.3569335938,
  "8":1119.8421630859,
  "9":-1366.0313720703,
  "10":1220.5073242188,
  "11":1220.5073242188,
  "12":1171.9686279297,
  "13":1041.4597167969,
  "14":1089.3337402344,
  "15":1093.1840820312,
  "16":1118.2650146484
 },
 "Y":{
  "0":2516.1630859375,
  "1":2516.1630859375,
  "2":2565.96875,
  "3":2565.96875,
  "4":2519.7263183594,
  "5":2565.96875,
  "6":2531.8591308594,
  "7":2531.4033203125,
  "8":2475.0751953125,
  "9":2543.8215332031,
  "10":2348.03125,
  "11":2348.03125,
  "12":2559.181640625,
  "13":2588.9865722656,
  "14":2617.5891113281,
  "15":2508.9916992188,
  "16":2553.0451660156
 },
 "Z":{
  "0":96.0521469116,
  "1":96.0521469116,
  "2":4.6349868774,
  "3":4.6349868774,
  "4":96.53125,
  "5":4.6349916458,
  "6":2.7806897163,
  "7":96.034286499,
  "8":95.2737960815,
  "9":4.9044332504,
  "10":99.5069656372,
  "11":99.5069656372,
  "12":96.434425354,
  "13":96.5284042358,
  "14":96.5312423706,
  "15":96.0554046631,
  "16":96.0655288696
 },
 "round":{
  "0":3,
  "1":3,
  "2":4,
  "3":4,
  "4":5,
  "5":7,
  "6":7,
  "7":11,
  "8":11,
  "9":15,
  "10":16,
  "11":16,
  "12":20,
  "13":22,
  "14":22,
  "15":23,
  "16":23
 }
}