{
 "tick":{
  "0":5040,
  "1":70647,
  "2":83716,
  "3":90463,
  "4":96340,
  "5":104180
 },
 "event":{
  "0":"planted",
  "1":"planted",
  "2":"planted",
  "3":"planted",
  "4":"planted",
  "5":"planted"
 },
 "site":{
  "0":"BombsiteA",
  "1":"BombsiteB",
  "2":"BombsiteB",
  "3":"BombsiteB",
  "4":"BombsiteA",
  "5":"BombsiteA"
 },
 "X":{
  "0":-367.2222900391,
  "1":-2216.0329589844,
  "2":-2216.03125,
  "3":-2147.5361328125,
  "4":-338.5908203125,
  "5":-312.6358642578
 },
 "Y":{
  "0":-688.2243041992,
  "1":883.8466796875,
  "2":894.7837524414,
  "3":779.2738037109,
  "4":-720.3165283203,
  "5":-598.9118652344
 },
 "Z":{
  "0":11774.8095703125,
  "1":11744.03125,
  "2":11744.03125,
  "3":11744.03125,
  "4":11776.03125,
  "5":11774.03125
 },
 "round":{
  "0":1,
  "1":11,
  "2":13,
  "3":14,
  "4":15,
  "5":16
 }
}