{
 "tick":{
  "0":5233,
  "1":6857,
  "2":23382,
  "3":32664,
  "4":35288,
  "5":41946,
  "6":44570,
  "7":51669,
  "8":53799,
  "9":60316,
  "10":62940,
  "11":67236,
  "12":93837,
  "13":103248,
  "14":125780,
  "15":128404
 },
 "event":{
  "0":"planted",
  "1":"defused",
  "2":"planted",
  "3":"planted",
  "4":"exploded",
  "5":"planted",
  "6":"exploded",
  "7":"planted",
  "8":"defused",
  "9":"planted",
  "10":"exploded",
  "11":"planted",
  "12":"planted",
  "13":"planted",
  "14":"planted",
  "15":"exploded"
 },
 "site":{
  "0":"BombsiteB",
  "1":"BombsiteB",
  "2":"BombsiteB",
  "3":"BombsiteB",
  "4":"BombsiteB",
  "5":"BombsiteB",
  "6":"BombsiteB",
  "7":"BombsiteA",
  "8":"BombsiteA",
  "9":"BombsiteA",
  "10":"BombsiteA",
  "11":"BombsiteA",
  "12":"BombsiteB",
  "13":"BombsiteA",
  "14":"BombsiteA",
  "15":"BombsiteA"
 },
 "X":{
  "0":631.5540161133,
  "1":631.4550170898,
  "2":743.0516357422,
  "3":436.7058410645,
  "4":436.7058410645,
  "5":635.1260375977,
  "6":635.1260375977,
  "7":808.5134277344,
  "8":829.4691162109,
  "9":609.6177368164,
  "10":609.6177368164,
  "11":722.1449584961,
  "12":549.5432739258,
  "13":758.1015014648,
  "14":709.9617919922,
  "15":709.9617919922
 },
 "Y":{
  "0":-1307.4304199219,
  "1":-1256.0832519531,
  "2":-1113.9196777344,
  "3":-1290.9833984375,
  "4":-1290.9833984375,
  "5":-1320.4456787109,
  "6":-1320.4456787109,
  "7":-506.1492919922,
  "8":-556.6508789062,
  "9":-765.1716308594,
  "10":-765.1716308594,
  "11":-772.4678344727,
  "12":-737.4165649414,
  "13":-774.6350708008,
  "14":-773.4885253906,
  "15":-773.4885253906
 },
 "Z":{
  "0":-765.96875,
  "1":-768.84375,
  "2":-768.96875,
  "3":-765.96875,
  "4":-765.96875,
  "5":-765.96875,
  "6":-765.96875,
  "7":-410.5523681641,
  "8":-399.9682617188,
  "9":-399.96875,
  "10":-399.96875,
  "11":-399.9682617188,
  "12":-765.96875,
  "13":-399.9682617188,
  "14":-399.9685058594,
  "15":-399.9685058594
 },
 "round":{
  "0":1,
  "1":1,
  "2":3,
  "3":5,
  "4":5,
  "5":6,
  "6":6,
  "7":7,
  "8":7,
  "9":8,
  "10":8,
  "11":9,
  "12":11,
  "13":13,
  "14":17,
  "15":17
 }
}