{
 "tick":{
  "0":19528,
  "1":21259,
  "2":39949,
  "3":42573,
  "4":60202,
  "5":62826,
  "6":105104,
  "7":118130,
  "8":119966,
  "9":140240,
  "10":147574
 },
 "event":{
  "0":"planted",
  "1":"defused",
  "2":"planted",
  "3":"exploded",
  "4":"planted",
  "5":"exploded",
  "6":"planted",
  "7":"planted",
  "8":"defused",
  "9":"planted",
  "10":"planted"
 },
 "site":{
  "0":"BombsiteB",
  "1":"BombsiteB",
  "2":"BombsiteB",
  "3":"BombsiteB",
  "4":"BombsiteA",
  "5":"BombsiteA",
  "6":"BombsiteB",
  "7":"BombsiteB",
  "8":"BombsiteB",
  "9":"BombsiteB",
  "10":"BombsiteB"
 },
 "X":{
  "0":-2216.03125,
  "1":-2222.9125976562,
  "2":-2216.0283203125,
  "3":-2216.0283203125,
  "4":-301.3107910156,
  "5":-301.3107910156,
  "6":-2216.0354003906,
  "7":-2216.03125,
  "8":-2227.2277832031,
  "9":-2216.0368652344,
  "10":-2219.2116699219
 },
 "Y":{
  "0":851.9819946289,
  "1":913.4342041016,
  "2":865.2045898438,
  "3":865.2045898438,
  "4":-713.0313720703,
  "5":-713.0313720703,
  "6":891.2054443359,
  "7":883.5798950195,
  "8":941.5233154297,
  "9":906.1851806641,
  "10":879.751159668
 },
 "Z":{
  "0":11744.03125,
  "1":11744.03125,
  "2":11744.03125,
  "3":11744.03125,
  "4":11776.03125,
  "5":11776.03125,
  "6":11744.03125,
  "7":11744.03125,
  "8":11744.03125,
  "9":11744.03125,
  "10":11744.03125
 },
 "round":{
  "0":4,
  "1":4,
  "2":6,
  "3":6,
  "4":8,
  "5":8,
  "6":13,
  "7":15,
  "8":15,
  "9":18,
  "10":19
 }
}