{
 "tick":{
  "0":3607,
  "1":17954,
  "2":20578,
  "3":30896,
  "4":32362,
  "5":37988,
  "6":46085,
  "7":48709,
  "8":55558,
  "9":58182,
  "10":68668,
  "11":118670,
  "12":122885,
  "13":142963,
  "14":144174
 },
 "event":{
  "0":"planted",
  "1":"planted",
  "2":"exploded",
  "3":"planted",
  "4":"defused",
  "5":"planted",
  "6":"planted",
  "7":"exploded",
  "8":"planted",
  "9":"exploded",
  "10":"planted",
  "11":"planted",
  "12":"planted",
  "13":"planted",
  "14":"defused"
 },
 "site":{
  "0":"BombsiteA",
  "1":"BombsiteA",
  "2":"BombsiteA",
  "3":"BombsiteB",
  "4":"BombsiteB",
  "5":"BombsiteA",
  "6":"BombsiteA",
  "7":"BombsiteA",
  "8":"BombsiteB",
  "9":"BombsiteB",
  "10":"BombsiteB",
  "11":"BombsiteA",
  "12":"BombsiteB",
  "13":"BombsiteA",
  "14":"BombsiteA"
 },
 "X":{
  "0":-1280.03125,
  "1":-1280.0303955078,
  "2":-1280.0303955078,
  "3":869.0291137695,
  "4":927.1868286133,
  "5":-1242.5501708984,
  "6":-1230.3432617188,
  "7":-1230.3432617188,
  "8":869.03125,
  "9":869.03125,
  "10":773.1854858398,
  "11":-1295.6604003906,
  "12":823.0513916016,
  "13":-1568.40234375,
  "14":-1556.4366455078
 },
 "Y":{
  "0":793.96875,
  "1":786.9984741211,
  "2":786.9984741211,
  "3":53.1154289246,
  "4":38.3917045593,
  "5":723.5902099609,
  "6":697.9373168945,
  "7":697.9373168945,
  "8":80.6722183228,
  "9":80.6722183228,
  "10":4.9680447578,
  "11":793.9677124023,
  "12":4.9670681953,
  "13":703.72265625,
  "14":729.5693969727
 },
 "Z":{
  "0":54.03125,
  "1":54.03125,
  "2":54.03125,
  "3":130.9011077881,
  "4":130.03125,
  "5":56.03125,
  "6":56.03125,
  "7":56.03125,
  "8":130.9011077881,
  "9":130.9011077881,
  "10":130.9011230469,
  "11":54.03125,
  "12":130.9011230469,
  "13":56.03125,
  "14":56.03125
 },
 "round":{
  "0":1,
  "1":3,
  "2":3,
  "3":4,
  "4":4,
  "5":5,
  "6":6,
  "7":6,
  "8":7,
  "9":7,
  "10":8,
  "11":13,
  "12":14,
  "13":17,
  "14":17
 }
}