{
 "tick":{
  "0":10660,
  "1":21978,
  "2":24602,
  "3":79353,
  "4":92003,
  "5":98237
 },
 "event":{
  "0":"planted",
  "1":"planted",
  "2":"exploded",
  "3":"planted",
  "4":"planted",
  "5":"planted"
 },
 "site":{
  "0":"BombsiteA",
  "1":"BombsiteB",
  "2":"BombsiteB",
  "3":"BombsiteB",
  "4":"BombsiteA",
  "5":"BombsiteA"
 },
 "X":{
  "0":-615.0542602539,
  "1":-1969.03125,
  "2":-1969.03125,
  "3":-1987.9771728516,
  "4":-253.96875,
  "5":-265.3943481445
 },
 "Y":{
  "0":-1985.9771728516,
  "1":450.0303344727,
  "2":450.0303344727,
  "3":433.8930664062,
  "4":-2134.0754394531,
  "5":-2155.2219238281
 },
 "Z":{
  "0":-179.96875,
  "1":-159.96875,
  "2":-159.96875,
  "3":-159.96875,
  "4":-172.9469604492,
  "5":-173.3441772461
 },
 "round":{
  "0":2,
  "1":4,
  "2":4,
  "3":11,
  "4":13,
  "5":14
 }
}