{
 "tick":{
  "0":14430,
  "1":17054,
  "2":26253,
  "3":28877,
  "4":33448,
  "5":51580,
  "6":69795,
  "7":85718,
  "8":115298,
  "9":117922,
  "10":127822,
  "11":130446,
  "12":165108,
  "13":167732,
  "14":171922,
  "15":174546
 },
 "event":{
  "0":"planted",
  "1":"exploded",
  "2":"planted",
  "3":"exploded",
  "4":"planted",
  "5":"planted",
  "6":"planted",
  "7":"planted",
  "8":"planted",
  "9":"exploded",
  "10":"planted",
  "11":"exploded",
  "12":"planted",
  "13":"exploded",
  "14":"planted",
  "15":"exploded"
 },
 "site":{
  "0":"BombsiteA",
  "1":"BombsiteA",
  "2":"BombsiteB",
  "3":"BombsiteB",
  "4":"BombsiteB",
  "5":"BombsiteB",
  "6":"BombsiteA",
  "7":"BombsiteB",
  "8":"BombsiteA",
  "9":"BombsiteA",
  "10":"BombsiteB",
  "11":"BombsiteB",
  "12":"BombsiteA",
  "13":"BombsiteA",
  "14":"BombsiteB",
  "15":"BombsiteB"
 },
 "X":{
  "0":1110.359375,
  "1":1110.359375,
  "2":-1087.2218017578,
  "3":-1087.2218017578,
  "4":-1095.8249511719,
  "5":-1066.0676269531,
  "6":964.030456543,
  "7":-1035.9748535156,
  "8":1283.7254638672,
  "9":1283.7254638672,
  "10":-1067.7481689453,
  "11":-1067.7481689453,
  "12":1264.4655761719,
  "13":1264.4655761719,
  "14":-1042.2600097656,
  "15":-1042.2600097656
 },
 "Y":{
  "0":1732.4140625,
  "1":1732.4140625,
  "2":789.1164550781,
  "3":789.1164550781,
  "4":598.5103149414,
  "5":599.9671630859,
  "6":1730.6968994141,
  "7":599.9686279297,
  "8":1887.4530029297,
  "9":1887.4530029297,
  "10":599.9686279297,
  "11":599.9686279297,
  "12":1828.484375,
  "13":1828.484375,
  "14":599.9682006836,
  "15":599.9682006836
 },
 "Z":{
  "0":-184.3262329102,
  "1":-184.3262329102,
  "2":-3.96875,
  "3":-3.96875,
  "4":-1.96875,
  "5":-1.96875,
  "6":-182.7998657227,
  "7":-1.96875,
  "8":-191.96875,
  "9":-191.96875,
  "10":-1.96875,
  "11":-1.96875,
  "12":-191.96875,
  "13":-191.96875,
  "14":-1.96875,
  "15":-1.96875
 },
 "round":{
  "0":3,
  "1":3,
  "2":4,
  "3":4,
  "4":5,
  "5":7,
  "6":9,
  "7":11,
  "8":13,
  "9":13,
  "10":15,
  "11":15,
  "12":16,
  "13":16,
  "14":17,
  "15":17
 }
}