{
 "tick":{
  "0":19113,
  "1":21737,
  "2":29473,
  "3":31207,
  "4":40751,
  "5":42922,
  "6":84839,
  "7":85443,
  "8":96736,
  "9":105112,
  "10":107736,
  "11":117610
 },
 "event":{
  "0":"planted",
  "1":"exploded",
  "2":"planted",
  "3":"defused",
  "4":"planted",
  "5":"defused",
  "6":"planted",
  "7":"defused",
  "8":"planted",
  "9":"planted",
  "10":"exploded",
  "11":"planted"
 },
 "site":{
  "0":"BombsiteA",
  "1":"BombsiteA",
  "2":"BombsiteB",
  "3":"BombsiteB",
  "4":"BombsiteB",
  "5":"BombsiteB",
  "6":"BombsiteA",
  "7":"BombsiteA",
  "8":"BombsiteB",
  "9":"BombsiteB",
  "10":"BombsiteB",
  "11":"BombsiteB"
 },
 "X":{
  "0":-1239.5648193359,
  "1":-1239.5648193359,
  "2":809.8733520508,
  "3":748.7913818359,
  "4":816.1024169922,
  "5":869.4700317383,
  "6":-1217.1614990234,
  "7":-1240.6552734375,
  "8":821.7434692383,
  "9":773.3944702148,
  "10":773.3944702148,
  "11":805.3196411133
 },
 "Y":{
  "0":729.9683227539,
  "1":729.9683227539,
  "2":4.9704518318,
  "3":-0.7789306641,
  "4":0.2900084853,
  "5":-27.2926025391,
  "6":729.9682006836,
  "7":673.3168334961,
  "8":1.7593045235,
  "9":4.9685049057,
  "10":4.9685049057,
  "11":4.9305701256
 },
 "Z":{
  "0":56.03125,
  "1":56.03125,
  "2":130.9011230469,
  "3":130.9011230469,
  "4":130.9011230469,
  "5":130.03125,
  "6":56.03125,
  "7":58.5818023682,
  "8":130.9011230469,
  "9":130.9011230469,
  "10":130.9011230469,
  "11":130.9011230469
 },
 "round":{
  "0":3,
  "1":3,
  "2":4,
  "3":4,
  "4":5,
  "5":5,
  "6":11,
  "7":11,
  "8":13,
  "9":14,
  "10":14,
  "11":16
 }
}