{
 "tick":{
  "0":7062,
  "1":25716,
  "2":33785,
  "3":36409,
  "4":44694,
  "5":49972,
  "6":52596,
  "7":72266,
  "8":74890,
  "9":92776,
  "10":94940,
  "11":103429,
  "12":126152,
  "13":132422,
  "14":165202,
  "15":166508
 },
 "event":{
  "0":"planted",
  "1":"planted",
  "2":"planted",
  "3":"exploded",
  "4":"planted",
  "5":"planted",
  "6":"exploded",
  "7":"planted",
  "8":"exploded",
  "9":"planted",
  "10":"defused",
  "11":"planted",
  "12":"planted",
  "13":"planted",
  "14":"planted",
  "15":"defused"
 },
 "site":{
  "0":"BombsiteB",
  "1":"BombsiteA",
  "2":"BombsiteB",
  "3":"BombsiteB",
  "4":"BombsiteA",
  "5":"BombsiteA",
  "6":"BombsiteA",
  "7":"BombsiteB",
  "8":"BombsiteB",
  "9":"BombsiteA",
  "10":"BombsiteA",
  "11":"BombsiteA",
  "12":"BombsiteA",
  "13":"BombsiteB",
  "14":"BombsiteB",
  "15":"BombsiteB"
 },
 "X":{
  "0":-1987.0317382812,
  "1":-333.6817016602,
  "2":-1886.2576904297,
  "3":-1886.2576904297,
  "4":-380.1608886719,
  "5":-476.1138305664,
  "6":-476.1138305664,
  "7":-1969.03125,
  "8":-1969.03125,
  "9":-623.85546875,
  "10":-677.9756469727,
  "11":-570.2741088867,
  "12":-571.9785766602,
  "13":-1969.03125,
  "14":-2072.3996582031,
  "15":-2028.1674804688
 },
 "Y":{
  "0":406.169708252,
  "1":-2037.1904296875,
  "2":242.032409668,
  "3":242.032409668,
  "4":-2135.0070800781,
  "5":-1979.7651367188,
  "6":-1979.7651367188,
  "7":450.03125,
  "8":450.03125,
  "9":-1989.064453125,
  "10":-2015.1120605469,
  "11":-2150.9699707031,
  "12":-1978.7974853516,
  "13":450.0301818848,
  "14":431.0584411621,
  "15":472.0753173828
 },
 "Z":{
  "0":-159.96875,
  "1":-175.7265625,
  "2":-159.96875,
  "3":-159.96875,
  "4":-179.96875,
  "5":-179.96875,
  "6":-179.96875,
  "7":-159.96875,
  "8":-159.96875,
  "9":-179.96875,
  "10":-179.96875,
  "11":-179.96875,
  "12":-179.96875,
  "13":-159.96875,
  "14":-159.96875,
  "15":-159.9866333008
 },
 "round":{
  "0":1,
  "1":3,
  "2":4,
  "3":4,
  "4":5,
  "5":6,
  "6":6,
  "7":8,
  "8":8,
  "9":10,
  "10":10,
  "11":11,
  "12":13,
  "13":14,
  "14":19,
  "15":19
 }
}