{
 "tick":{
  "0":9734,
  "1":12358,
  "2":101128,
  "3":102311,
  "4":108877,
  "5":115587,
  "6":146910,
  "7":161342,
  "8":170463,
  "9":173087
 },
 "event":{
  "0":"planted",
  "1":"exploded",
  "2":"planted",
  "3":"defused",
  "4":"planted",
  "5":"planted",
  "6":"planted",
  "7":"planted",
  "8":"planted",
  "9":"exploded"
 },
 "site":{
  "0":"BombsiteA",
  "1":"BombsiteA",
  "2":"BombsiteB",
  "3":"BombsiteB",
  "4":"BombsiteA",
  "5":"BombsiteB",
  "6":"BombsiteA",
  "7":"BombsiteB",
  "8":"BombsiteA",
  "9":"BombsiteA"
 },
 "X":{
  "0":-2486.9685058594,
  "1":-2486.9685058594,
  "2":-1166.2512207031,
  "3":-1135.1007080078,
  "4":-2486.9677734375,
  "5":-1161.2512207031,
  "6":-2585.9873046875,
  "7":-954.4381103516,
  "8":-2516.7111816406,
  "9":-2516.7111816406
 },
 "Y":{
  "0":790.1715698242,
  "1":790.1715698242,
  "2":-82.1469116211,
  "3":-29.5706176758,
  "4":789.7006225586,
  "5":-91.6209716797,
  "6":639.4691162109,
  "7":163.5542907715,
  "8":656.7894287109,
  "9":656.7894287109
 },
 "Z":{
  "0":476.5311889648,
  "1":476.5311889648,
  "2":103.6717453003,
  "3":103.5312423706,
  "4":476.53125,
  "5":103.53125,
  "6":484.0312194824,
  "7":100.03125,
  "8":484.03125,
  "9":484.03125
 },
 "round":{
  "0":1,
  "1":1,
  "2":10,
  "3":10,
  "4":11,
  "5":12,
  "6":16,
  "7":17,
  "8":18,
  "9":18
 }
}