{
 "tick":{
  "0":5999,
  "1":8623,
  "2":22160,
  "3":36850,
  "4":39474,
  "5":70388,
  "6":76477,
  "7":79101,
  "8":99565,
  "9":101025,
  "10":109394,
  "11":111213,
  "12":116532,
  "13":119156,
  "14":124966,
  "15":126225
 },
 "event":{
  "0":"planted",
  "1":"exploded",
  "2":"planted",
  "3":"planted",
  "4":"exploded",
  "5":"planted",
  "6":"planted",
  "7":"exploded",
  "8":"planted",
  "9":"defused",
  "10":"planted",
  "11":"defused",
  "12":"planted",
  "13":"exploded",
  "14":"planted",
  "15":"defused"
 },
 "site":{
  "0":"BombsiteA",
  "1":"BombsiteA",
  "2":"BombsiteA",
  "3":"BombsiteB",
  "4":"BombsiteB",
  "5":"BombsiteA",
  "6":"BombsiteB",
  "7":"BombsiteB",
  "8":"BombsiteA",
  "9":"BombsiteA",
  "10":"BombsiteA",
  "11":"BombsiteA",
  "12":"BombsiteB",
  "13":"BombsiteB",
  "14":"BombsiteB",
  "15":"BombsiteB"
 },
 "X":{
  "0":691.9644775391,
  "1":691.9644775391,
  "2":642.9589233398,
  "3":340.0312805176,
  "4":340.0312805176,
  "5":833.3089599609,
  "6":340.0312805176,
  "7":340.0312805176,
  "8":599.6978149414,
  "9":582.6108398438,
  "10":784.5608520508,
  "11":837.3886108398,
  "12":341.5881958008,
  "13":341.5881958008,
  "14":576.9857177734,
  "15":627.115234375
 },
 "Y":{
  "0":-790.0509643555,
  "1":-790.0509643555,
  "2":-913.2545166016,
  "3":-851.987487793,
  "4":-851.987487793,
  "5":-510.7412109375,
  "6":-863.6734008789,
  "7":-863.6734008789,
  "8":-853.8443603516,
  "9":-799.2965087891,
  "10":-606.0828857422,
  "11":-634.5256347656,
  "12":-695.356628418,
  "13":-695.356628418,
  "14":-1234.2938232422,
  "15":-1265.6721191406
 },
 "Z":{
  "0":-399.96875,
  "1":-399.96875,
  "2":-414.96875,
  "3":-771.96875,
  "4":-771.96875,
  "5":-409.4439697266,
  "6":-771.96875,
  "7":-771.96875,
  "8":-411.6536254883,
  "9":-399.96875,
  "10":-399.9683837891,
  "11":-399.9682617188,
  "12":-765.96875,
  "13":-765.96875,
  "14":-752.96875,
  "15":-769.96875
 },
 "round":{
  "0":1,
  "1":1,
  "2":3,
  "3":5,
  "4":5,
  "5":9,
  "6":10,
  "7":10,
  "8":13,
  "9":13,
  "10":14,
  "11":14,
  "12":15,
  "13":15,
  "14":16,
  "15":16
 }
}