{
 "tick":{
  "0":38905,
  "1":43944,
  "2":62509,
  "3":65133,
  "4":90369,
  "5":135634,
  "6":138258,
  "7":156360,
  "8":157984,
  "9":164529,
  "10":167153,
  "11":176479,
  "12":187639,
  "13":190263,
  "14":199049
 },
 "event":{
  "0":"planted",
  "1":"planted",
  "2":"planted",
  "3":"exploded",
  "4":"planted",
  "5":"planted",
  "6":"exploded",
  "7":"planted",
  "8":"defused",
  "9":"planted",
  "10":"exploded",
  "11":"planted",
  "12":"planted",
  "13":"exploded",
  "14":"planted"
 },
 "site":{
  "0":"BombsiteA",
  "1":"BombsiteB",
  "2":"BombsiteA",
  "3":"BombsiteA",
  "4":"BombsiteA",
  "5":"BombsiteB",
  "6":"BombsiteB",
  "7":"BombsiteB",
  "8":"BombsiteB",
  "9":"BombsiteB",
  "10":"BombsiteB",
  "11":"BombsiteB",
  "12":"BombsiteB",
  "13":"BombsiteB",
  "14":"BombsiteB"
 },
 "X":{
  "0":822.5914306641,
  "1":340.0292053223,
  "2":764.6016845703,
  "3":764.6016845703,
  "4":527.0568237305,
  "5":340.0313720703,
  "6":340.0313720703,
  "7":434.938293457,
  "8":490.9931030273,
  "9":341.5245666504,
  "10":341.5245666504,
  "11":340.0669555664,
  "12":567.5818481445,
  "13":567.5818481445,
  "14":720.4339599609
 },
 "Y":{
  "0":-504.2980957031,
  "1":-700.2578125,
  "2":-605.9686279297,
  "3":-605.9686279297,
  "4":-929.4410400391,
  "5":-712.473449707,
  "6":-712.473449707,
  "7":-702.5364990234,
  "8":-720.3942871094,
  "9":-717.2393188477,
  "10":-717.2393188477,
  "11":-710.7304077148,
  "12":-1220.9637451172,
  "13":-1220.9637451172,
  "14":-1124.5405273438
 },
 "Z":{
  "0":-410.9992675781,
  "1":-765.96875,
  "2":-399.9682617188,
  "3":-399.9682617188,
  "4":-409.4885253906,
  "5":-765.96875,
  "6":-765.96875,
  "7":-765.96875,
  "8":-771.96875,
  "9":-765.96875,
  "10":-765.96875,
  "11":-765.96875,
  "12":-752.84375,
  "13":-752.84375,
  "14":-768.96875
 },
 "round":{
  "0":5,
  "1":6,
  "2":8,
  "3":8,
  "4":11,
  "5":16,
  "6":16,
  "7":18,
  "8":18,
  "9":19,
  "10":19,
  "11":21,
  "12":22,
  "13":22,
  "14":23
 }
}