{
 "tick":{
  "0":55858,
  "1":60352,
  "2":69042,
  "3":75319,
  "4":77943,
  "5":115710,
  "6":118334,
  "7":122508,
  "8":128567,
  "9":138352,
  "10":140121,
  "11":151124,
  "12":153748,
  "13":168726
 },
 "event":{
  "0":"planted",
  "1":"planted",
  "2":"planted",
  "3":"planted",
  "4":"exploded",
  "5":"planted",
  "6":"exploded",
  "7":"planted",
  "8":"planted",
  "9":"planted",
  "10":"defused",
  "11":"planted",
  "12":"exploded",
  "13":"planted"
 },
 "site":{
  "0":"BombsiteA",
  "1":"BombsiteB",
  "2":"BombsiteA",
  "3":"BombsiteA",
  "4":"BombsiteA",
  "5":"BombsiteA",
  "6":"BombsiteA",
  "7":"BombsiteA",
  "8":"BombsiteB",
  "9":"BombsiteB",
  "10":"BombsiteB",
  "11":"BombsiteA",
  "12":"BombsiteA",
  "13":"BombsiteB"
 },
 "X":{
  "0":-354.5871582031,
  "1":-2216.03125,
  "2":-347.0308837891,
  "3":-358.9486083984,
  "4":-358.9486083984,
  "5":-311.8771362305,
  "6":-311.8771362305,
  "7":-348.3610839844,
  "8":-2254.189453125,
  "9":-2146.0278320312,
  "10":-2167.9526367188,
  "11":-227.4387207031,
  "12":-227.4387207031,
  "13":-2216.03125
 },
 "Y":{
  "0":-696.080871582,
  "1":874.4099731445,
  "2":-682.8165893555,
  "3":-685.4668579102,
  "4":-685.4668579102,
  "5":-713.0313720703,
  "6":-713.0313720703,
  "7":-683.1122436523,
  "8":672.8912963867,
  "9":750.5637817383,
  "10":693.4926757812,
  "11":-690.9081420898,
  "12":-690.9081420898,
  "13":872.5592651367
 },
 "Z":{
  "0":11775.7919921875,
  "1":11744.03125,
  "2":11774.1337890625,
  "3":11774.46484375,
  "4":11774.46484375,
  "5":11776.03125,
  "6":11776.03125,
  "7":11774.1708984375,
  "8":11744.03125,
  "9":11744.03125,
  "10":11744.03125,
  "11":11775.14453125,
  "12":11775.14453125,
  "13":11744.03125
 },
 "round":{
  "0":8,
  "1":9,
  "2":10,
  "3":11,
  "4":11,
  "5":15,
  "6":15,
  "7":16,
  "8":17,
  "9":18,
  "10":18,
  "11":19,
  "12":19,
  "13":21
 }
}