{
 "tick":{
  "0":3128,
  "1":5531,
  "2":11658,
  "3":20599,
  "4":23470,
  "5":26094,
  "6":50222,
  "7":52059,
  "8":64542,
  "9":67166,
  "10":75231,
  "11":103290,
  "12":115516,
  "13":151855,
  "14":161260,
  "15":166743
 },
 "event":{
  "0":"planted",
  "1":"defused",
  "2":"planted",
  "3":"planted",
  "4":"planted",
  "5":"exploded",
  "6":"planted",
  "7":"defused",
  "8":"planted",
  "9":"exploded",
  "10":"planted",
  "11":"planted",
  "12":"planted",
  "13":"planted",
  "14":"planted",
  "15":"planted"
 },
 "site":{
  "0":"BombsiteA",
  "1":"BombsiteA",
  "2":"BombsiteB",
  "3":"BombsiteA",
  "4":"BombsiteB",
  "5":"BombsiteB",
  "6":"BombsiteA",
  "7":"BombsiteA",
  "8":"BombsiteA",
  "9":"BombsiteA",
  "10":"BombsiteB",
  "11":"BombsiteA",
  "12":"BombsiteA",
  "13":"BombsiteA",
  "14":"BombsiteB",
  "15":"BombsiteA"
 },
 "X":{
  "0":1088.6984863281,
  "1":1095.2368164062,
  "2":-1367.2933349609,
  "3":1088.5777587891,
  "4":-1503.3336181641,
  "5":-1503.3336181641,
  "6":1088.9943847656,
  "7":1101.0313720703,
  "8":1091.2917480469,
  "9":1091.2917480469,
  "10":-1366.0313720703,
  "11":1235.96875,
  "12":1210.3531494141,
  "13":1225.2462158203,
  "14":-1366.0313720703,
  "15":1099.8343505859
 },
 "Y":{
  "0":2485.3325195312,
  "1":2428.16015625,
  "2":2565.9692382812,
  "3":2484.3686523438,
  "4":2511.5356445312,
  "5":2511.5356445312,
  "6":2487.701171875,
  "7":2547.4104003906,
  "8":2500.7915039062,
  "9":2500.7915039062,
  "10":2556.0073242188,
  "11":2348.03125,
  "12":2348.03125,
  "13":2561.03125,
  "14":2565.0061035156,
  "15":2537.8088378906
 },
 "Z":{
  "0":96.0601654053,
  "1":96.1748886108,
  "2":4.5693216324,
  "3":96.0602874756,
  "4":0.8609166145,
  "5":0.8609166145,
  "6":96.0598526001,
  "7":96.03125,
  "8":96.0574188232,
  "9":96.0574188232,
  "10":4.776901722,
  "11":99.7198104858,
  "12":99.5131378174,
  "13":98.938583374,
  "14":4.6506733894,
  "15":96.03125
 },
 "round":{
  "0":1,
  "1":1,
  "2":2,
  "3":3,
  "4":4,
  "5":4,
  "6":7,
  "7":7,
  "8":9,
  "9":9,
  "10":10,
  "11":13,
  "12":15,
  "13":20,
  "14":21,
  "15":22
 }
}