{
 "tick":{
  "0":2736,
  "1":16381,
  "2":33313,
  "3":60998,
  "4":63622,
  "5":92457,
  "6":94069,
  "7":99719,
  "8":102343,
  "9":107470,
  "10":110094,
  "11":114472,
  "12":117096,
  "13":125870,
  "14":128042,
  "15":134616,
  "16":137240,
  "17":146594,
  "18":155553
 },
 "event":{
  "0":"planted",
  "1":"planted",
  "2":"planted",
  "3":"planted",
  "4":"exploded",
  "5":"planted",
  "6":"defused",
  "7":"planted",
  "8":"exploded",
  "9":"planted",
  "10":"exploded",
  "11":"planted",
  "12":"exploded",
  "13":"planted",
  "14":"defused",
  "15":"planted",
  "16":"exploded",
  "17":"planted",
  "18":"planted"
 },
 "site":{
  "0":"BombsiteB",
  "1":"BombsiteB",
  "2":"BombsiteB",
  "3":"BombsiteB",
  "4":"BombsiteB",
  "5":"BombsiteB",
  "6":"BombsiteB",
  "7":"BombsiteA",
  "8":"BombsiteA",
  "9":"BombsiteA",
  "10":"BombsiteA",
  "11":"BombsiteB",
  "12":"BombsiteB",
  "13":"BombsiteB",
  "14":"BombsiteB",
  "15":"BombsiteA",
  "16":"BombsiteA",
  "17":"BombsiteA",
  "18":"BombsiteB"
 },
 "X":{
  "0":-1029.0611572266,
  "1":-1238.0560302734,
  "2":-999.0865478516,
  "3":-1136.03125,
  "4":-1136.03125,
  "5":-1064.1394042969,
  "6":-1099.9445800781,
  "7":1511.9721679688,
  "8":1511.9721679688,
  "9":1511.9703369141,
  "10":1511.9703369141,
  "11":-1059.2967529297,
  "12":-1059.2967529297,
  "13":-1136.0313720703,
  "14":-1145.8217773438,
  "15":1279.4831542969,
  "16":1279.4831542969,
  "17":1511.9711914062,
  "18":-1066.5942382812
 },
 "Y":{
  "0":599.9700927734,
  "1":517.9440917969,
  "2":576.3487548828,
  "3":699.96875,
  "4":699.96875,
  "5":599.9686889648,
  "6":549.8420410156,
  "7":2177.6127929688,
  "8":2177.6127929688,
  "9":2187.1762695312,
  "10":2187.1762695312,
  "11":599.9724121094,
  "12":599.9724121094,
  "13":687.002746582,
  "14":626.0072021484,
  "15":1945.1052246094,
  "16":1945.1052246094,
  "17":2182.2670898438,
  "18":776.919128418
 },
 "Z":{
  "0":-1.96875,
  "1":0.03125,
  "2":-3.96875,
  "3":-1.96875,
  "4":-1.96875,
  "5":-1.96875,
  "6":0.0312485695,
  "7":-182.8872680664,
  "8":-182.8872680664,
  "9":-176.5115966797,
  "10":-176.5115966797,
  "11":-1.96875,
  "12":-1.96875,
  "13":-1.96875,
  "14":-3.96875,
  "15":-183.6040649414,
  "16":-183.6040649414,
  "17":-179.784362793,
  "18":-1.96875
 },
 "round":{
  "0":1,
  "1":3,
  "2":5,
  "3":9,
  "4":9,
  "5":13,
  "6":13,
  "7":14,
  "8":14,
  "9":15,
  "10":15,
  "11":16,
  "12":16,
  "13":17,
  "14":17,
  "15":18,
  "16":18,
  "17":19,
  "18":20
 }
}