{
 "tick":{
  "0":3366,
  "1":3802,
  "2":25330,
  "3":54376,
  "4":56054,
  "5":62228,
  "6":64275,
  "7":90441,
  "8":91949,
  "9":95877,
  "10":98501,
  "11":104227,
  "12":106851,
  "13":110446
 },
 "event":{
  "0":"planted",
  "1":"defused",
  "2":"planted",
  "3":"planted",
  "4":"defused",
  "5":"planted",
  "6":"defused",
  "7":"planted",
  "8":"defused",
  "9":"planted",
  "10":"exploded",
  "11":"planted",
  "12":"exploded",
  "13":"planted"
 },
 "site":{
  "0":"BombsiteA",
  "1":"BombsiteA",
  "2":"BombsiteA",
  "3":"BombsiteB",
  "4":"BombsiteB",
  "5":"BombsiteB",
  "6":"BombsiteB",
  "7":"BombsiteA",
  "8":"BombsiteA",
  "9":"BombsiteB",
  "10":"BombsiteB",
  "11":"BombsiteA",
  "12":"BombsiteA",
  "13":"BombsiteA"
 },
 "X":{
  "0":-362.5239257812,
  "1":-419.8531494141,
  "2":-286.3234863281,
  "3":-2311.576171875,
  "4":-2279.1352539062,
  "5":-2146.02734375,
  "6":-2174.9680175781,
  "7":-391.9968261719,
  "8":-408.9409179688,
  "9":-2216.03125,
  "10":-2216.03125,
  "11":-359.1884155273,
  "12":-359.1884155273,
  "13":-347.03125
 },
 "Y":{
  "0":-686.2597045898,
  "1":-700.2767944336,
  "2":-527.0347290039,
  "3":869.3314208984,
  "4":895.293762207,
  "5":653.028503418,
  "6":706.2904052734,
  "7":-513.817565918,
  "8":-455.9587402344,
  "9":870.9868164062,
  "10":870.9868164062,
  "11":-685.5184936523,
  "12":-685.5184936523,
  "13":-682.8167114258
 },
 "Z":{
  "0":11774.5634765625,
  "1":11776.03125,
  "2":11776.03125,
  "3":11744.03125,
  "4":11744.03125,
  "5":11744.03125,
  "6":11744.03125,
  "7":11776.03125,
  "8":11776.03125,
  "9":11744.03125,
  "10":11744.03125,
  "11":11774.4716796875,
  "12":11774.4716796875,
  "13":11774.1337890625
 },
 "round":{
  "0":1,
  "1":1,
  "2":4,
  "3":8,
  "4":8,
  "5":9,
  "6":9,
  "7":13,
  "8":13,
  "9":14,
  "10":14,
  "11":15,
  "12":15,
  "13":16
 }
}