{
 "tick":{
  "0":10713,
  "1":13337,
  "2":21726,
  "3":24350,
  "4":32149,
  "5":33353,
  "6":37305,
  "7":39929,
  "8":44084,
  "9":45084,
  "10":79628,
  "11":88507,
  "12":91131,
  "13":98378,
  "14":101002,
  "15":109307,
  "16":110345,
  "17":119350,
  "18":121974,
  "19":130343
 },
 "event":{
  "0":"planted",
  "1":"exploded",
  "2":"planted",
  "3":"exploded",
  "4":"planted",
  "5":"defused",
  "6":"planted",
  "7":"exploded",
  "8":"planted",
  "9":"defused",
  "10":"planted",
  "11":"planted",
  "12":"exploded",
  "13":"planted",
  "14":"exploded",
  "15":"planted",
  "16":"defused",
  "17":"planted",
  "18":"exploded",
  "19":"planted"
 },
 "site":{
  "0":"BombsiteB",
  "1":"BombsiteB",
  "2":"BombsiteA",
  "3":"BombsiteA",
  "4":"BombsiteA",
  "5":"BombsiteA",
  "6":"BombsiteB",
  "7":"BombsiteB",
  "8":"BombsiteA",
  "9":"BombsiteA",
  "10":"BombsiteB",
  "11":"BombsiteB",
  "12":"BombsiteB",
  "13":"BombsiteA",
  "14":"BombsiteA",
  "15":"BombsiteA",
  "16":"BombsiteA",
  "17":"BombsiteA",
  "18":"BombsiteA",
  "19":"BombsiteB"
 },
 "X":{
  "0":869.0313110352,
  "1":869.0313110352,
  "2":-1259.3447265625,
  "3":-1259.3447265625,
  "4":-1573.9884033203,
  "5":-1632.6850585938,
  "6":869.0322875977,
  "7":869.0322875977,
  "8":-1565.7724609375,
  "9":-1507.9165039062,
  "10":839.4400024414,
  "11":869.029296875,
  "12":869.029296875,
  "13":-1229.1778564453,
  "14":-1229.1778564453,
  "15":-1241.3830566406,
  "16":-1179.9967041016,
  "17":-1295.4237060547,
  "18":-1295.4237060547,
  "19":794.4514160156
 },
 "Y":{
  "0":82.96875,
  "1":82.96875,
  "2":727.1361083984,
  "3":727.1361083984,
  "4":697.2805786133,
  "5":698.1155395508,
  "6":53.6164665222,
  "7":53.6164665222,
  "8":701.7932739258,
  "9":718.5860595703,
  "10":-0.4906616211,
  "11":77.4973297119,
  "12":77.4973297119,
  "13":729.9688720703,
  "14":729.9688720703,
  "15":729.9722290039,
  "16":723.1950073242,
  "17":969.9686279297,
  "18":969.9686279297,
  "19":4.9682631493
 },
 "Z":{
  "0":130.9011077881,
  "1":130.9011077881,
  "2":56.0312538147,
  "3":56.0312538147,
  "4":56.03125,
  "5":52.0312461853,
  "6":130.9011077881,
  "7":130.9011077881,
  "8":56.03125,
  "9":56.03125,
  "10":130.9011230469,
  "11":130.9011077881,
  "12":130.9011077881,
  "13":56.03125,
  "14":56.03125,
  "15":56.03125,
  "16":52.336265564,
  "17":56.0312461853,
  "18":56.0312461853,
  "19":130.9011230469
 },
 "round":{
  "0":3,
  "1":3,
  "2":4,
  "3":4,
  "4":5,
  "5":5,
  "6":6,
  "7":6,
  "8":7,
  "9":7,
  "10":12,
  "11":13,
  "12":13,
  "13":15,
  "14":15,
  "15":16,
  "16":16,
  "17":17,
  "18":17,
  "19":18
 }
}