{
 "tick":{
  "0":10368,
  "1":12992,
  "2":29154,
  "3":48472,
  "4":57839,
  "5":65929,
  "6":68553,
  "7":77770,
  "8":95789,
  "9":103489
 },
 "event":{
  "0":"planted",
  "1":"exploded",
  "2":"planted",
  "3":"planted",
  "4":"planted",
  "5":"planted",
  "6":"exploded",
  "7":"planted",
  "8":"planted",
  "9":"planted"
 },
 "site":{
  "0":"BombsiteA",
  "1":"BombsiteA",
  "2":"BombsiteA",
  "3":"BombsiteA",
  "4":"BombsiteA",
  "5":"BombsiteB",
  "6":"BombsiteB",
  "7":"BombsiteA",
  "8":"BombsiteA",
  "9":"BombsiteB"
 },
 "X":{
  "0":648.7424316406,
  "1":648.7424316406,
  "2":767.916015625,
  "3":850.0316162109,
  "4":716.278503418,
  "5":341.6296386719,
  "6":341.6296386719,
  "7":731.8364868164,
  "8":850.4749145508,
  "9":634.8201904297
 },
 "Y":{
  "0":-812.7866210938,
  "1":-812.7866210938,
  "2":-605.3426513672,
  "3":-694.0724487305,
  "4":-788.7367553711,
  "5":-707.8257446289,
  "6":-707.8257446289,
  "7":-932.5787963867,
  "8":-682.7673950195,
  "9":-1256.03125
 },
 "Z":{
  "0":-415.96875,
  "1":-415.96875,
  "2":-399.9683227539,
  "3":-399.9682617188,
  "4":-399.9683837891,
  "5":-765.96875,
  "6":-765.96875,
  "7":-410.2453613281,
  "8":-399.9682617188,
  "9":-768.84375
 },
 "round":{
  "0":2,
  "1":2,
  "2":5,
  "3":8,
  "4":9,
  "5":10,
  "6":10,
  "7":12,
  "8":13,
  "9":14
 }
}