{
 "tick":{
  "0":9260,
  "1":10196,
  "2":27668,
  "3":29246,
  "4":49359,
  "5":84753,
  "6":85141,
  "7":96857,
  "8":100605
 },
 "event":{
  "0":"planted",
  "1":"defused",
  "2":"planted",
  "3":"defused",
  "4":"planted",
  "5":"planted",
  "6":"defused",
  "7":"planted",
  "8":"planted"
 },
 "site":{
  "0":"BombsiteB",
  "1":"BombsiteB",
  "2":"BombsiteA",
  "3":"BombsiteA",
  "4":"BombsiteA",
  "5":"BombsiteA",
  "6":"BombsiteA",
  "7":"BombsiteA",
  "8":"BombsiteB"
 },
 "X":{
  "0":628.5203857422,
  "1":690.2216796875,
  "2":731.9966430664,
  "3":775.0762939453,
  "4":715.3332519531,
  "5":775.2862548828,
  "6":832.8836669922,
  "7":722.1635131836,
  "8":340.0313110352
 },
 "Y":{
  "0":-1263.7960205078,
  "1":-1261.3089599609,
  "2":-774.7388305664,
  "3":-783.3332519531,
  "4":-616.9502563477,
  "5":-605.9684448242,
  "6":-628.5888061523,
  "7":-585.3516845703,
  "8":-700.2659912109
 },
 "Z":{
  "0":-769.9686889648,
  "1":-769.96875,
  "2":-399.9682617188,
  "3":-399.9682617188,
  "4":-399.9683837891,
  "5":-399.9683227539,
  "6":-399.9682617188,
  "7":-399.9682617188,
  "8":-765.96875
 },
 "round":{
  "0":1,
  "1":1,
  "2":4,
  "3":4,
  "4":7,
  "5":11,
  "6":11,
  "7":13,
  "8":14
 }
}