{
 "tick":{
  "0":18659,
  "1":20465,
  "2":27135,
  "3":29759,
  "4":38022,
  "5":75322,
  "6":77946,
  "7":204204,
  "8":206828,
  "9":214414,
  "10":215412,
  "11":232597,
  "12":233993,
  "13":241682,
  "14":264001,
  "15":277393,
  "16":280017,
  "17":288072,
  "18":290696,
  "19":299729,
  "20":318941
 },
 "event":{
  "0":"planted",
  "1":"defused",
  "2":"planted",
  "3":"exploded",
  "4":"planted",
  "5":"planted",
  "6":"exploded",
  "7":"planted",
  "8":"exploded",
  "9":"planted",
  "10":"defused",
  "11":"planted",
  "12":"defused",
  "13":"planted",
  "14":"planted",
  "15":"planted",
  "16":"exploded",
  "17":"planted",
  "18":"exploded",
  "19":"planted",
  "20":"planted"
 },
 "site":{
  "0":"BombsiteB",
  "1":"BombsiteB",
  "2":"BombsiteA",
  "3":"BombsiteA",
  "4":"BombsiteB",
  "5":"BombsiteA",
  "6":"BombsiteA",
  "7":"BombsiteA",
  "8":"BombsiteA",
  "9":"BombsiteA",
  "10":"BombsiteA",
  "11":"BombsiteA",
  "12":"BombsiteA",
  "13":"BombsiteA",
  "14":"BombsiteA",
  "15":"BombsiteB",
  "16":"BombsiteB",
  "17":"BombsiteB",
  "18":"BombsiteB",
  "19":"BombsiteA",
  "20":"BombsiteA"
 },
 "X":{
  "0":569.2310791016,
  "1":554.7806396484,
  "2":1966.0313720703,
  "3":1966.0313720703,
  "4":529.8671875,
  "5":1955.4517822266,
  "6":1955.4517822266,
  "7":1973.1859130859,
  "8":1973.1859130859,
  "9":2085.5026855469,
  "10":2138.578125,
  "11":1982.234375,
  "12":2040.2354736328,
  "13":2080.3305664062,
  "14":1950.5054931641,
  "15":176.4687194824,
  "16":176.4687194824,
  "17":545.6810913086,
  "18":545.6810913086,
  "19":1898.2094726562,
  "20":2099.8547363281
 },
 "Y":{
  "0":2873.326171875,
  "1":2860.0336914062,
  "2":715.2883300781,
  "3":715.2883300781,
  "4":2992.3178710938,
  "5":696.9683837891,
  "6":696.9683837891,
  "7":721.9686889648,
  "8":721.9686889648,
  "9":182.3249053955,
  "10":151.0323181152,
  "11":502.4416503906,
  "12":523.0596313477,
  "13":173.3252410889,
  "14":696.9683837891,
  "15":2782.1862792969,
  "16":2782.1862792969,
  "17":2940.2338867188,
  "18":2940.2338867188,
  "19":324.1556396484,
  "20":180.9881286621
 },
 "Z":{
  "0":168.0312347412,
  "1":161.5312652588,
  "2":160.03125,
  "3":160.03125,
  "4":161.5312347412,
  "5":160.03125,
  "6":160.03125,
  "7":160.03125,
  "8":160.03125,
  "9":160.03125,
  "10":160.03125,
  "11":160.03125,
  "12":160.03125,
  "13":160.03125,
  "14":160.03125,
  "15":164.03125,
  "16":164.03125,
  "17":161.5312347412,
  "18":161.5312347412,
  "19":161.03125,
  "20":160.03125
 },
 "round":{
  "0":4,
  "1":4,
  "2":5,
  "3":5,
  "4":6,
  "5":7,
  "6":7,
  "7":8,
  "8":8,
  "9":9,
  "10":9,
  "11":11,
  "12":11,
  "13":12,
  "14":13,
  "15":15,
  "16":15,
  "17":16,
  "18":16,
  "19":17,
  "20":19
 }
}