{
 "tick":{
  "0":2739,
  "1":6893,
  "2":9517,
  "3":16251,
  "4":18875,
  "5":42124,
  "6":44496,
  "7":51780,
  "8":52968,
  "9":61650,
  "10":64274,
  "11":76402,
  "12":78417,
  "13":84578,
  "14":86563,
  "15":100742,
  "16":113012,
  "17":115636,
  "18":120385,
  "19":123009,
  "20":126567
 },
 "event":{
  "0":"planted",
  "1":"planted",
  "2":"exploded",
  "3":"planted",
  "4":"exploded",
  "5":"planted",
  "6":"defused",
  "7":"planted",
  "8":"defused",
  "9":"planted",
  "10":"exploded",
  "11":"planted",
  "12":"defused",
  "13":"planted",
  "14":"defused",
  "15":"planted",
  "16":"planted",
  "17":"exploded",
  "18":"planted",
  "19":"exploded",
  "20":"planted"
 },
 "site":{
  "0":"BombsiteB",
  "1":"BombsiteB",
  "2":"BombsiteB",
  "3":"BombsiteB",
  "4":"BombsiteB",
  "5":"BombsiteB",
  "6":"BombsiteB",
  "7":"BombsiteB",
  "8":"BombsiteB",
  "9":"BombsiteB",
  "10":"BombsiteB",
  "11":"BombsiteA",
  "12":"BombsiteA",
  "13":"BombsiteB",
  "14":"BombsiteB",
  "15":"BombsiteA",
  "16":"BombsiteA",
  "17":"BombsiteA",
  "18":"BombsiteA",
  "19":"BombsiteA",
  "20":"BombsiteB"
 },
 "X":{
  "0":797.2456054688,
  "1":896.5313720703,
  "2":896.5313720703,
  "3":806.4569091797,
  "4":806.4569091797,
  "5":869.0313720703,
  "6":910.3883666992,
  "7":791.5913696289,
  "8":827.6573486328,
  "9":801.6038208008,
  "10":801.6038208008,
  "11":-1543.8347167969,
  "12":-1575.4641113281,
  "13":1095.2075195312,
  "14":1048.3703613281,
  "15":-1568.0678710938,
  "16":-1245.1866455078,
  "17":-1245.1866455078,
  "18":-1565.5622558594,
  "19":-1565.5622558594,
  "20":869.0315551758
 },
 "Y":{
  "0":4.9677624702,
  "1":102.971031189,
  "2":102.971031189,
  "3":4.9701251984,
  "4":4.9701251984,
  "5":82.96875,
  "6":101.3837051392,
  "7":4.9686484337,
  "8":-19.030456543,
  "9":4.9684472084,
  "10":4.9684472084,
  "11":827.4599609375,
  "12":877.0658569336,
  "13":-31.0369873047,
  "14":8.6556816101,
  "15":704.3242797852,
  "16":729.9686889648,
  "17":729.9686889648,
  "18":699.4400634766,
  "19":699.4400634766,
  "20":76.1957702637
 },
 "Z":{
  "0":130.9011230469,
  "1":130.03125,
  "2":130.03125,
  "3":130.9011230469,
  "4":130.9011230469,
  "5":130.9011077881,
  "6":130.03125,
  "7":130.9011230469,
  "8":130.9011077881,
  "9":130.9011230469,
  "10":130.9011230469,
  "11":54.9523735046,
  "12":56.03125,
  "13":134.03125,
  "14":130.03125,
  "15":56.03125,
  "16":56.03125,
  "17":56.03125,
  "18":56.03125,
  "19":56.03125,
  "20":130.9011077881
 },
 "round":{
  "0":1,
  "1":2,
  "2":2,
  "3":3,
  "4":3,
  "5":6,
  "6":6,
  "7":7,
  "8":7,
  "9":8,
  "10":8,
  "11":10,
  "12":10,
  "13":11,
  "14":11,
  "15":13,
  "16":15,
  "17":15,
  "18":16,
  "19":16,
  "20":17
 }
}