{
 "tick":{
  "0":6729,
  "1":25594,
  "2":28218,
  "3":34502,
  "4":37126,
  "5":69201,
  "6":71825,
  "7":79817,
  "8":104044,
  "9":106668,
  "10":119183,
  "11":121437,
  "12":125455,
  "13":128079,
  "14":135954,
  "15":138578,
  "16":149315,
  "17":159542
 },
 "event":{
  "0":"planted",
  "1":"planted",
  "2":"exploded",
  "3":"planted",
  "4":"exploded",
  "5":"planted",
  "6":"exploded",
  "7":"planted",
  "8":"planted",
  "9":"exploded",
  "10":"planted",
  "11":"defused",
  "12":"planted",
  "13":"exploded",
  "14":"planted",
  "15":"exploded",
  "16":"planted",
  "17":"planted"
 },
 "site":{
  "0":"BombsiteB",
  "1":"BombsiteB",
  "2":"BombsiteB",
  "3":"BombsiteB",
  "4":"BombsiteB",
  "5":"BombsiteA",
  "6":"BombsiteA",
  "7":"BombsiteB",
  "8":"BombsiteB",
  "9":"BombsiteB",
  "10":"BombsiteB",
  "11":"BombsiteB",
  "12":"BombsiteB",
  "13":"BombsiteB",
  "14":"BombsiteA",
  "15":"BombsiteA",
  "16":"BombsiteB",
  "17":"BombsiteA"
 },
 "X":{
  "0":-1136.0307617188,
  "1":-1062.0269775391,
  "2":-1062.0269775391,
  "3":-1056.7772216797,
  "4":-1056.7772216797,
  "5":1436.1217041016,
  "6":1436.1217041016,
  "7":-1219.5993652344,
  "8":-1068.9544677734,
  "9":-1068.9544677734,
  "10":-1043.765625,
  "11":-984.2081298828,
  "12":-1136.03125,
  "13":-1136.03125,
  "14":1281.7125244141,
  "15":1281.7125244141,
  "16":-1136.0310058594,
  "17":1511.4271240234
 },
 "Y":{
  "0":699.8731689453,
  "1":599.9686279297,
  "2":599.9686279297,
  "3":599.9684448242,
  "4":599.9684448242,
  "5":2096.4829101562,
  "6":2096.4829101562,
  "7":503.4154663086,
  "8":599.9682617188,
  "9":599.9682617188,
  "10":599.9686279297,
  "11":587.6596069336,
  "12":699.9686889648,
  "13":699.9686889648,
  "14":1938.4110107422,
  "15":1938.4110107422,
  "16":699.96875,
  "17":2163.5690917969
 },
 "Z":{
  "0":-1.96875,
  "1":-1.96875,
  "2":-1.96875,
  "3":-1.96875,
  "4":-1.96875,
  "5":-191.96875,
  "6":-191.96875,
  "7":0.0312509537,
  "8":-1.96875,
  "9":-1.96875,
  "10":-1.96875,
  "11":-3.96875,
  "12":-1.96875,
  "13":-1.96875,
  "14":-191.96875,
  "15":-191.96875,
  "16":-1.96875,
  "17":-191.96875
 },
 "round":{
  "0":2,
  "1":5,
  "2":5,
  "3":6,
  "4":6,
  "5":10,
  "6":10,
  "7":11,
  "8":14,
  "9":14,
  "10":16,
  "11":16,
  "12":17,
  "13":17,
  "14":18,
  "15":18,
  "16":20,
  "17":21
 }
}