{
 "tick":{
  "0":2756,
  "1":4403,
  "2":48195,
  "3":61697,
  "4":69448,
  "5":72072,
  "6":80062,
  "7":95136,
  "8":96314,
  "9":104785,
  "10":107409,
  "11":117862,
  "12":126378,
  "13":129002,
  "14":137163,
  "15":148076,
  "16":150700,
  "17":159549,
  "18":162173
 },
 "event":{
  "0":"planted",
  "1":"defused",
  "2":"planted",
  "3":"planted",
  "4":"planted",
  "5":"exploded",
  "6":"planted",
  "7":"planted",
  "8":"defused",
  "9":"planted",
  "10":"exploded",
  "11":"planted",
  "12":"planted",
  "13":"exploded",
  "14":"planted",
  "15":"planted",
  "16":"exploded",
  "17":"planted",
  "18":"exploded"
 },
 "site":{
  "0":"BombsiteA",
  "1":"BombsiteA",
  "2":"BombsiteA",
  "3":"BombsiteB",
  "4":"BombsiteA",
  "5":"BombsiteA",
  "6":"BombsiteA",
  "7":"BombsiteA",
  "8":"BombsiteA",
  "9":"BombsiteA",
  "10":"BombsiteA",
  "11":"BombsiteA",
  "12":"BombsiteB",
  "13":"BombsiteB",
  "14":"BombsiteB",
  "15":"BombsiteA",
  "16":"BombsiteA",
  "17":"BombsiteB",
  "18":"BombsiteB"
 },
 "X":{
  "0":-2143.8823242188,
  "1":-2205.2634277344,
  "2":-2496.1237792969,
  "3":-1165.7307128906,
  "4":-2573.2800292969,
  "5":-2573.2800292969,
  "6":-2115.2329101562,
  "7":-2574.818359375,
  "8":-2531.990234375,
  "9":-2256.4860839844,
  "10":-2256.4860839844,
  "11":-2564.3427734375,
  "12":-1166.1643066406,
  "13":-1166.1643066406,
  "14":-1030.0340576172,
  "15":-2574.5993652344,
  "16":-2574.5993652344,
  "17":-1166.3195800781,
  "18":-1166.3195800781
 },
 "Y":{
  "0":572.9611816406,
  "1":578.3903198242,
  "2":643.5676269531,
  "3":-66.3707275391,
  "4":641.4232788086,
  "5":641.4232788086,
  "6":587.4875488281,
  "7":627.9017944336,
  "8":584.9512939453,
  "9":789.5416259766,
  "10":789.5416259766,
  "11":642.9141235352,
  "12":-74.0712280273,
  "13":-74.0712280273,
  "14":-91.2631225586,
  "15":618.9764404297,
  "16":618.9764404297,
  "17":-77.4012451172,
  "18":-77.4012451172
 },
 "Z":{
  "0":522.1926879883,
  "1":476.5312194824,
  "2":484.0312194824,
  "3":103.5312576294,
  "4":484.03125,
  "5":484.03125,
  "6":522.2520751953,
  "7":484.03125,
  "8":484.03125,
  "9":476.03125,
  "10":476.03125,
  "11":484.03125,
  "12":103.5312576294,
  "13":103.5312576294,
  "14":103.53125,
  "15":484.03125,
  "16":484.03125,
  "17":104.0757064819,
  "18":104.0757064819
 },
 "round":{
  "0":1,
  "1":1,
  "2":6,
  "3":8,
  "4":9,
  "5":9,
  "6":10,
  "7":12,
  "8":12,
  "9":13,
  "10":13,
  "11":14,
  "12":15,
  "13":15,
  "14":16,
  "15":17,
  "16":17,
  "17":18,
  "18":18
 }
}