{
 "tick":{
  "0":30734,
  "1":46032,
  "2":48165,
  "3":97716,
  "4":99561,
  "5":115969,
  "6":138946,
  "7":141570,
  "8":154031,
  "9":156655,
  "10":163373,
  "11":165997,
  "12":174253,
  "13":176644,
  "14":189367
 },
 "event":{
  "0":"planted",
  "1":"planted",
  "2":"defused",
  "3":"planted",
  "4":"defused",
  "5":"planted",
  "6":"planted",
  "7":"exploded",
  "8":"planted",
  "9":"exploded",
  "10":"planted",
  "11":"exploded",
  "12":"planted",
  "13":"defused",
  "14":"planted"
 },
 "site":{
  "0":"BombsiteB",
  "1":"BombsiteA",
  "2":"BombsiteA",
  "3":"BombsiteA",
  "4":"BombsiteA",
  "5":"BombsiteB",
  "6":"BombsiteB",
  "7":"BombsiteB",
  "8":"BombsiteB",
  "9":"BombsiteB",
  "10":"BombsiteA",
  "11":"BombsiteA",
  "12":"BombsiteA",
  "13":"BombsiteA",
  "14":"BombsiteB"
 },
 "X":{
  "0":-1987.0347900391,
  "1":-255.3381347656,
  "2":-197.9337158203,
  "3":-554.9686279297,
  "4":-592.5219726562,
  "5":-1987.0317382812,
  "6":-1894.8784179688,
  "7":-1894.8784179688,
  "8":-1888.2568359375,
  "9":-1888.2568359375,
  "10":-264.9073486328,
  "11":-264.9073486328,
  "12":-270.2365722656,
  "13":-310.0729980469,
  "14":-1969.03125
 },
 "Y":{
  "0":439.4147033691,
  "1":-2151.3872070312,
  "2":-2128.8120117188,
  "3":-2103.6931152344,
  "4":-2149.5969238281,
  "5":396.8098144531,
  "6":251.1828308105,
  "7":251.1828308105,
  "8":270.9882202148,
  "9":270.9882202148,
  "10":-2209.134765625,
  "11":-2209.134765625,
  "12":-2155.3352050781,
  "13":-2198.7275390625,
  "14":450.03125
 },
 "Z":{
  "0":-159.96875,
  "1":-173.2380981445,
  "2":-167.96875,
  "3":-179.96875,
  "4":-179.96875,
  "5":-159.96875,
  "6":-159.96875,
  "7":-159.96875,
  "8":-159.96875,
  "9":-159.96875,
  "10":-168.5302734375,
  "11":-168.5302734375,
  "12":-173.5493164062,
  "13":-171.4627075195,
  "14":-159.96875
 },
 "round":{
  "0":2,
  "1":4,
  "2":4,
  "3":11,
  "4":11,
  "5":13,
  "6":16,
  "7":16,
  "8":18,
  "9":18,
  "10":19,
  "11":19,
  "12":20,
  "13":20,
  "14":22
 }
}