{
 "tick":{
  "0":87316,
  "1":94160,
  "2":100091,
  "3":102715,
  "4":108621,
  "5":110806,
  "6":119130,
  "7":120754,
  "8":124517,
  "9":127141,
  "10":134955,
  "11":140604,
  "12":151590,
  "13":153906,
  "14":157542,
  "15":160166,
  "16":171551,
  "17":173436,
  "18":187981,
  "19":190605
 },
 "event":{
  "0":"planted",
  "1":"planted",
  "2":"planted",
  "3":"exploded",
  "4":"planted",
  "5":"defused",
  "6":"planted",
  "7":"defused",
  "8":"planted",
  "9":"exploded",
  "10":"planted",
  "11":"planted",
  "12":"planted",
  "13":"defused",
  "14":"planted",
  "15":"exploded",
  "16":"planted",
  "17":"defused",
  "18":"planted",
  "19":"exploded"
 },
 "site":{
  "0":"BombsiteA",
  "1":"BombsiteB",
  "2":"BombsiteA",
  "3":"BombsiteA",
  "4":"BombsiteA",
  "5":"BombsiteA",
  "6":"BombsiteA",
  "7":"BombsiteA",
  "8":"BombsiteA",
  "9":"BombsiteA",
  "10":"BombsiteB",
  "11":"BombsiteB",
  "12":"BombsiteA",
  "13":"BombsiteA",
  "14":"BombsiteA",
  "15":"BombsiteA",
  "16":"BombsiteB",
  "17":"BombsiteB",
  "18":"BombsiteB",
  "19":"BombsiteB"
 },
 "X":{
  "0":-1280.0316162109,
  "1":869.0315551758,
  "2":-1254.2052001953,
  "3":-1254.2052001953,
  "4":-1280.0318603516,
  "5":-1304.4750976562,
  "6":-1212.5501708984,
  "7":-1273.7377929688,
  "8":-1236.0614013672,
  "9":-1236.0614013672,
  "10":869.0313720703,
  "11":808.3483276367,
  "12":-1580.3201904297,
  "13":-1549.716796875,
  "14":-1280.0319824219,
  "15":-1280.0319824219,
  "16":790.3827514648,
  "17":730.7503662109,
  "18":869.0316162109,
  "19":869.0316162109
 },
 "Y":{
  "0":772.549987793,
  "1":47.0020256042,
  "2":729.9682617188,
  "3":729.9682617188,
  "4":793.96875,
  "5":785.0223999023,
  "6":729.9686889648,
  "7":726.3338623047,
  "8":729.9686279297,
  "9":729.9686279297,
  "10":79.8649978638,
  "11":4.9686279297,
  "12":697.1275024414,
  "13":643.9333496094,
  "14":776.7515258789,
  "15":776.7515258789,
  "16":4.9683933258,
  "17":7.2278447151,
  "18":82.96875,
  "19":82.96875
 },
 "Z":{
  "0":54.03125,
  "1":130.9011077881,
  "2":56.03125,
  "3":56.03125,
  "4":54.03125,
  "5":54.03125,
  "6":56.03125,
  "7":56.03125,
  "8":56.03125,
  "9":56.03125,
  "10":130.9011077881,
  "11":130.9011230469,
  "12":56.03125,
  "13":68.8103790283,
  "14":54.03125,
  "15":54.03125,
  "16":130.9011230469,
  "17":130.03125,
  "18":130.9011077881,
  "19":130.9011077881
 },
 "round":{
  "0":2,
  "1":3,
  "2":4,
  "3":4,
  "4":5,
  "5":5,
  "6":6,
  "7":6,
  "8":7,
  "9":7,
  "10":8,
  "11":9,
  "12":10,
  "13":10,
  "14":11,
  "15":11,
  "16":13,
  "17":13,
  "18":16,
  "19":16
 }
}