{
 "tick":{
  "0":2377,
  "1":3765,
  "2":7594,
  "3":16330,
  "4":18954,
  "5":24075,
  "6":26418,
  "7":33468,
  "8":46369,
  "9":65810,
  "10":77324,
  "11":96255,
  "12":99762,
  "13":106398,
  "14":109022,
  "15":112712,
  "16":115336,
  "17":123772
 },
 "event":{
  "0":"planted",
  "1":"defused",
  "2":"planted",
  "3":"planted",
  "4":"exploded",
  "5":"planted",
  "6":"defused",
  "7":"planted",
  "8":"planted",
  "9":"planted",
  "10":"planted",
  "11":"planted",
  "12":"planted",
  "13":"planted",
  "14":"exploded",
  "15":"planted",
  "16":"exploded",
  "17":"planted"
 },
 "site":{
  "0":"BombsiteB",
  "1":"BombsiteB",
  "2":"BombsiteB",
  "3":"BombsiteB",
  "4":"BombsiteB",
  "5":"BombsiteA",
  "6":"BombsiteA",
  "7":"BombsiteA",
  "8":"BombsiteB",
  "9":"BombsiteB",
  "10":"BombsiteB",
  "11":"BombsiteB",
  "12":"BombsiteB",
  "13":"BombsiteA",
  "14":"BombsiteA",
  "15":"BombsiteB",
  "16":"BombsiteB",
  "17":"BombsiteB"
 },
 "X":{
  "0":794.0353393555,
  "1":782.7958374023,
  "2":797.1822509766,
  "3":869.0322265625,
  "4":869.0322265625,
  "5":-1228.7131347656,
  "6":-1266.2861328125,
  "7":-1573.5157470703,
  "8":869.0313720703,
  "9":869.0313720703,
  "10":869.0295410156,
  "11":1016.7830810547,
  "12":869.0314331055,
  "13":-1566.9857177734,
  "14":-1566.9857177734,
  "15":830.3010864258,
  "16":830.3010864258,
  "17":788.701965332
 },
 "Y":{
  "0":4.9675850868,
  "1":-55.9662475586,
  "2":3.5197968483,
  "3":63.8314323425,
  "4":63.8314323425,
  "5":729.9668579102,
  "6":682.8788452148,
  "7":709.7407836914,
  "8":79.3833084106,
  "9":51.9423294067,
  "10":69.7811737061,
  "11":-59.4080200195,
  "12":64.6880722046,
  "13":697.4030761719,
  "14":697.4030761719,
  "15":-92.4462280273,
  "16":-92.4462280273,
  "17":4.9683241844
 },
 "Z":{
  "0":130.9011230469,
  "1":130.03125,
  "2":130.9011230469,
  "3":130.9011077881,
  "4":130.9011077881,
  "5":56.03125,
  "6":55.3668136597,
  "7":56.03125,
  "8":130.9011077881,
  "9":130.9011077881,
  "10":130.9011077881,
  "11":134.03125,
  "12":130.9011077881,
  "13":56.03125,
  "14":56.03125,
  "15":134.03125,
  "16":134.03125,
  "17":130.9011230469
 },
 "round":{
  "0":1,
  "1":1,
  "2":2,
  "3":3,
  "4":3,
  "5":4,
  "6":4,
  "7":5,
  "8":6,
  "9":10,
  "10":12,
  "11":15,
  "12":16,
  "13":17,
  "14":17,
  "15":18,
  "16":18,
  "17":19
 }
}