{
 "tick":{
  "0":4311,
  "1":6935,
  "2":10791,
  "3":14940,
  "4":17564,
  "5":80493,
  "6":94249,
  "7":101197,
  "8":103821,
  "9":108682,
  "10":111306,
  "11":117998,
  "12":119776,
  "13":124138,
  "14":126762,
  "15":134445,
  "16":144928
 },
 "event":{
  "0":"planted",
  "1":"exploded",
  "2":"planted",
  "3":"planted",
  "4":"exploded",
  "5":"planted",
  "6":"planted",
  "7":"planted",
  "8":"exploded",
  "9":"planted",
  "10":"exploded",
  "11":"planted",
  "12":"defused",
  "13":"planted",
  "14":"exploded",
  "15":"planted",
  "16":"planted"
 },
 "site":{
  "0":"BombsiteB",
  "1":"BombsiteB",
  "2":"BombsiteB",
  "3":"BombsiteB",
  "4":"BombsiteB",
  "5":"BombsiteB",
  "6":"BombsiteA",
  "7":"BombsiteB",
  "8":"BombsiteB",
  "9":"BombsiteA",
  "10":"BombsiteA",
  "11":"BombsiteA",
  "12":"BombsiteA",
  "13":"BombsiteA",
  "14":"BombsiteA",
  "15":"BombsiteB",
  "16":"BombsiteB"
 },
 "X":{
  "0":-1136.03125,
  "1":-1136.03125,
  "2":-1136.03125,
  "3":-1136.0281982422,
  "4":-1136.0281982422,
  "5":-1179.0620117188,
  "6":1104.2966308594,
  "7":-1061.3347167969,
  "8":-1061.3347167969,
  "9":1284.0974121094,
  "10":1284.0974121094,
  "11":1101.3984375,
  "12":1081.3234863281,
  "13":1280.0294189453,
  "14":1280.0294189453,
  "15":-1068.373046875,
  "16":-1055.6967773438
 },
 "Y":{
  "0":699.96875,
  "1":699.96875,
  "2":699.96875,
  "3":699.96875,
  "4":699.96875,
  "5":533.1979370117,
  "6":1962.4604492188,
  "7":599.9710693359,
  "8":599.9710693359,
  "9":1935.8389892578,
  "10":1935.8389892578,
  "11":1956.7106933594,
  "12":1900.0718994141,
  "13":1909.6320800781,
  "14":1909.6320800781,
  "15":557.2505493164,
  "16":599.9683837891
 },
 "Z":{
  "0":-1.96875,
  "1":-1.96875,
  "2":-1.96875,
  "3":-1.96875,
  "4":-1.96875,
  "5":0.0312509537,
  "6":-191.96875,
  "7":-1.96875,
  "8":-1.96875,
  "9":-191.96875,
  "10":-191.96875,
  "11":-191.96875,
  "12":-191.96875,
  "13":-179.3958740234,
  "14":-179.3958740234,
  "15":-3.4628295898,
  "16":-1.96875
 },
 "round":{
  "0":1,
  "1":1,
  "2":2,
  "3":3,
  "4":3,
  "5":11,
  "6":13,
  "7":14,
  "8":14,
  "9":15,
  "10":15,
  "11":16,
  "12":16,
  "13":17,
  "14":17,
  "15":18,
  "16":19
 }
}