{
 "tick":{
  "0":23356,
  "1":25980,
  "2":31882,
  "3":34506,
  "4":38368,
  "5":77054,
  "6":78376,
  "7":83480,
  "8":115814,
  "9":155023,
  "10":173601,
  "11":181696,
  "12":184320
 },
 "event":{
  "0":"planted",
  "1":"exploded",
  "2":"planted",
  "3":"exploded",
  "4":"planted",
  "5":"planted",
  "6":"defused",
  "7":"planted",
  "8":"planted",
  "9":"planted",
  "10":"planted",
  "11":"planted",
  "12":"exploded"
 },
 "site":{
  "0":"BombsiteA",
  "1":"BombsiteA",
  "2":"BombsiteB",
  "3":"BombsiteB",
  "4":"BombsiteA",
  "5":"BombsiteB",
  "6":"BombsiteB",
  "7":"BombsiteA",
  "8":"BombsiteA",
  "9":"BombsiteA",
  "10":"BombsiteA",
  "11":"BombsiteA",
  "12":"BombsiteA"
 },
 "X":{
  "0":613.6058959961,
  "1":613.6058959961,
  "2":832.6685180664,
  "3":832.6685180664,
  "4":693.7788696289,
  "5":639.7878417969,
  "6":596.5974121094,
  "7":776.0263671875,
  "8":535.8752441406,
  "9":743.0785522461,
  "10":850.0314941406,
  "11":618.8709716797,
  "12":618.8709716797
 },
 "Y":{
  "0":-785.0999145508,
  "1":-785.0999145508,
  "2":-1146.9138183594,
  "3":-1146.9138183594,
  "4":-767.7535400391,
  "5":-1318.5543212891,
  "6":-1278.5059814453,
  "7":-600.6527709961,
  "8":-939.5997924805,
  "9":-607.7426147461,
  "10":-680.874206543,
  "11":-767.0083618164,
  "12":-767.0083618164
 },
 "Z":{
  "0":-415.96875,
  "1":-415.96875,
  "2":-765.96875,
  "3":-765.96875,
  "4":-399.96875,
  "5":-765.96875,
  "6":-769.96875,
  "7":-399.9683227539,
  "8":-411.9405517578,
  "9":-399.9682617188,
  "10":-399.9682617188,
  "11":-399.96875,
  "12":-399.96875
 },
 "round":{
  "0":3,
  "1":3,
  "2":4,
  "3":4,
  "4":5,
  "5":11,
  "6":11,
  "7":12,
  "8":15,
  "9":20,
  "10":22,
  "11":23,
  "12":23
 }
}