{
 "tick":{
  "0":4375,
  "1":72552,
  "2":74451,
  "3":82135,
  "4":85157,
  "5":87781,
  "6":117603,
  "7":120227,
  "8":137808,
  "9":139214,
  "10":158926,
  "11":168391,
  "12":171015,
  "13":176043,
  "14":178667,
  "15":197936
 },
 "event":{
  "0":"planted",
  "1":"planted",
  "2":"defused",
  "3":"planted",
  "4":"planted",
  "5":"exploded",
  "6":"planted",
  "7":"exploded",
  "8":"planted",
  "9":"defused",
  "10":"planted",
  "11":"planted",
  "12":"exploded",
  "13":"planted",
  "14":"exploded",
  "15":"planted"
 },
 "site":{
  "0":"BombsiteA",
  "1":"BombsiteA",
  "2":"BombsiteA",
  "3":"BombsiteA",
  "4":"BombsiteA",
  "5":"BombsiteA",
  "6":"BombsiteA",
  "7":"BombsiteA",
  "8":"BombsiteA",
  "9":"BombsiteA",
  "10":"BombsiteA",
  "11":"BombsiteA",
  "12":"BombsiteA",
  "13":"BombsiteA",
  "14":"BombsiteA",
  "15":"BombsiteB"
 },
 "X":{
  "0":817.6541748047,
  "1":638.3154296875,
  "2":685.6979370117,
  "3":755.8572387695,
  "4":781.9368286133,
  "5":781.9368286133,
  "6":707.6918334961,
  "7":707.6918334961,
  "8":708.0678100586,
  "9":696.3200073242,
  "10":702.1890258789,
  "11":631.8451538086,
  "12":631.8451538086,
  "13":646.4476318359,
  "14":646.4476318359,
  "15":479.7472229004
 },
 "Y":{
  "0":-517.7529907227,
  "1":-903.8781738281,
  "2":-867.0079956055,
  "3":-605.9678344727,
  "4":-602.5285644531,
  "5":-602.5285644531,
  "6":-768.6475830078,
  "7":-768.6475830078,
  "8":-530.6047973633,
  "9":-550.4174194336,
  "10":-625.2735595703,
  "11":-772.7409667969,
  "12":-772.7409667969,
  "13":-768.0306396484,
  "14":-768.0306396484,
  "15":-1115.4619140625
 },
 "Z":{
  "0":-407.7514038086,
  "1":-415.96875,
  "2":-406.2578735352,
  "3":-399.9682617188,
  "4":-399.9683837891,
  "5":-399.9683837891,
  "6":-399.9685058594,
  "7":-399.9685058594,
  "8":-404.6494140625,
  "9":-399.96875,
  "10":-399.9686279297,
  "11":-415.96875,
  "12":-415.96875,
  "13":-415.96875,
  "14":-415.96875,
  "15":-769.96875
 },
 "round":{
  "0":1,
  "1":9,
  "2":9,
  "3":10,
  "4":11,
  "5":11,
  "6":14,
  "7":14,
  "8":16,
  "9":16,
  "10":18,
  "11":19,
  "12":19,
  "13":20,
  "14":20,
  "15":22
 }
}