{
 "tick":{
  "0":5034,
  "1":7658,
  "2":15764,
  "3":25716,
  "4":35232,
  "5":37856,
  "6":46049,
  "7":53336,
  "8":59733,
  "9":62357,
  "10":71577,
  "11":80431,
  "12":87656
 },
 "event":{
  "0":"planted",
  "1":"exploded",
  "2":"planted",
  "3":"planted",
  "4":"planted",
  "5":"exploded",
  "6":"planted",
  "7":"planted",
  "8":"planted",
  "9":"exploded",
  "10":"planted",
  "11":"planted",
  "12":"planted"
 },
 "site":{
  "0":"BombsiteB",
  "1":"BombsiteB",
  "2":"BombsiteA",
  "3":"BombsiteB",
  "4":"BombsiteA",
  "5":"BombsiteA",
  "6":"BombsiteB",
  "7":"BombsiteA",
  "8":"BombsiteA",
  "9":"BombsiteA",
  "10":"BombsiteB",
  "11":"BombsiteB",
  "12":"BombsiteB"
 },
 "X":{
  "0":-1046.7132568359,
  "1":-1046.7132568359,
  "2":1283.4765625,
  "3":-1136.03125,
  "4":1312.0319824219,
  "5":1312.0319824219,
  "6":-1136.0313720703,
  "7":1247.1199951172,
  "8":1270.7993164062,
  "9":1270.7993164062,
  "10":-929.9686279297,
  "11":-1089.6909179688,
  "12":-1062.6983642578
 },
 "Y":{
  "0":599.9686889648,
  "1":599.9686889648,
  "2":1883.8001708984,
  "3":699.9686889648,
  "4":2152.833984375,
  "5":2152.833984375,
  "6":696.6955566406,
  "7":1819.47265625,
  "8":1967.0091552734,
  "9":1967.0091552734,
  "10":703.4481811523,
  "11":776.4278564453,
  "12":599.9683227539
 },
 "Z":{
  "0":-1.96875,
  "1":-1.96875,
  "2":-191.96875,
  "3":-1.96875,
  "4":-191.96875,
  "5":-191.96875,
  "6":-1.96875,
  "7":-191.96875,
  "8":-191.96875,
  "9":-191.96875,
  "10":-3.96875,
  "11":-1.96875,
  "12":-1.96875
 },
 "round":{
  "0":1,
  "1":1,
  "2":2,
  "3":4,
  "4":5,
  "5":5,
  "6":6,
  "7":7,
  "8":8,
  "9":8,
  "10":9,
  "11":10,
  "12":11
 }
}