{
 "tick":{
  "0":9729,
  "1":12353,
  "2":32325,
  "3":34949,
  "4":41185,
  "5":43809,
  "6":53800,
  "7":59345,
  "8":61969,
  "9":72548,
  "10":75172,
  "11":85666,
  "12":94542,
  "13":110935,
  "14":113559,
  "15":119246,
  "16":121870,
  "17":154284,
  "18":156908
 },
 "event":{
  "0":"planted",
  "1":"exploded",
  "2":"planted",
  "3":"exploded",
  "4":"planted",
  "5":"exploded",
  "6":"planted",
  "7":"planted",
  "8":"exploded",
  "9":"planted",
  "10":"exploded",
  "11":"planted",
  "12":"planted",
  "13":"planted",
  "14":"exploded",
  "15":"planted",
  "16":"exploded",
  "17":"planted",
  "18":"exploded"
 },
 "site":{
  "0":"BombsiteA",
  "1":"BombsiteA",
  "2":"BombsiteA",
  "3":"BombsiteA",
  "4":"BombsiteB",
  "5":"BombsiteB",
  "6":"BombsiteA",
  "7":"BombsiteB",
  "8":"BombsiteB",
  "9":"BombsiteB",
  "10":"BombsiteB",
  "11":"BombsiteB",
  "12":"BombsiteA",
  "13":"BombsiteB",
  "14":"BombsiteB",
  "15":"BombsiteB",
  "16":"BombsiteB",
  "17":"BombsiteA",
  "18":"BombsiteA"
 },
 "X":{
  "0":-361.2788085938,
  "1":-361.2788085938,
  "2":-347.03125,
  "3":-347.03125,
  "4":-2318.0031738281,
  "5":-2318.0031738281,
  "6":-360.0857543945,
  "7":-2146.0314941406,
  "8":-2146.0314941406,
  "9":-2161.5478515625,
  "10":-2161.5478515625,
  "11":-2216.0322265625,
  "12":-328.6935424805,
  "13":-2216.0334472656,
  "14":-2216.0334472656,
  "15":-2216.0324707031,
  "16":-2216.0324707031,
  "17":-304.1403198242,
  "18":-304.1403198242
 },
 "Y":{
  "0":-685.9829101562,
  "1":-685.9829101562,
  "2":-682.8167114258,
  "3":-682.8167114258,
  "4":883.5176391602,
  "5":883.5176391602,
  "6":-686.5323486328,
  "7":726.1563110352,
  "8":726.1563110352,
  "9":706.643371582,
  "10":706.643371582,
  "11":893.3208618164,
  "12":-714.2915039062,
  "13":869.9549560547,
  "14":869.9549560547,
  "15":885.319152832,
  "16":885.319152832,
  "17":-713.0318603516,
  "18":-713.0318603516
 },
 "Z":{
  "0":11774.529296875,
  "1":11774.529296875,
  "2":11774.1337890625,
  "3":11774.1337890625,
  "4":11744.03125,
  "5":11744.03125,
  "6":11774.59765625,
  "7":11744.03125,
  "8":11744.03125,
  "9":11744.03125,
  "10":11744.03125,
  "11":11744.03125,
  "12":11776.03125,
  "13":11744.03125,
  "14":11744.03125,
  "15":11744.03125,
  "16":11744.03125,
  "17":11776.03125,
  "18":11776.03125
 },
 "round":{
  "0":1,
  "1":1,
  "2":5,
  "3":5,
  "4":6,
  "5":6,
  "6":7,
  "7":8,
  "8":8,
  "9":10,
  "10":10,
  "11":11,
  "12":12,
  "13":13,
  "14":13,
  "15":14,
  "16":14,
  "17":16,
  "18":16
 }
}