{
 "tick":{
  "0":9013,
  "1":11637,
  "2":47555,
  "3":147015,
  "4":149639,
  "5":170088,
  "6":172712,
  "7":202253,
  "8":220204,
  "9":222828,
  "10":233369,
  "11":251760,
  "12":253991,
  "13":291036
 },
 "event":{
  "0":"planted",
  "1":"exploded",
  "2":"planted",
  "3":"planted",
  "4":"exploded",
  "5":"planted",
  "6":"exploded",
  "7":"planted",
  "8":"planted",
  "9":"exploded",
  "10":"planted",
  "11":"planted",
  "12":"defused",
  "13":"planted"
 },
 "site":{
  "0":"BombsiteA",
  "1":"BombsiteA",
  "2":"BombsiteB",
  "3":"BombsiteB",
  "4":"BombsiteB",
  "5":"BombsiteA",
  "6":"BombsiteA",
  "7":"BombsiteA",
  "8":"BombsiteB",
  "9":"BombsiteB",
  "10":"BombsiteB",
  "11":"BombsiteA",
  "12":"BombsiteA",
  "13":"BombsiteA"
 },
 "X":{
  "0":672.0208129883,
  "1":672.0208129883,
  "2":646.7283935547,
  "3":642.4428100586,
  "4":642.4428100586,
  "5":693.4411621094,
  "6":693.4411621094,
  "7":741.0970458984,
  "8":607.8461914062,
  "9":607.8461914062,
  "10":830.5146484375,
  "11":758.4849853516,
  "12":766.8167724609,
  "13":695.1793823242
 },
 "Y":{
  "0":-764.8453369141,
  "1":-764.8453369141,
  "2":-1327.0506591797,
  "3":-1301.9088134766,
  "4":-1301.9088134766,
  "5":-765.1217041016,
  "6":-765.1217041016,
  "7":-789.7756347656,
  "8":-779.7337036133,
  "9":-779.7337036133,
  "10":-1117.0329589844,
  "11":-560.2947998047,
  "12":-499.7150878906,
  "13":-609.7194213867
 },
 "Z":{
  "0":-399.96875,
  "1":-399.96875,
  "2":-765.96875,
  "3":-765.96875,
  "4":-765.96875,
  "5":-399.96875,
  "6":-399.96875,
  "7":-399.9682617188,
  "8":-765.96875,
  "9":-765.96875,
  "10":-765.96875,
  "11":-399.9682617188,
  "12":-412.1055908203,
  "13":-399.96875
 },
 "round":{
  "0":1,
  "1":1,
  "2":6,
  "3":15,
  "4":15,
  "5":18,
  "6":18,
  "7":22,
  "8":23,
  "9":23,
  "10":24,
  "11":25,
  "12":25,
  "13":30
 }
}