{
 "tick":{
  "0":5872,
  "1":8496,
  "2":40079,
  "3":42703,
  "4":48358,
  "5":50982,
  "6":54983,
  "7":57607,
  "8":78169,
  "9":79423,
  "10":84050,
  "11":86674
 },
 "event":{
  "0":"planted",
  "1":"exploded",
  "2":"planted",
  "3":"exploded",
  "4":"planted",
  "5":"exploded",
  "6":"planted",
  "7":"exploded",
  "8":"planted",
  "9":"defused",
  "10":"planted",
  "11":"exploded"
 },
 "site":{
  "0":"BombsiteB",
  "1":"BombsiteB",
  "2":"BombsiteA",
  "3":"BombsiteA",
  "4":"BombsiteB",
  "5":"BombsiteB",
  "6":"BombsiteA",
  "7":"BombsiteA",
  "8":"BombsiteB",
  "9":"BombsiteB",
  "10":"BombsiteB",
  "11":"BombsiteB"
 },
 "X":{
  "0":340.0315856934,
  "1":340.0315856934,
  "2":675.9922485352,
  "3":675.9922485352,
  "4":340.0317382812,
  "5":340.0317382812,
  "6":672.3053588867,
  "7":672.3053588867,
  "8":558.8182983398,
  "9":573.6126708984,
  "10":640.6445922852,
  "11":640.6445922852
 },
 "Y":{
  "0":-690.2431640625,
  "1":-690.2431640625,
  "2":-766.9982910156,
  "3":-766.9982910156,
  "4":-709.2326660156,
  "5":-709.2326660156,
  "6":-602.6885986328,
  "7":-602.6885986328,
  "8":-1186.6259765625,
  "9":-1235.4503173828,
  "10":-1318.2576904297,
  "11":-1318.2576904297
 },
 "Z":{
  "0":-765.96875,
  "1":-765.96875,
  "2":-399.96875,
  "3":-399.96875,
  "4":-765.96875,
  "5":-765.96875,
  "6":-415.96875,
  "7":-415.96875,
  "8":-769.96875,
  "9":-752.96875,
  "10":-765.96875,
  "11":-765.96875
 },
 "round":{
  "0":1,
  "1":1,
  "2":6,
  "3":6,
  "4":7,
  "5":7,
  "6":8,
  "7":8,
  "8":11,
  "9":11,
  "10":12,
  "11":12
 }
}