{
 "tick":{
  "0":14305,
  "1":16603,
  "2":20257,
  "3":22881,
  "4":29475,
  "5":32099,
  "6":38743,
  "7":41018,
  "8":48291,
  "9":84089,
  "10":86713,
  "11":91565,
  "12":97457,
  "13":106699,
  "14":113239,
  "15":115863,
  "16":126042,
  "17":130157,
  "18":175165
 },
 "event":{
  "0":"planted",
  "1":"defused",
  "2":"planted",
  "3":"exploded",
  "4":"planted",
  "5":"exploded",
  "6":"planted",
  "7":"defused",
  "8":"planted",
  "9":"planted",
  "10":"exploded",
  "11":"planted",
  "12":"planted",
  "13":"planted",
  "14":"planted",
  "15":"exploded",
  "16":"planted",
  "17":"planted",
  "18":"planted"
 },
 "site":{
  "0":"BombsiteA",
  "1":"BombsiteA",
  "2":"BombsiteA",
  "3":"BombsiteA",
  "4":"BombsiteB",
  "5":"BombsiteB",
  "6":"BombsiteB",
  "7":"BombsiteB",
  "8":"BombsiteA",
  "9":"BombsiteB",
  "10":"BombsiteB",
  "11":"BombsiteB",
  "12":"BombsiteA",
  "13":"BombsiteB",
  "14":"BombsiteB",
  "15":"BombsiteB",
  "16":"BombsiteB",
  "17":"BombsiteA",
  "18":"BombsiteB"
 },
 "X":{
  "0":-1569.5172119141,
  "1":-1520.2077636719,
  "2":-1569.6295166016,
  "3":-1569.6295166016,
  "4":803.396484375,
  "5":803.396484375,
  "6":790.6068725586,
  "7":810.0516357422,
  "8":-1240.5336914062,
  "9":869.0314941406,
  "10":869.0314941406,
  "11":1080.2774658203,
  "12":-1243.7523193359,
  "13":792.4600830078,
  "14":869.0313720703,
  "15":869.0313720703,
  "16":1105.1365966797,
  "17":-1280.0313720703,
  "18":811.7365112305
 },
 "Y":{
  "0":701.6924438477,
  "1":736.0645751953,
  "2":704.4364013672,
  "3":704.4364013672,
  "4":-0.7916259766,
  "5":-0.7916259766,
  "6":4.971768856,
  "7":3.7098207474,
  "8":729.967956543,
  "9":70.280670166,
  "10":70.280670166,
  "11":-27.9495239258,
  "12":726.0029296875,
  "13":4.9685697556,
  "14":81.9740219116,
  "15":81.9740219116,
  "16":51.5737838745,
  "17":793.96875,
  "18":4.9685063362
 },
 "Z":{
  "0":56.03125,
  "1":54.03125,
  "2":56.03125,
  "3":56.03125,
  "4":130.9011230469,
  "5":130.9011230469,
  "6":130.9011230469,
  "7":130.9011230469,
  "8":56.03125,
  "9":130.9011077881,
  "10":130.9011077881,
  "11":134.03125,
  "12":56.03125,
  "13":130.9011230469,
  "14":130.9011077881,
  "15":130.9011077881,
  "16":134.03125,
  "17":54.03125,
  "18":130.9011230469
 },
 "round":{
  "0":3,
  "1":3,
  "2":4,
  "3":4,
  "4":5,
  "5":5,
  "6":6,
  "7":6,
  "8":7,
  "9":13,
  "10":13,
  "11":14,
  "12":15,
  "13":16,
  "14":17,
  "15":17,
  "16":18,
  "17":19,
  "18":23
 }
}