{
 "tick":{
  "0":17542,
  "1":20166,
  "2":26687,
  "3":32577,
  "4":45258,
  "5":47882,
  "6":53729,
  "7":54458,
  "8":60686,
  "9":63310,
  "10":87068,
  "11":105967,
  "12":107121,
  "13":128515,
  "14":135767,
  "15":137504,
  "16":141963,
  "17":144587
 },
 "event":{
  "0":"planted",
  "1":"exploded",
  "2":"planted",
  "3":"planted",
  "4":"planted",
  "5":"exploded",
  "6":"planted",
  "7":"defused",
  "8":"planted",
  "9":"exploded",
  "10":"planted",
  "11":"planted",
  "12":"defused",
  "13":"planted",
  "14":"planted",
  "15":"defused",
  "16":"planted",
  "17":"exploded"
 },
 "site":{
  "0":"BombsiteB",
  "1":"BombsiteB",
  "2":"BombsiteA",
  "3":"BombsiteB",
  "4":"BombsiteA",
  "5":"BombsiteA",
  "6":"BombsiteA",
  "7":"BombsiteA",
  "8":"BombsiteA",
  "9":"BombsiteA",
  "10":"BombsiteB",
  "11":"BombsiteA",
  "12":"BombsiteA",
  "13":"BombsiteA",
  "14":"BombsiteA",
  "15":"BombsiteA",
  "16":"BombsiteA",
  "17":"BombsiteA"
 },
 "X":{
  "0":-1987.0313720703,
  "1":-1987.0313720703,
  "2":-253.9686889648,
  "3":-1969.03125,
  "4":-477.3078613281,
  "5":-477.3078613281,
  "6":-253.9716796875,
  "7":-300.6177978516,
  "8":-564.3411254883,
  "9":-564.3411254883,
  "10":-1877.8903808594,
  "11":-610.8032836914,
  "12":-552.7926025391,
  "13":-262.3588867188,
  "14":-293.2254638672,
  "15":-344.4218139648,
  "16":-618.9865112305,
  "17":-618.9865112305
 },
 "Y":{
  "0":415.1768188477,
  "1":415.1768188477,
  "2":-2134.0754394531,
  "3":450.03125,
  "4":-2292.4406738281,
  "5":-2292.4406738281,
  "6":-2134.9685058594,
  "7":-2175.0070800781,
  "8":-1977.5251464844,
  "9":-1977.5251464844,
  "10":242.0313873291,
  "11":-2160.1076660156,
  "12":-2145.0810546875,
  "13":-2157.3134765625,
  "14":-2161.4291992188,
  "15":-2192.1186523438,
  "16":-1986.6326904297,
  "17":-1986.6326904297
 },
 "Z":{
  "0":-159.96875,
  "1":-159.96875,
  "2":-172.9469604492,
  "3":-159.96875,
  "4":-170.5653076172,
  "5":-170.5653076172,
  "6":-172.9869384766,
  "7":-173.1510009766,
  "8":-179.96875,
  "9":-179.96875,
  "10":-159.96875,
  "11":-179.96875,
  "12":-179.96875,
  "13":-173.0233154297,
  "14":-174.0293579102,
  "15":-173.5767822266,
  "16":-179.96875,
  "17":-179.96875
 },
 "round":{
  "0":3,
  "1":3,
  "2":4,
  "3":5,
  "4":7,
  "5":7,
  "6":8,
  "7":8,
  "8":9,
  "9":9,
  "10":12,
  "11":13,
  "12":13,
  "13":16,
  "14":17,
  "15":17,
  "16":18,
  "17":18
 }
}