{
 "tick":{
  "0":1586,
  "1":2608,
  "2":11247,
  "3":13871,
  "4":19261,
  "5":21885,
  "6":29035,
  "7":38611,
  "8":47865,
  "9":50489,
  "10":66021,
  "11":68645,
  "12":77660,
  "13":80284,
  "14":94521,
  "15":97145,
  "16":102830,
  "17":117742,
  "18":133998,
  "19":135887
 },
 "event":{
  "0":"planted",
  "1":"defused",
  "2":"planted",
  "3":"exploded",
  "4":"planted",
  "5":"exploded",
  "6":"planted",
  "7":"planted",
  "8":"planted",
  "9":"exploded",
  "10":"planted",
  "11":"exploded",
  "12":"planted",
  "13":"exploded",
  "14":"planted",
  "15":"exploded",
  "16":"planted",
  "17":"planted",
  "18":"planted",
  "19":"defused"
 },
 "site":{
  "0":"BombsiteB",
  "1":"BombsiteB",
  "2":"BombsiteA",
  "3":"BombsiteA",
  "4":"BombsiteA",
  "5":"BombsiteA",
  "6":"BombsiteA",
  "7":"BombsiteA",
  "8":"BombsiteA",
  "9":"BombsiteA",
  "10":"BombsiteA",
  "11":"BombsiteA",
  "12":"BombsiteB",
  "13":"BombsiteB",
  "14":"BombsiteB",
  "15":"BombsiteB",
  "16":"BombsiteB",
  "17":"BombsiteB",
  "18":"BombsiteA",
  "19":"BombsiteA"
 },
 "X":{
  "0":-1079.2814941406,
  "1":-1139.7648925781,
  "2":1107.0473632812,
  "3":1107.0473632812,
  "4":1312.0313720703,
  "5":1312.0313720703,
  "6":1312.0313720703,
  "7":1092.7319335938,
  "8":1092.3518066406,
  "9":1092.3518066406,
  "10":1093.9434814453,
  "11":1093.9434814453,
  "12":-1028.6865234375,
  "13":-1028.6865234375,
  "14":-1136.0313720703,
  "15":-1136.0313720703,
  "16":-1034.5378417969,
  "17":-1046.0681152344,
  "18":1288.89453125,
  "19":1294.2778320312
 },
 "Y":{
  "0":599.9684448242,
  "1":610.5082397461,
  "2":1968.1143798828,
  "3":1968.1143798828,
  "4":2178.6494140625,
  "5":2178.6494140625,
  "6":2175.5302734375,
  "7":1926.9985351562,
  "8":1947.7486572266,
  "9":1947.7486572266,
  "10":1943.2772216797,
  "11":1943.2772216797,
  "12":545.0680541992,
  "13":545.0680541992,
  "14":699.96875,
  "15":699.96875,
  "16":599.96875,
  "17":599.9722290039,
  "18":1970.7302246094,
  "19":1911.6773681641
 },
 "Z":{
  "0":-1.96875,
  "1":-1.96875,
  "2":-191.96875,
  "3":-191.96875,
  "4":-182.1961669922,
  "5":-182.1961669922,
  "6":-184.2755737305,
  "7":-191.96875,
  "8":-191.96875,
  "9":-191.96875,
  "10":-191.96875,
  "11":-191.96875,
  "12":0.03125,
  "13":0.03125,
  "14":-1.96875,
  "15":-1.96875,
  "16":-1.96875,
  "17":-1.96875,
  "18":-191.96875,
  "19":-191.96875
 },
 "round":{
  "0":1,
  "1":1,
  "2":2,
  "3":2,
  "4":3,
  "5":3,
  "6":4,
  "7":5,
  "8":6,
  "9":6,
  "10":8,
  "11":8,
  "12":9,
  "13":9,
  "14":11,
  "15":11,
  "16":12,
  "17":14,
  "18":16,
  "19":16
 }
}