{
 "tick":{
  "0":2083,
  "1":8808,
  "2":11432,
  "3":16770,
  "4":23878,
  "5":26236,
  "6":46281,
  "7":47224,
  "8":54971,
  "9":57595,
  "10":66776,
  "11":69400,
  "12":74153,
  "13":87586
 },
 "event":{
  "0":"planted",
  "1":"planted",
  "2":"exploded",
  "3":"planted",
  "4":"planted",
  "5":"defused",
  "6":"planted",
  "7":"defused",
  "8":"planted",
  "9":"exploded",
  "10":"planted",
  "11":"exploded",
  "12":"planted",
  "13":"planted"
 },
 "site":{
  "0":"BombsiteB",
  "1":"BombsiteA",
  "2":"BombsiteA",
  "3":"BombsiteB",
  "4":"BombsiteB",
  "5":"BombsiteB",
  "6":"BombsiteA",
  "7":"BombsiteA",
  "8":"BombsiteB",
  "9":"BombsiteB",
  "10":"BombsiteB",
  "11":"BombsiteB",
  "12":"BombsiteB",
  "13":"BombsiteA"
 },
 "X":{
  "0":548.8149414062,
  "1":2094.7236328125,
  "2":2094.7236328125,
  "3":543.969543457,
  "4":546.8789672852,
  "5":494.7539672852,
  "6":1821.4393310547,
  "7":1875.0002441406,
  "8":498.968963623,
  "9":498.968963623,
  "10":545.5008544922,
  "11":545.5008544922,
  "12":544.4459228516,
  "13":1864.9783935547
 },
 "Y":{
  "0":2971.7045898438,
  "1":178.1797637939,
  "2":178.1797637939,
  "3":2914.853515625,
  "4":2949.4545898438,
  "5":2916.6130371094,
  "6":349.4584960938,
  "7":321.1098327637,
  "8":2543.0388183594,
  "9":2543.0388183594,
  "10":2933.6264648438,
  "11":2933.6264648438,
  "12":2921.4892578125,
  "13":693.9686279297
 },
 "Z":{
  "0":161.5312347412,
  "1":160.03125,
  "2":160.03125,
  "3":161.5312347412,
  "4":161.5312347412,
  "5":161.5312347412,
  "6":161.0312042236,
  "7":161.0312042236,
  "8":166.03125,
  "9":166.03125,
  "10":161.5312347412,
  "11":161.5312347412,
  "12":161.5312347412,
  "13":160.0184173584
 },
 "round":{
  "0":1,
  "1":2,
  "2":2,
  "3":3,
  "4":4,
  "5":4,
  "6":7,
  "7":7,
  "8":8,
  "9":8,
  "10":9,
  "11":9,
  "12":10,
  "13":12
 }
}