{
 "tick":{
  "0":24537,
  "1":27161,
  "2":39011,
  "3":72792,
  "4":75253,
  "5":80453,
  "6":81434,
  "7":107084,
  "8":109708,
  "9":124492,
  "10":126007,
  "11":140965,
  "12":143589,
  "13":149991,
  "14":159492
 },
 "event":{
  "0":"planted",
  "1":"exploded",
  "2":"planted",
  "3":"planted",
  "4":"defused",
  "5":"planted",
  "6":"defused",
  "7":"planted",
  "8":"exploded",
  "9":"planted",
  "10":"defused",
  "11":"planted",
  "12":"exploded",
  "13":"planted",
  "14":"planted"
 },
 "site":{
  "0":"BombsiteA",
  "1":"BombsiteA",
  "2":"BombsiteA",
  "3":"BombsiteB",
  "4":"BombsiteB",
  "5":"BombsiteA",
  "6":"BombsiteA",
  "7":"BombsiteA",
  "8":"BombsiteA",
  "9":"BombsiteB",
  "10":"BombsiteB",
  "11":"BombsiteB",
  "12":"BombsiteB",
  "13":"BombsiteA",
  "14":"BombsiteA"
 },
 "X":{
  "0":542.7679443359,
  "1":542.7679443359,
  "2":762.4862670898,
  "3":340.0314331055,
  "4":340.0313720703,
  "5":512.0606689453,
  "6":573.0612182617,
  "7":738.4235839844,
  "8":738.4235839844,
  "9":717.8177490234,
  "10":773.3251342773,
  "11":340.2094421387,
  "12":340.2094421387,
  "13":788.1798095703,
  "14":718.5470581055
 },
 "Y":{
  "0":-805.9196777344,
  "1":-805.9196777344,
  "2":-602.6326293945,
  "3":-704.0533447266,
  "4":-668.3704833984,
  "5":-913.5001831055,
  "6":-923.7854614258,
  "7":-596.9859008789,
  "8":-596.9859008789,
  "9":-1148.3859863281,
  "10":-1125.8989257812,
  "11":-700.3457641602,
  "12":-700.3457641602,
  "13":-604.8717651367,
  "14":-543.4867553711
 },
 "Z":{
  "0":-399.96875,
  "1":-399.96875,
  "2":-399.9682617188,
  "3":-765.96875,
  "4":-767.96875,
  "5":-405.6407470703,
  "6":-408.1229248047,
  "7":-399.9682617188,
  "8":-399.9682617188,
  "9":-752.96875,
  "10":-768.96875,
  "11":-765.96875,
  "12":-765.96875,
  "13":-399.9683227539,
  "14":-401.5396728516
 },
 "round":{
  "0":4,
  "1":4,
  "2":5,
  "3":10,
  "4":10,
  "5":11,
  "6":11,
  "7":15,
  "8":15,
  "9":17,
  "10":17,
  "11":19,
  "12":19,
  "13":20,
  "14":21
 }
}