{
 "tick":{
  "0":4661,
  "1":12443,
  "2":15067,
  "3":20919,
  "4":23543,
  "5":29017,
  "6":31641,
  "7":40430,
  "8":43054,
  "9":49727,
  "10":52351,
  "11":70913,
  "12":73537,
  "13":81176,
  "14":83800,
  "15":98156,
  "16":100502,
  "17":110990,
  "18":113212
 },
 "event":{
  "0":"planted",
  "1":"planted",
  "2":"exploded",
  "3":"planted",
  "4":"exploded",
  "5":"planted",
  "6":"exploded",
  "7":"planted",
  "8":"exploded",
  "9":"planted",
  "10":"exploded",
  "11":"planted",
  "12":"exploded",
  "13":"planted",
  "14":"exploded",
  "15":"planted",
  "16":"defused",
  "17":"planted",
  "18":"defused"
 },
 "site":{
  "0":"BombsiteB",
  "1":"BombsiteA",
  "2":"BombsiteA",
  "3":"BombsiteB",
  "4":"BombsiteB",
  "5":"BombsiteA",
  "6":"BombsiteA",
  "7":"BombsiteB",
  "8":"BombsiteB",
  "9":"BombsiteB",
  "10":"BombsiteB",
  "11":"BombsiteA",
  "12":"BombsiteA",
  "13":"BombsiteB",
  "14":"BombsiteB",
  "15":"BombsiteA",
  "16":"BombsiteA",
  "17":"BombsiteB",
  "18":"BombsiteB"
 },
 "X":{
  "0":283.4244689941,
  "1":1949.03125,
  "2":1949.03125,
  "3":498.3577880859,
  "4":498.3577880859,
  "5":1966.0313720703,
  "6":1966.0313720703,
  "7":498.9684143066,
  "8":498.9684143066,
  "9":547.8375854492,
  "10":547.8375854492,
  "11":1966.03125,
  "12":1966.03125,
  "13":544.9246826172,
  "14":544.9246826172,
  "15":2094.48046875,
  "16":2035.6440429688,
  "17":543.9683837891,
  "18":558.1642456055
 },
 "Y":{
  "0":2923.3364257812,
  "1":696.9693603516,
  "2":696.9693603516,
  "3":2543.0473632812,
  "4":2543.0473632812,
  "5":721.96875,
  "6":721.96875,
  "7":2545.6103515625,
  "8":2545.6103515625,
  "9":2960.4775390625,
  "10":2960.4775390625,
  "11":721.96875,
  "12":721.96875,
  "13":2926.99609375,
  "14":2926.99609375,
  "15":181.7698669434,
  "16":174.7388000488,
  "17":2904.0646972656,
  "18":2846.1394042969
 },
 "Z":{
  "0":164.03125,
  "1":160.03125,
  "2":160.03125,
  "3":166.03125,
  "4":166.03125,
  "5":160.03125,
  "6":160.03125,
  "7":166.03125,
  "8":166.03125,
  "9":161.5312347412,
  "10":161.5312347412,
  "11":160.03125,
  "12":160.03125,
  "13":161.5312347412,
  "14":161.5312347412,
  "15":160.03125,
  "16":160.03125,
  "17":161.5312347412,
  "18":161.5312347412
 },
 "round":{
  "0":1,
  "1":2,
  "2":2,
  "3":3,
  "4":3,
  "5":4,
  "6":4,
  "7":5,
  "8":5,
  "9":6,
  "10":6,
  "11":9,
  "12":9,
  "13":10,
  "14":10,
  "15":12,
  "16":12,
  "17":13,
  "18":13
 }
}