{
 "tick":{
  "0":2278,
  "1":39919,
  "2":42543,
  "3":62152,
  "4":64776,
  "5":70393,
  "6":73017,
  "7":79118,
  "8":81742,
  "9":113540,
  "10":116164,
  "11":121569,
  "12":123631
 },
 "event":{
  "0":"planted",
  "1":"planted",
  "2":"exploded",
  "3":"planted",
  "4":"exploded",
  "5":"planted",
  "6":"exploded",
  "7":"planted",
  "8":"exploded",
  "9":"planted",
  "10":"exploded",
  "11":"planted",
  "12":"defused"
 },
 "site":{
  "0":"BombsiteA",
  "1":"BombsiteB",
  "2":"BombsiteB",
  "3":"BombsiteB",
  "4":"BombsiteB",
  "5":"BombsiteA",
  "6":"BombsiteA",
  "7":"BombsiteA",
  "8":"BombsiteA",
  "9":"BombsiteA",
  "10":"BombsiteA",
  "11":"BombsiteB",
  "12":"BombsiteB"
 },
 "X":{
  "0":-274.5364990234,
  "1":-1987.0328369141,
  "2":-1987.0328369141,
  "3":-1898.4471435547,
  "4":-1898.4471435547,
  "5":-493.7788085938,
  "6":-493.7788085938,
  "7":-318.5523681641,
  "8":-318.5523681641,
  "9":-253.9686889648,
  "10":-253.9686889648,
  "11":-1987.0343017578,
  "12":-2023.0571289062
 },
 "Y":{
  "0":-2157.5656738281,
  "1":425.1918334961,
  "2":425.1918334961,
  "3":242.0317382812,
  "4":242.0317382812,
  "5":-2022.1722412109,
  "6":-2022.1722412109,
  "7":-2032.5080566406,
  "8":-2032.5080566406,
  "9":-2134.0754394531,
  "10":-2134.0754394531,
  "11":431.9640808105,
  "12":384.4537963867
 },
 "Z":{
  "0":-173.542175293,
  "1":-159.96875,
  "2":-159.96875,
  "3":-159.96875,
  "4":-159.96875,
  "5":-179.96875,
  "6":-179.96875,
  "7":-174.1735839844,
  "8":-174.1735839844,
  "9":-172.9469604492,
  "10":-172.9469604492,
  "11":-159.96875,
  "12":-159.96875
 },
 "round":{
  "0":1,
  "1":5,
  "2":5,
  "3":8,
  "4":8,
  "5":9,
  "6":9,
  "7":10,
  "8":10,
  "9":15,
  "10":15,
  "11":16,
  "12":16
 }
}