{
 "tick":{
  "0":3043,
  "1":5667,
  "2":18968,
  "3":21299,
  "4":30058,
  "5":32682,
  "6":39206,
  "7":45041,
  "8":54353,
  "9":60623,
  "10":88985,
  "11":94505,
  "12":126989,
  "13":135230,
  "14":137854,
  "15":141991
 },
 "event":{
  "0":"planted",
  "1":"exploded",
  "2":"planted",
  "3":"defused",
  "4":"planted",
  "5":"exploded",
  "6":"planted",
  "7":"planted",
  "8":"planted",
  "9":"planted",
  "10":"planted",
  "11":"planted",
  "12":"planted",
  "13":"planted",
  "14":"exploded",
  "15":"planted"
 },
 "site":{
  "0":"BombsiteB",
  "1":"BombsiteB",
  "2":"BombsiteA",
  "3":"BombsiteA",
  "4":"BombsiteA",
  "5":"BombsiteA",
  "6":"BombsiteA",
  "7":"BombsiteA",
  "8":"BombsiteB",
  "9":"BombsiteA",
  "10":"BombsiteB",
  "11":"BombsiteB",
  "12":"BombsiteA",
  "13":"BombsiteA",
  "14":"BombsiteA",
  "15":"BombsiteA"
 },
 "X":{
  "0":-2324.8732910156,
  "1":-2324.8732910156,
  "2":-347.03125,
  "3":-399.072265625,
  "4":-288.2215576172,
  "5":-288.2215576172,
  "6":-359.4120483398,
  "7":-296.2741088867,
  "8":-2216.0290527344,
  "9":-306.2729492188,
  "10":-2216.0307617188,
  "11":-2149.3544921875,
  "12":-347.0303955078,
  "13":-358.1256713867,
  "14":-358.1256713867,
  "15":-368.7054443359
 },
 "Y":{
  "0":754.5758666992,
  "1":754.5758666992,
  "2":-682.8167114258,
  "3":-712.3676757812,
  "4":-713.0321044922,
  "5":-713.0321044922,
  "6":-688.7025146484,
  "7":-713.0315551758,
  "8":870.0603637695,
  "9":-713.0313720703,
  "10":858.5986938477,
  "11":748.729309082,
  "12":-682.8165283203,
  "13":-685.2821655273,
  "14":-685.2821655273,
  "15":-687.6332397461
 },
 "Z":{
  "0":11744.03125,
  "1":11744.03125,
  "2":11774.1337890625,
  "3":11776.03125,
  "4":11776.03125,
  "5":11776.03125,
  "6":11774.869140625,
  "7":11776.03125,
  "8":11744.03125,
  "9":11776.03125,
  "10":11744.03125,
  "11":11744.03125,
  "12":11774.1337890625,
  "13":11774.44140625,
  "14":11774.44140625,
  "15":11774.7353515625
 },
 "round":{
  "0":1,
  "1":1,
  "2":3,
  "3":3,
  "4":5,
  "5":5,
  "6":6,
  "7":7,
  "8":8,
  "9":9,
  "10":13,
  "11":14,
  "12":19,
  "13":20,
  "14":20,
  "15":21
 }
}