{
 "tick":{
  "0":4682,
  "1":12866,
  "2":50503,
  "3":51566,
  "4":63583,
  "5":69887,
  "6":72511,
  "7":84889,
  "8":111693,
  "9":113615,
  "10":134364,
  "11":142706,
  "12":150378,
  "13":152204,
  "14":160117,
  "15":161439,
  "16":167962,
  "17":169626
 },
 "event":{
  "0":"planted",
  "1":"planted",
  "2":"planted",
  "3":"defused",
  "4":"planted",
  "5":"planted",
  "6":"exploded",
  "7":"planted",
  "8":"planted",
  "9":"defused",
  "10":"planted",
  "11":"planted",
  "12":"planted",
  "13":"defused",
  "14":"planted",
  "15":"defused",
  "16":"planted",
  "17":"defused"
 },
 "site":{
  "0":"BombsiteA",
  "1":"BombsiteB",
  "2":"BombsiteA",
  "3":"BombsiteA",
  "4":"BombsiteA",
  "5":"BombsiteA",
  "6":"BombsiteA",
  "7":"BombsiteA",
  "8":"BombsiteB",
  "9":"BombsiteB",
  "10":"BombsiteB",
  "11":"BombsiteB",
  "12":"BombsiteA",
  "13":"BombsiteA",
  "14":"BombsiteB",
  "15":"BombsiteB",
  "16":"BombsiteB",
  "17":"BombsiteB"
 },
 "X":{
  "0":1283.4025878906,
  "1":-1044.7242431641,
  "2":1270.2242431641,
  "3":1235.2398681641,
  "4":981.3640136719,
  "5":1269.1024169922,
  "6":1269.1024169922,
  "7":1278.8325195312,
  "8":-1136.03125,
  "9":-1153.4813232422,
  "10":-1217.8884277344,
  "11":-1136.03125,
  "12":1166.0162353516,
  "13":1217.5123291016,
  "14":-1136.03125,
  "15":-1160.7896728516,
  "16":-959.9686279297,
  "17":-923.0048828125
 },
 "Y":{
  "0":1882.9676513672,
  "1":599.9686279297,
  "2":1842.6667480469,
  "3":1794.2934570312,
  "4":1732.2923583984,
  "5":1968.2194824219,
  "6":1968.2194824219,
  "7":1852.7861328125,
  "8":699.96875,
  "9":643.3450927734,
  "10":527.385925293,
  "11":699.9686889648,
  "12":1807.0711669922,
  "13":1773.9349365234,
  "14":699.96875,
  "15":645.0227661133,
  "16":605.994140625,
  "17":654.9898681641
 },
 "Z":{
  "0":-191.96875,
  "1":-1.96875,
  "2":-187.4998779297,
  "3":-191.96875,
  "4":-184.2180786133,
  "5":-191.96875,
  "6":-191.96875,
  "7":-191.96875,
  "8":-1.96875,
  "9":-3.96875,
  "10":0.0312504768,
  "11":-1.96875,
  "12":-191.96875,
  "13":-191.96875,
  "14":-1.96875,
  "15":-3.96875,
  "16":-1.96875,
  "17":-3.96875
 },
 "round":{
  "0":1,
  "1":2,
  "2":7,
  "3":7,
  "4":9,
  "5":10,
  "6":10,
  "7":12,
  "8":15,
  "9":15,
  "10":18,
  "11":19,
  "12":20,
  "13":20,
  "14":21,
  "15":21,
  "16":22,
  "17":22
 }
}