{
 "tick":{
  "0":16508,
  "1":17463,
  "2":22101,
  "3":23452,
  "4":33759,
  "5":40447,
  "6":46497,
  "7":66101,
  "8":67331,
  "9":79902,
  "10":88640,
  "11":91264,
  "12":97512,
  "13":105459,
  "14":108083,
  "15":115231,
  "16":116428,
  "17":124224
 },
 "event":{
  "0":"planted",
  "1":"defused",
  "2":"planted",
  "3":"defused",
  "4":"planted",
  "5":"planted",
  "6":"planted",
  "7":"planted",
  "8":"defused",
  "9":"planted",
  "10":"planted",
  "11":"exploded",
  "12":"planted",
  "13":"planted",
  "14":"exploded",
  "15":"planted",
  "16":"defused",
  "17":"planted"
 },
 "site":{
  "0":"BombsiteB",
  "1":"BombsiteB",
  "2":"BombsiteB",
  "3":"BombsiteB",
  "4":"BombsiteA",
  "5":"BombsiteB",
  "6":"BombsiteA",
  "7":"BombsiteB",
  "8":"BombsiteB",
  "9":"BombsiteA",
  "10":"BombsiteB",
  "11":"BombsiteB",
  "12":"BombsiteB",
  "13":"BombsiteA",
  "14":"BombsiteA",
  "15":"BombsiteB",
  "16":"BombsiteB",
  "17":"BombsiteA"
 },
 "X":{
  "0":-2216.03125,
  "1":-2230.5756835938,
  "2":-2216.03125,
  "3":-2238.6381835938,
  "4":-372.5528564453,
  "5":-2216.0329589844,
  "6":-379.2474365234,
  "7":-2247.5576171875,
  "8":-2230.5185546875,
  "9":-347.03125,
  "10":-2319.6630859375,
  "11":-2319.6630859375,
  "12":-2334.2023925781,
  "13":-357.1397705078,
  "14":-357.1397705078,
  "15":-2216.0317382812,
  "16":-2230.0979003906,
  "17":-359.6178588867
 },
 "Y":{
  "0":862.614440918,
  "1":916.3364868164,
  "2":867.7106933594,
  "3":821.5328369141,
  "4":-691.3569335938,
  "5":902.1181640625,
  "6":-695.2391967773,
  "7":870.3423461914,
  "8":825.2375488281,
  "9":-682.8167724609,
  "10":892.5390625,
  "11":892.5390625,
  "12":875.5069580078,
  "13":-685.0635986328,
  "14":-685.0635986328,
  "15":833.3169555664,
  "16":885.9395141602,
  "17":-685.8952636719
 },
 "Z":{
  "0":11744.03125,
  "1":11744.03125,
  "2":11744.03125,
  "3":11744.03125,
  "4":11775.201171875,
  "5":11744.03125,
  "6":11775.6865234375,
  "7":11744.03125,
  "8":11744.03125,
  "9":11774.1337890625,
  "10":11744.03125,
  "11":11744.03125,
  "12":11744.03125,
  "13":11774.4140625,
  "14":11774.4140625,
  "15":11744.03125,
  "16":11744.03125,
  "17":11774.5185546875
 },
 "round":{
  "0":3,
  "1":3,
  "2":4,
  "3":4,
  "4":6,
  "5":7,
  "6":8,
  "7":11,
  "8":11,
  "9":13,
  "10":14,
  "11":14,
  "12":15,
  "13":16,
  "14":16,
  "15":17,
  "16":17,
  "17":18
 }
}