{
 "tick":{
  "0":14915,
  "1":16543,
  "2":29944,
  "3":32568,
  "4":68047,
  "5":70671,
  "6":83434,
  "7":85164,
  "8":104309,
  "9":106933,
  "10":112742,
  "11":115366,
  "12":119969
 },
 "event":{
  "0":"planted",
  "1":"defused",
  "2":"planted",
  "3":"exploded",
  "4":"planted",
  "5":"exploded",
  "6":"planted",
  "7":"defused",
  "8":"planted",
  "9":"exploded",
  "10":"planted",
  "11":"exploded",
  "12":"planted"
 },
 "site":{
  "0":"BombsiteB",
  "1":"BombsiteB",
  "2":"BombsiteA",
  "3":"BombsiteA",
  "4":"BombsiteB",
  "5":"BombsiteB",
  "6":"BombsiteA",
  "7":"BombsiteA",
  "8":"BombsiteB",
  "9":"BombsiteB",
  "10":"BombsiteA",
  "11":"BombsiteA",
  "12":"BombsiteA"
 },
 "X":{
  "0":-1136.03125,
  "1":-1136.03125,
  "2":1152.3701171875,
  "3":1152.3701171875,
  "4":-1043.5667724609,
  "5":-1043.5667724609,
  "6":1276.9978027344,
  "7":1238.8828125,
  "8":-1049.1865234375,
  "9":-1049.1865234375,
  "10":1511.9686279297,
  "11":1511.9686279297,
  "12":1511.9685058594
 },
 "Y":{
  "0":699.96875,
  "1":699.9686889648,
  "2":1994.8897705078,
  "3":1994.8897705078,
  "4":599.9686279297,
  "5":599.9686279297,
  "6":1952.6958007812,
  "7":1997.5529785156,
  "8":599.9685668945,
  "9":599.9685668945,
  "10":2026.0187988281,
  "11":2026.0187988281,
  "12":2040.0217285156
 },
 "Z":{
  "0":-1.96875,
  "1":-1.96875,
  "2":-181.1024780273,
  "3":-181.1024780273,
  "4":-1.96875,
  "5":-1.96875,
  "6":-191.96875,
  "7":-191.96875,
  "8":-1.96875,
  "9":-1.96875,
  "10":-189.3082275391,
  "11":-189.3082275391,
  "12":-191.96875
 },
 "round":{
  "0":2,
  "1":2,
  "2":4,
  "3":4,
  "4":9,
  "5":9,
  "6":11,
  "7":11,
  "8":14,
  "9":14,
  "10":15,
  "11":15,
  "12":16
 }
}