{
 "tick":{
  "0":9321,
  "1":11945,
  "2":17729,
  "3":22410,
  "4":30949,
  "5":33263,
  "6":39268,
  "7":41892,
  "8":50211,
  "9":52207,
  "10":58225,
  "11":60107,
  "12":113170,
  "13":115794,
  "14":124721,
  "15":133124
 },
 "event":{
  "0":"planted",
  "1":"exploded",
  "2":"planted",
  "3":"planted",
  "4":"planted",
  "5":"defused",
  "6":"planted",
  "7":"exploded",
  "8":"planted",
  "9":"defused",
  "10":"planted",
  "11":"defused",
  "12":"planted",
  "13":"exploded",
  "14":"planted",
  "15":"planted"
 },
 "site":{
  "0":"BombsiteA",
  "1":"BombsiteA",
  "2":"BombsiteB",
  "3":"BombsiteA",
  "4":"BombsiteA",
  "5":"BombsiteA",
  "6":"BombsiteA",
  "7":"BombsiteA",
  "8":"BombsiteA",
  "9":"BombsiteA",
  "10":"BombsiteA",
  "11":"BombsiteA",
  "12":"BombsiteB",
  "13":"BombsiteB",
  "14":"BombsiteB",
  "15":"BombsiteB"
 },
 "X":{
  "0":606.4761352539,
  "1":606.4761352539,
  "2":340.0313720703,
  "3":644.9792480469,
  "4":792.7803344727,
  "5":731.6767578125,
  "6":821.5895996094,
  "7":821.5895996094,
  "8":575.2544555664,
  "9":630.9233398438,
  "10":788.0362548828,
  "11":731.5143432617,
  "12":359.5777282715,
  "13":359.5777282715,
  "14":608.2033691406,
  "15":643.2640380859
 },
 "Y":{
  "0":-771.2774658203,
  "1":-771.2774658203,
  "2":-700.751953125,
  "3":-906.9505004883,
  "4":-598.3470458984,
  "5":-589.8518066406,
  "6":-618.475769043,
  "7":-618.475769043,
  "8":-749.8619384766,
  "9":-772.6615600586,
  "10":-606.7705688477,
  "11":-590.5434570312,
  "12":-746.8441162109,
  "13":-746.8441162109,
  "14":-1254.1453857422,
  "15":-1256.0313720703
 },
 "Z":{
  "0":-415.96875,
  "1":-415.96875,
  "2":-765.96875,
  "3":-415.96875,
  "4":-399.9683227539,
  "5":-399.9682617188,
  "6":-399.9682617188,
  "7":-399.9682617188,
  "8":-399.96875,
  "9":-415.96875,
  "10":-399.9683227539,
  "11":-399.9682617188,
  "12":-771.96875,
  "13":-771.96875,
  "14":-752.96875,
  "15":-768.84375
 },
 "round":{
  "0":2,
  "1":2,
  "2":3,
  "3":4,
  "4":5,
  "5":5,
  "6":6,
  "7":6,
  "8":7,
  "9":7,
  "10":8,
  "11":8,
  "12":17,
  "13":17,
  "14":18,
  "15":19
 }
}