{
 "tick":{
  "0":7857,
  "1":9584,
  "2":51036,
  "3":64983,
  "4":70467,
  "5":73091,
  "6":82868,
  "7":89734,
  "8":93602,
  "9":96226,
  "10":103269,
  "11":105893,
  "12":109995,
  "13":112619
 },
 "event":{
  "0":"planted",
  "1":"defused",
  "2":"planted",
  "3":"planted",
  "4":"planted",
  "5":"exploded",
  "6":"planted",
  "7":"planted",
  "8":"planted",
  "9":"exploded",
  "10":"planted",
  "11":"exploded",
  "12":"planted",
  "13":"exploded"
 },
 "site":{
  "0":"BombsiteA",
  "1":"BombsiteA",
  "2":"BombsiteB",
  "3":"BombsiteA",
  "4":"BombsiteB",
  "5":"BombsiteB",
  "6":"BombsiteA",
  "7":"BombsiteA",
  "8":"BombsiteB",
  "9":"BombsiteB",
  "10":"BombsiteA",
  "11":"BombsiteA",
  "12":"BombsiteA",
  "13":"BombsiteA"
 },
 "X":{
  "0":-1573.0856933594,
  "1":-1517.8209228516,
  "2":869.0318603516,
  "3":-1567.4102783203,
  "4":869.0318603516,
  "5":869.0318603516,
  "6":-1256.8072509766,
  "7":-1242.3294677734,
  "8":869.0316772461,
  "9":869.0316772461,
  "10":-1280.0310058594,
  "11":-1280.0310058594,
  "12":-1573.9320068359,
  "13":-1573.9320068359
 },
 "Y":{
  "0":760.0660400391,
  "1":787.0111083984,
  "2":72.9327697754,
  "3":713.2244262695,
  "4":77.7643814087,
  "5":77.7643814087,
  "6":729.8681640625,
  "7":729.9686279297,
  "8":82.96875,
  "9":82.96875,
  "10":793.96875,
  "11":793.96875,
  "12":707.4476928711,
  "13":707.4476928711
 },
 "Z":{
  "0":56.03125,
  "1":54.0312461853,
  "2":130.9011077881,
  "3":56.03125,
  "4":130.9011077881,
  "5":130.9011077881,
  "6":56.03125,
  "7":56.03125,
  "8":130.9011077881,
  "9":130.9011077881,
  "10":54.03125,
  "11":54.03125,
  "12":56.03125,
  "13":56.03125
 },
 "round":{
  "0":2,
  "1":2,
  "2":8,
  "3":10,
  "4":11,
  "5":11,
  "6":13,
  "7":14,
  "8":15,
  "9":15,
  "10":16,
  "11":16,
  "12":17,
  "13":17
 }
}