{
 "tick":{
  "0":4078,
  "1":6702,
  "2":11176,
  "3":50984,
  "4":53608,
  "5":58715,
  "6":68591,
  "7":71215,
  "8":77021,
  "9":83262,
  "10":101820,
  "11":109213,
  "12":165229,
  "13":175091
 },
 "event":{
  "0":"planted",
  "1":"exploded",
  "2":"planted",
  "3":"planted",
  "4":"exploded",
  "5":"planted",
  "6":"planted",
  "7":"exploded",
  "8":"planted",
  "9":"planted",
  "10":"planted",
  "11":"planted",
  "12":"planted",
  "13":"planted"
 },
 "site":{
  "0":"BombsiteA",
  "1":"BombsiteA",
  "2":"BombsiteA",
  "3":"BombsiteA",
  "4":"BombsiteA",
  "5":"BombsiteB",
  "6":"BombsiteA",
  "7":"BombsiteA",
  "8":"BombsiteA",
  "9":"BombsiteA",
  "10":"BombsiteA",
  "11":"BombsiteA",
  "12":"BombsiteA",
  "13":"BombsiteA"
 },
 "X":{
  "0":-352.2694702148,
  "1":-352.2694702148,
  "2":-364.0100097656,
  "3":-352.4580078125,
  "4":-352.4580078125,
  "5":-2216.0385742188,
  "6":-347.0275878906,
  "7":-347.0275878906,
  "8":-364.2185668945,
  "9":-114.0313110352,
  "10":-358.3649902344,
  "11":-296.8959960938,
  "12":-366.9145507812,
  "13":-309.1782226562
 },
 "Y":{
  "0":-683.9809570312,
  "1":-683.9809570312,
  "2":-686.5899658203,
  "3":-685.3358154297,
  "4":-685.3358154297,
  "5":876.9904174805,
  "6":-682.8159179688,
  "7":-682.8159179688,
  "8":-694.6151123047,
  "9":-540.03125,
  "10":-685.3352661133,
  "11":-724.2766113281,
  "12":-697.8459472656,
  "13":-713.0314331055
 },
 "Z":{
  "0":11774.279296875,
  "1":11774.279296875,
  "2":11774.60546875,
  "3":11774.4482421875,
  "4":11774.4482421875,
  "5":11744.03125,
  "6":11774.1337890625,
  "7":11774.1337890625,
  "8":11775.6083984375,
  "9":11776.03125,
  "10":11774.4482421875,
  "11":11776.03125,
  "12":11776.0126953125,
  "13":11776.03125
 },
 "round":{
  "0":1,
  "1":1,
  "2":2,
  "3":9,
  "4":9,
  "5":10,
  "6":11,
  "7":11,
  "8":12,
  "9":13,
  "10":15,
  "11":16,
  "12":23,
  "13":24
 }
}