{
 "tick":{
  "0":11819,
  "1":24131,
  "2":25409,
  "3":31765,
  "4":34389,
  "5":41967,
  "6":60055,
  "7":62387,
  "8":67642,
  "9":70266,
  "10":76017,
  "11":94288,
  "12":99775
 },
 "event":{
  "0":"planted",
  "1":"planted",
  "2":"defused",
  "3":"planted",
  "4":"exploded",
  "5":"planted",
  "6":"planted",
  "7":"defused",
  "8":"planted",
  "9":"exploded",
  "10":"planted",
  "11":"planted",
  "12":"planted"
 },
 "site":{
  "0":"BombsiteB",
  "1":"BombsiteB",
  "2":"BombsiteB",
  "3":"BombsiteA",
  "4":"BombsiteA",
  "5":"BombsiteA",
  "6":"BombsiteB",
  "7":"BombsiteB",
  "8":"BombsiteB",
  "9":"BombsiteB",
  "10":"BombsiteB",
  "11":"BombsiteB",
  "12":"BombsiteA"
 },
 "X":{
  "0":781.9329833984,
  "1":792.9149780273,
  "2":854.1599121094,
  "3":-1249.5283203125,
  "4":-1249.5283203125,
  "5":-1203.3510742188,
  "6":869.0313720703,
  "7":916.4055786133,
  "8":816.1549072266,
  "9":816.1549072266,
  "10":975.0000610352,
  "11":788.955871582,
  "12":-1554.4096679688
 },
 "Y":{
  "0":1.5255448818,
  "1":-5.3263549805,
  "2":-5.8088989258,
  "3":729.9686889648,
  "4":729.9686889648,
  "5":893.0330200195,
  "6":82.96875,
  "7":119.8843307495,
  "8":4.9675812721,
  "9":4.9675812721,
  "10":201.089050293,
  "11":4.9686279297,
  "12":707.4522094727
 },
 "Z":{
  "0":130.9011230469,
  "1":130.9011230469,
  "2":130.9011230469,
  "3":56.03125,
  "4":56.03125,
  "5":62.03125,
  "6":130.9011077881,
  "7":130.03125,
  "8":130.9011230469,
  "9":130.9011230469,
  "10":134.03125,
  "11":130.9011230469,
  "12":56.03125
 },
 "round":{
  "0":2,
  "1":5,
  "2":5,
  "3":6,
  "4":6,
  "5":7,
  "6":9,
  "7":9,
  "8":10,
  "9":10,
  "10":11,
  "11":14,
  "12":15
 }
}