{
 "tick":{
  "0":9158,
  "1":16231,
  "2":24714,
  "3":53435,
  "4":56059,
  "5":61521,
  "6":64145,
  "7":69498,
  "8":72122,
  "9":85852,
  "10":93712,
  "11":97709,
  "12":107332,
  "13":116735,
  "14":118639,
  "15":142084,
  "16":144495,
  "17":163282,
  "18":168190,
  "19":170814
 },
 "event":{
  "0":"planted",
  "1":"planted",
  "2":"planted",
  "3":"planted",
  "4":"exploded",
  "5":"planted",
  "6":"exploded",
  "7":"planted",
  "8":"exploded",
  "9":"planted",
  "10":"planted",
  "11":"planted",
  "12":"planted",
  "13":"planted",
  "14":"defused",
  "15":"planted",
  "16":"defused",
  "17":"planted",
  "18":"planted",
  "19":"exploded"
 },
 "site":{
  "0":"BombsiteA",
  "1":"BombsiteB",
  "2":"BombsiteB",
  "3":"BombsiteA",
  "4":"BombsiteA",
  "5":"BombsiteB",
  "6":"BombsiteB",
  "7":"BombsiteB",
  "8":"BombsiteB",
  "9":"BombsiteA",
  "10":"BombsiteB",
  "11":"BombsiteB",
  "12":"BombsiteA",
  "13":"BombsiteB",
  "14":"BombsiteB",
  "15":"BombsiteA",
  "16":"BombsiteA",
  "17":"BombsiteB",
  "18":"BombsiteB",
  "19":"BombsiteB"
 },
 "X":{
  "0":-347.03125,
  "1":-2216.0290527344,
  "2":-2216.0288085938,
  "3":-114.0313720703,
  "4":-114.0313720703,
  "5":-2220.5397949219,
  "6":-2220.5397949219,
  "7":-2216.03125,
  "8":-2216.03125,
  "9":-350.3328857422,
  "10":-2216.0336914062,
  "11":-2353.2495117188,
  "12":-314.6900634766,
  "13":-2216.0314941406,
  "14":-2223.2797851562,
  "15":-347.03125,
  "16":-407.2470092773,
  "17":-2331.1484375,
  "18":-2216.1579589844,
  "19":-2216.1579589844
 },
 "Y":{
  "0":-682.813659668,
  "1":874.0741577148,
  "2":864.4201049805,
  "3":-547.5244140625,
  "4":-547.5244140625,
  "5":869.8268432617,
  "6":869.8268432617,
  "7":866.4061279297,
  "8":866.4061279297,
  "9":-683.5477905273,
  "10":893.9599609375,
  "11":886.9919433594,
  "12":-713.0313720703,
  "13":879.0709838867,
  "14":939.6608276367,
  "15":-682.8167114258,
  "16":-694.0693359375,
  "17":883.2503051758,
  "18":874.0895385742,
  "19":874.0895385742
 },
 "Z":{
  "0":11774.1328125,
  "1":11744.03125,
  "2":11744.03125,
  "3":11776.03125,
  "4":11776.03125,
  "5":11744.03125,
  "6":11744.03125,
  "7":11744.03125,
  "8":11744.03125,
  "9":11774.224609375,
  "10":11744.03125,
  "11":11744.03125,
  "12":11776.03125,
  "13":11744.03125,
  "14":11744.03125,
  "15":11774.1337890625,
  "16":11775.5400390625,
  "17":11744.03125,
  "18":11744.03125,
  "19":11744.03125
 },
 "round":{
  "0":1,
  "1":2,
  "2":3,
  "3":8,
  "4":8,
  "5":9,
  "6":9,
  "7":10,
  "8":10,
  "9":12,
  "10":13,
  "11":14,
  "12":16,
  "13":17,
  "14":17,
  "15":20,
  "16":20,
  "17":22,
  "18":23,
  "19":23
 }
}