{
 "tick":{
  "0":2416,
  "1":11149,
  "2":12942,
  "3":39755,
  "4":42379,
  "5":63113,
  "6":65473,
  "7":73998,
  "8":76622,
  "9":84739,
  "10":87363,
  "11":93516,
  "12":101161,
  "13":102624,
  "14":106527,
  "15":117271,
  "16":129598,
  "17":132222,
  "18":144881,
  "19":151595
 },
 "event":{
  "0":"planted",
  "1":"planted",
  "2":"defused",
  "3":"planted",
  "4":"exploded",
  "5":"planted",
  "6":"defused",
  "7":"planted",
  "8":"exploded",
  "9":"planted",
  "10":"exploded",
  "11":"planted",
  "12":"planted",
  "13":"defused",
  "14":"planted",
  "15":"planted",
  "16":"planted",
  "17":"exploded",
  "18":"planted",
  "19":"planted"
 },
 "site":{
  "0":"BombsiteA",
  "1":"BombsiteB",
  "2":"BombsiteB",
  "3":"BombsiteA",
  "4":"BombsiteA",
  "5":"BombsiteA",
  "6":"BombsiteA",
  "7":"BombsiteB",
  "8":"BombsiteB",
  "9":"BombsiteB",
  "10":"BombsiteB",
  "11":"BombsiteA",
  "12":"BombsiteA",
  "13":"BombsiteA",
  "14":"BombsiteB",
  "15":"BombsiteB",
  "16":"BombsiteA",
  "17":"BombsiteA",
  "18":"BombsiteA",
  "19":"BombsiteA"
 },
 "X":{
  "0":-1237.2760009766,
  "1":798.299987793,
  "2":748.2792358398,
  "3":-1282.3658447266,
  "4":-1282.3658447266,
  "5":-1561.0388183594,
  "6":-1515.1964111328,
  "7":805.4512329102,
  "8":805.4512329102,
  "9":825.2783203125,
  "10":825.2783203125,
  "11":-1578.3995361328,
  "12":-1315.5008544922,
  "13":-1338.5310058594,
  "14":786.6044921875,
  "15":869.028137207,
  "16":-1272.5736083984,
  "17":-1272.5736083984,
  "18":-1254.1798095703,
  "19":-1568.4575195312
 },
 "Y":{
  "0":729.9709472656,
  "1":4.9696907997,
  "2":-30.9752807617,
  "3":759.870300293,
  "4":759.870300293,
  "5":697.4899291992,
  "6":738.201965332,
  "7":4.9685196877,
  "8":4.9685196877,
  "9":4.9686288834,
  "10":4.9686288834,
  "11":710.7344970703,
  "12":716.727355957,
  "13":771.2652587891,
  "14":152.0297698975,
  "15":56.5661239624,
  "16":729.9685668945,
  "17":729.9685668945,
  "18":729.9672241211,
  "19":708.0590820312
 },
 "Z":{
  "0":56.03125,
  "1":130.9011230469,
  "2":130.03125,
  "3":54.03125,
  "4":54.03125,
  "5":56.03125,
  "6":54.0312538147,
  "7":130.9011230469,
  "8":130.9011230469,
  "9":130.9011230469,
  "10":130.9011230469,
  "11":56.03125,
  "12":56.03125,
  "13":54.0312538147,
  "14":130.03125,
  "15":130.9011077881,
  "16":56.03125,
  "17":56.03125,
  "18":56.03125,
  "19":56.03125
 },
 "round":{
  "0":1,
  "1":2,
  "2":2,
  "3":6,
  "4":6,
  "5":9,
  "6":9,
  "7":10,
  "8":10,
  "9":11,
  "10":11,
  "11":12,
  "12":13,
  "13":13,
  "14":14,
  "15":15,
  "16":17,
  "17":17,
  "18":19,
  "19":20
 }
}