{
 "tick":{
  "0":11562,
  "1":18298,
  "2":24135,
  "3":26759,
  "4":70233,
  "5":75612,
  "6":78100,
  "7":84674,
  "8":87298,
  "9":91396,
  "10":113302,
  "11":115037,
  "12":119010,
  "13":120656,
  "14":129052,
  "15":139518,
  "16":156866,
  "17":159490,
  "18":164483
 },
 "event":{
  "0":"planted",
  "1":"planted",
  "2":"planted",
  "3":"exploded",
  "4":"planted",
  "5":"planted",
  "6":"defused",
  "7":"planted",
  "8":"exploded",
  "9":"planted",
  "10":"planted",
  "11":"defused",
  "12":"planted",
  "13":"defused",
  "14":"planted",
  "15":"planted",
  "16":"planted",
  "17":"exploded",
  "18":"planted"
 },
 "site":{
  "0":"BombsiteB",
  "1":"BombsiteA",
  "2":"BombsiteB",
  "3":"BombsiteB",
  "4":"BombsiteA",
  "5":"BombsiteA",
  "6":"BombsiteA",
  "7":"BombsiteA",
  "8":"BombsiteA",
  "9":"BombsiteA",
  "10":"BombsiteA",
  "11":"BombsiteA",
  "12":"BombsiteA",
  "13":"BombsiteA",
  "14":"BombsiteB",
  "15":"BombsiteB",
  "16":"BombsiteA",
  "17":"BombsiteA",
  "18":"BombsiteB"
 },
 "X":{
  "0":-1987.0313720703,
  "1":-505.6717529297,
  "2":-1913.7286376953,
  "3":-1913.7286376953,
  "4":-619.9551391602,
  "5":-268.2365112305,
  "6":-305.7056884766,
  "7":-494.4040527344,
  "8":-494.4040527344,
  "9":-282.7056884766,
  "10":-620.568359375,
  "11":-588.9226074219,
  "12":-253.96875,
  "13":-293.9645996094,
  "14":-2094.96875,
  "15":-2043.2213134766,
  "16":-253.96875,
  "17":-253.96875,
  "18":-1880.7912597656
 },
 "Y":{
  "0":414.8680725098,
  "1":-1972.9685058594,
  "2":242.0325469971,
  "3":242.0325469971,
  "4":-2165.3669433594,
  "5":-2154.8059082031,
  "6":-2202.2841796875,
  "7":-2007.0872802734,
  "8":-2007.0872802734,
  "9":-2170.9587402344,
  "10":-1981.0590820312,
  "11":-1947.3620605469,
  "12":-2134.0754394531,
  "13":-2179.7160644531,
  "14":378.4071044922,
  "15":79.8463134766,
  "16":-2134.0754394531,
  "17":-2134.0754394531,
  "18":242.0314941406
 },
 "Z":{
  "0":-159.96875,
  "1":-179.96875,
  "2":-159.96875,
  "3":-159.96875,
  "4":-179.96875,
  "5":-173.5074462891,
  "6":-170.9525146484,
  "7":-179.96875,
  "8":-179.96875,
  "9":-172.7147216797,
  "10":-179.96875,
  "11":-179.96875,
  "12":-172.9469604492,
  "13":-172.436706543,
  "14":-159.96875,
  "15":-159.96875,
  "16":-172.9469604492,
  "17":-172.9469604492,
  "18":-159.96875
 },
 "round":{
  "0":2,
  "1":3,
  "2":4,
  "3":4,
  "4":11,
  "5":12,
  "6":12,
  "7":13,
  "8":13,
  "9":14,
  "10":17,
  "11":17,
  "12":18,
  "13":18,
  "14":19,
  "15":20,
  "16":22,
  "17":22,
  "18":23
 }
}