{
 "tick":{
  "0":22734,
  "1":24719,
  "2":40816,
  "3":43440,
  "4":52194,
  "5":54818,
  "6":68708,
  "7":77703,
  "8":83104,
  "9":85728,
  "10":94788,
  "11":100452,
  "12":119525,
  "13":129878,
  "14":146852,
  "15":148763
 },
 "event":{
  "0":"planted",
  "1":"defused",
  "2":"planted",
  "3":"exploded",
  "4":"planted",
  "5":"exploded",
  "6":"planted",
  "7":"planted",
  "8":"planted",
  "9":"exploded",
  "10":"planted",
  "11":"planted",
  "12":"planted",
  "13":"planted",
  "14":"planted",
  "15":"defused"
 },
 "site":{
  "0":"BombsiteB",
  "1":"BombsiteB",
  "2":"BombsiteA",
  "3":"BombsiteA",
  "4":"BombsiteB",
  "5":"BombsiteB",
  "6":"BombsiteB",
  "7":"BombsiteA",
  "8":"BombsiteB",
  "9":"BombsiteB",
  "10":"BombsiteA",
  "11":"BombsiteB",
  "12":"BombsiteA",
  "13":"BombsiteA",
  "14":"BombsiteB",
  "15":"BombsiteB"
 },
 "X":{
  "0":340.0314941406,
  "1":351.3273620605,
  "2":573.1622924805,
  "3":573.1622924805,
  "4":638.7817993164,
  "5":638.7817993164,
  "6":369.8472290039,
  "7":856.6975097656,
  "8":639.5928344727,
  "9":639.5928344727,
  "10":663.2727661133,
  "11":375.5231323242,
  "12":752.2258911133,
  "13":676.4823608398,
  "14":642.4733276367,
  "15":585.0529785156
 },
 "Y":{
  "0":-718.7482299805,
  "1":-776.8021240234,
  "2":-916.9754638672,
  "3":-916.9754638672,
  "4":-1308.7235107422,
  "5":-1308.7235107422,
  "6":-732.2054443359,
  "7":-652.5033569336,
  "8":-1307.90234375,
  "9":-1307.90234375,
  "10":-901.2689819336,
  "11":-703.1196289062,
  "12":-605.923034668,
  "13":-811.9155273438,
  "14":-1268.2862548828,
  "15":-1249.0570068359
 },
 "Z":{
  "0":-765.96875,
  "1":-771.96875,
  "2":-406.4791870117,
  "3":-406.4791870117,
  "4":-765.96875,
  "5":-765.96875,
  "6":-771.96875,
  "7":-399.9683837891,
  "8":-765.96875,
  "9":-765.96875,
  "10":-415.96875,
  "11":-765.96875,
  "12":-399.9682617188,
  "13":-415.473449707,
  "14":-769.96875,
  "15":-752.84375
 },
 "round":{
  "0":3,
  "1":3,
  "2":5,
  "3":5,
  "4":6,
  "5":6,
  "6":8,
  "7":9,
  "8":10,
  "9":10,
  "10":11,
  "11":12,
  "12":13,
  "13":14,
  "14":16,
  "15":16
 }
}