{
 "tick":{
  "0":1585,
  "1":4029,
  "2":34257,
  "3":35696,
  "4":54220,
  "5":69397,
  "6":75194,
  "7":88186,
  "8":94572,
  "9":97196,
  "10":104062,
  "11":106686,
  "12":112952
 },
 "event":{
  "0":"planted",
  "1":"defused",
  "2":"planted",
  "3":"defused",
  "4":"planted",
  "5":"planted",
  "6":"planted",
  "7":"planted",
  "8":"planted",
  "9":"exploded",
  "10":"planted",
  "11":"exploded",
  "12":"planted"
 },
 "site":{
  "0":"BombsiteA",
  "1":"BombsiteA",
  "2":"BombsiteA",
  "3":"BombsiteA",
  "4":"BombsiteA",
  "5":"BombsiteB",
  "6":"BombsiteB",
  "7":"BombsiteB",
  "8":"BombsiteB",
  "9":"BombsiteB",
  "10":"BombsiteA",
  "11":"BombsiteA",
  "12":"BombsiteB"
 },
 "X":{
  "0":-1280.03125,
  "1":-1336.9156494141,
  "2":-1216.5595703125,
  "3":-1161.3629150391,
  "4":-1263.5509033203,
  "5":796.3140258789,
  "6":794.1774902344,
  "7":794.4876708984,
  "8":797.6524658203,
  "9":797.6524658203,
  "10":-1205.9989013672,
  "11":-1205.9989013672,
  "12":833.9709472656
 },
 "Y":{
  "0":787.1130981445,
  "1":811.6643676758,
  "2":893.0317993164,
  "3":868.7975463867,
  "4":729.9685668945,
  "5":4.968729496,
  "6":4.9696192741,
  "7":4.967648983,
  "8":4.9685072899,
  "9":4.9685072899,
  "10":896.3281860352,
  "11":896.3281860352,
  "12":4.9692239761
 },
 "Z":{
  "0":54.03125,
  "1":54.0312538147,
  "2":62.03125,
  "3":53.6345291138,
  "4":56.03125,
  "5":130.9011230469,
  "6":130.9011230469,
  "7":130.9011230469,
  "8":130.9011230469,
  "9":130.9011230469,
  "10":62.03125,
  "11":62.03125,
  "12":130.9011230469
 },
 "round":{
  "0":1,
  "1":1,
  "2":5,
  "3":5,
  "4":8,
  "5":10,
  "6":11,
  "7":13,
  "8":14,
  "9":14,
  "10":15,
  "11":15,
  "12":16
 }
}