{
 "tick":{
  "0":9359,
  "1":16297,
  "2":23872,
  "3":26496,
  "4":33784,
  "5":54859,
  "6":56246,
  "7":62072,
  "8":63979,
  "9":93683,
  "10":94999,
  "11":117477,
  "12":127213,
  "13":129837,
  "14":152710,
  "15":160623,
  "16":163093,
  "17":191643
 },
 "event":{
  "0":"planted",
  "1":"planted",
  "2":"planted",
  "3":"exploded",
  "4":"planted",
  "5":"planted",
  "6":"defused",
  "7":"planted",
  "8":"defused",
  "9":"planted",
  "10":"defused",
  "11":"planted",
  "12":"planted",
  "13":"exploded",
  "14":"planted",
  "15":"planted",
  "16":"defused",
  "17":"planted"
 },
 "site":{
  "0":"BombsiteB",
  "1":"BombsiteB",
  "2":"BombsiteB",
  "3":"BombsiteB",
  "4":"BombsiteB",
  "5":"BombsiteB",
  "6":"BombsiteB",
  "7":"BombsiteA",
  "8":"BombsiteA",
  "9":"BombsiteA",
  "10":"BombsiteA",
  "11":"BombsiteA",
  "12":"BombsiteA",
  "13":"BombsiteA",
  "14":"BombsiteB",
  "15":"BombsiteB",
  "16":"BombsiteB",
  "17":"BombsiteB"
 },
 "X":{
  "0":343.8546142578,
  "1":340.0314331055,
  "2":624.1588134766,
  "3":624.1588134766,
  "4":631.8096923828,
  "5":340.0337219238,
  "6":340.028503418,
  "7":669.9267578125,
  "8":730.9813842773,
  "9":721.0884399414,
  "10":743.2145385742,
  "11":683.8515625,
  "12":586.6962890625,
  "13":586.6962890625,
  "14":355.9669494629,
  "15":515.6107177734,
  "16":569.7506103516,
  "17":634.3950805664
 },
 "Y":{
  "0":-710.8939819336,
  "1":-756.3754882812,
  "2":-1256.0621337891,
  "3":-1256.0621337891,
  "4":-1256.0313720703,
  "5":-709.7213134766,
  "6":-771.3875732422,
  "7":-766.1479492188,
  "8":-775.1807861328,
  "9":-603.2849121094,
  "10":-560.3306274414,
  "11":-920.2543334961,
  "12":-764.8557128906,
  "13":-764.8557128906,
  "14":-709.5888061523,
  "15":-691.9824829102,
  "16":-718.8568725586,
  "17":-1269.0455322266
 },
 "Z":{
  "0":-765.96875,
  "1":-771.96875,
  "2":-768.84375,
  "3":-768.84375,
  "4":-768.84375,
  "5":-765.96875,
  "6":-771.96875,
  "7":-399.96875,
  "8":-399.9682617188,
  "9":-399.9682617188,
  "10":-399.9682617188,
  "11":-414.96875,
  "12":-399.96875,
  "13":-399.96875,
  "14":-765.96875,
  "15":-765.96875,
  "16":-765.96875,
  "17":-769.96875
 },
 "round":{
  "0":2,
  "1":3,
  "2":4,
  "3":4,
  "4":5,
  "5":8,
  "6":8,
  "7":9,
  "8":9,
  "9":14,
  "10":14,
  "11":17,
  "12":18,
  "13":18,
  "14":21,
  "15":22,
  "16":22,
  "17":25
 }
}