{
 "tick":{
  "0":18978,
  "1":20567,
  "2":52297,
  "3":52934,
  "4":71949,
  "5":79809,
  "6":82433,
  "7":86667,
  "8":95900,
  "9":99754,
  "10":102378,
  "11":119976,
  "12":121133,
  "13":153907,
  "14":164234
 },
 "event":{
  "0":"planted",
  "1":"defused",
  "2":"planted",
  "3":"defused",
  "4":"planted",
  "5":"planted",
  "6":"exploded",
  "7":"planted",
  "8":"planted",
  "9":"planted",
  "10":"exploded",
  "11":"planted",
  "12":"defused",
  "13":"planted",
  "14":"planted"
 },
 "site":{
  "0":"BombsiteB",
  "1":"BombsiteB",
  "2":"BombsiteB",
  "3":"BombsiteB",
  "4":"BombsiteB",
  "5":"BombsiteB",
  "6":"BombsiteB",
  "7":"BombsiteB",
  "8":"BombsiteB",
  "9":"BombsiteB",
  "10":"BombsiteB",
  "11":"BombsiteA",
  "12":"BombsiteA",
  "13":"BombsiteA",
  "14":"BombsiteB"
 },
 "X":{
  "0":-2224.6450195312,
  "1":-2250.6447753906,
  "2":-2146.0314941406,
  "3":-2203.1696777344,
  "4":-2216.03125,
  "5":-2216.0466308594,
  "6":-2216.0466308594,
  "7":-2331.7355957031,
  "8":-2216.4558105469,
  "9":-2216.03125,
  "10":-2216.03125,
  "11":-357.421875,
  "12":-415.803894043,
  "13":-364.9986572266,
  "14":-2216.03125
 },
 "Y":{
  "0":885.6188964844,
  "1":829.3966064453,
  "2":753.1670532227,
  "3":771.8889770508,
  "4":821.8640136719,
  "5":843.3413085938,
  "6":843.3413085938,
  "7":901.8801879883,
  "8":864.1401977539,
  "9":866.5336914062,
  "10":866.5336914062,
  "11":-685.1259155273,
  "12":-704.6906738281,
  "13":-689.0333251953,
  "14":869.4104003906
 },
 "Z":{
  "0":11744.03125,
  "1":11744.03125,
  "2":11744.03125,
  "3":11744.03125,
  "4":11744.03125,
  "5":11744.03125,
  "6":11744.03125,
  "7":11744.03125,
  "8":11744.03125,
  "9":11744.03125,
  "10":11744.03125,
  "11":11774.421875,
  "12":11776.03125,
  "13":11774.9111328125,
  "14":11744.03125
 },
 "round":{
  "0":3,
  "1":3,
  "2":7,
  "3":7,
  "4":10,
  "5":11,
  "6":11,
  "7":12,
  "8":13,
  "9":14,
  "10":14,
  "11":16,
  "12":16,
  "13":20,
  "14":21
 }
}