{
 "tick":{
  "0":9880,
  "1":12504,
  "2":18484,
  "3":21108,
  "4":32900,
  "5":62644,
  "6":63789,
  "7":69579,
  "8":87163,
  "9":89787,
  "10":96217,
  "11":130551,
  "12":133175,
  "13":140857,
  "14":142068
 },
 "event":{
  "0":"planted",
  "1":"exploded",
  "2":"planted",
  "3":"exploded",
  "4":"planted",
  "5":"planted",
  "6":"defused",
  "7":"planted",
  "8":"planted",
  "9":"exploded",
  "10":"planted",
  "11":"planted",
  "12":"exploded",
  "13":"planted",
  "14":"defused"
 },
 "site":{
  "0":"BombsiteB",
  "1":"BombsiteB",
  "2":"BombsiteA",
  "3":"BombsiteA",
  "4":"BombsiteB",
  "5":"BombsiteA",
  "6":"BombsiteA",
  "7":"BombsiteA",
  "8":"BombsiteB",
  "9":"BombsiteB",
  "10":"BombsiteA",
  "11":"BombsiteB",
  "12":"BombsiteB",
  "13":"BombsiteA",
  "14":"BombsiteA"
 },
 "X":{
  "0":-1056.4056396484,
  "1":-1056.4056396484,
  "2":1292.2159423828,
  "3":1292.2159423828,
  "4":-997.4835205078,
  "5":1279.4278564453,
  "6":1279.5183105469,
  "7":1309.1392822266,
  "8":-1042.6384277344,
  "9":-1042.6384277344,
  "10":1274.1351318359,
  "11":-1054.2506103516,
  "12":-1054.2506103516,
  "13":1280.0281982422,
  "14":1271.4813232422
 },
 "Y":{
  "0":599.9684448242,
  "1":599.9684448242,
  "2":1866.9348144531,
  "3":1866.9348144531,
  "4":599.9686279297,
  "5":1883.095703125,
  "6":1944.9877929688,
  "7":1876.4637451172,
  "8":599.9693603516,
  "9":599.9693603516,
  "10":1946.8436279297,
  "11":599.9686279297,
  "12":599.9686279297,
  "13":1912.7016601562,
  "14":1973.2678222656
 },
 "Z":{
  "0":-1.96875,
  "1":-1.96875,
  "2":-191.96875,
  "3":-191.96875,
  "4":-1.96875,
  "5":-179.2534179688,
  "6":-191.96875,
  "7":-191.96875,
  "8":-1.96875,
  "9":-1.96875,
  "10":-178.6677856445,
  "11":-1.96875,
  "12":-1.96875,
  "13":-179.3947753906,
  "14":-191.96875
 },
 "round":{
  "0":2,
  "1":2,
  "2":3,
  "3":3,
  "4":5,
  "5":8,
  "6":8,
  "7":9,
  "8":11,
  "9":11,
  "10":12,
  "11":18,
  "12":18,
  "13":19,
  "14":19
 }
}