{
 "tick":{
  "0":4260,
  "1":11202,
  "2":13826,
  "3":19383,
  "4":22007,
  "5":39495,
  "6":42119,
  "7":48733,
  "8":86280,
  "9":98265,
  "10":136336,
  "11":137787
 },
 "event":{
  "0":"planted",
  "1":"planted",
  "2":"exploded",
  "3":"planted",
  "4":"exploded",
  "5":"planted",
  "6":"exploded",
  "7":"planted",
  "8":"planted",
  "9":"planted",
  "10":"planted",
  "11":"defused"
 },
 "site":{
  "0":"BombsiteA",
  "1":"BombsiteA",
  "2":"BombsiteA",
  "3":"BombsiteB",
  "4":"BombsiteB",
  "5":"BombsiteA",
  "6":"BombsiteA",
  "7":"BombsiteA",
  "8":"BombsiteB",
  "9":"BombsiteB",
  "10":"BombsiteB",
  "11":"BombsiteB"
 },
 "X":{
  "0":1949.0313720703,
  "1":1980.5483398438,
  "2":1980.5483398438,
  "3":546.2400512695,
  "4":546.2400512695,
  "5":2109.9360351562,
  "6":2109.9360351562,
  "7":1949.03125,
  "8":532.4338378906,
  "9":232.0529174805,
  "10":545.9161987305,
  "11":553.3482666016
 },
 "Y":{
  "0":696.96875,
  "1":716.6139526367,
  "2":716.6139526367,
  "3":2942.1281738281,
  "4":2942.1281738281,
  "5":179.5212860107,
  "6":179.5212860107,
  "7":696.96875,
  "8":2957.6743164062,
  "9":2916.1491699219,
  "10":2938.3981933594,
  "11":2883.96875
 },
 "Z":{
  "0":160.03125,
  "1":160.03125,
  "2":160.03125,
  "3":161.5312347412,
  "4":161.5312347412,
  "5":160.03125,
  "6":160.03125,
  "7":160.03125,
  "8":161.5312347412,
  "9":161.5312652588,
  "10":161.5312347412,
  "11":161.5312347412
 },
 "round":{
  "0":1,
  "1":2,
  "2":2,
  "3":3,
  "4":3,
  "5":5,
  "6":5,
  "7":6,
  "8":10,
  "9":11,
  "10":16,
  "11":16
 }
}