{
 "tick":{
  "0":13278,
  "1":15420,
  "2":56119,
  "3":58743,
  "4":81124,
  "5":86734,
  "6":89358,
  "7":101952,
  "8":104576
 },
 "event":{
  "0":"planted",
  "1":"defused",
  "2":"planted",
  "3":"exploded",
  "4":"planted",
  "5":"planted",
  "6":"exploded",
  "7":"planted",
  "8":"exploded"
 },
 "site":{
  "0":"BombsiteA",
  "1":"BombsiteA",
  "2":"BombsiteA",
  "3":"BombsiteA",
  "4":"BombsiteA",
  "5":"BombsiteA",
  "6":"BombsiteA",
  "7":"BombsiteB",
  "8":"BombsiteB"
 },
 "X":{
  "0":-482.7136230469,
  "1":-484.3854980469,
  "2":-380.6458129883,
  "3":-380.6458129883,
  "4":-271.4631347656,
  "5":-292.9779663086,
  "6":-292.9779663086,
  "7":-1987.0289306641,
  "8":-1987.0289306641
 },
 "Y":{
  "0":-1976.3922119141,
  "1":-2037.7835693359,
  "2":-2129.5595703125,
  "3":-2129.5595703125,
  "4":-2155.6611328125,
  "5":-2006.9367675781,
  "6":-2006.9367675781,
  "7":437.6907043457,
  "8":437.6907043457
 },
 "Z":{
  "0":-179.96875,
  "1":-179.96875,
  "2":-179.96875,
  "3":-179.96875,
  "4":-173.5748291016,
  "5":-170.7637939453,
  "6":-170.7637939453,
  "7":-159.96875,
  "8":-159.96875
 },
 "round":{
  "0":3,
  "1":3,
  "2":8,
  "3":8,
  "4":12,
  "5":13,
  "6":13,
  "7":15,
  "8":15
 }
}