{
 "tick":{
  "0":4666,
  "1":7290,
  "2":14856,
  "3":32448,
  "4":35072,
  "5":43777,
  "6":46401,
  "7":54004,
  "8":56628,
  "9":62114,
  "10":69987,
  "11":76484,
  "12":83373,
  "13":85997,
  "14":97150,
  "15":119482,
  "16":122106
 },
 "event":{
  "0":"planted",
  "1":"exploded",
  "2":"planted",
  "3":"planted",
  "4":"exploded",
  "5":"planted",
  "6":"exploded",
  "7":"planted",
  "8":"exploded",
  "9":"planted",
  "10":"planted",
  "11":"planted",
  "12":"planted",
  "13":"exploded",
  "14":"planted",
  "15":"planted",
  "16":"exploded"
 },
 "site":{
  "0":"BombsiteA",
  "1":"BombsiteA",
  "2":"BombsiteA",
  "3":"BombsiteA",
  "4":"BombsiteA",
  "5":"BombsiteB",
  "6":"BombsiteB",
  "7":"BombsiteB",
  "8":"BombsiteB",
  "9":"BombsiteA",
  "10":"BombsiteA",
  "11":"BombsiteB",
  "12":"BombsiteB",
  "13":"BombsiteB",
  "14":"BombsiteB",
  "15":"BombsiteA",
  "16":"BombsiteA"
 },
 "X":{
  "0":2013.9686279297,
  "1":2013.9686279297,
  "2":2013.8087158203,
  "3":1966.03125,
  "4":1966.03125,
  "5":309.3445129395,
  "6":309.3445129395,
  "7":540.2222290039,
  "8":540.2222290039,
  "9":1889.1380615234,
  "10":2100.5,
  "11":176.7868041992,
  "12":547.2550048828,
  "13":547.2550048828,
  "14":547.733581543,
  "15":1831.0811767578,
  "16":1831.0811767578
 },
 "Y":{
  "0":721.96875,
  "1":721.96875,
  "2":721.9686889648,
  "3":721.96875,
  "4":721.96875,
  "5":2763.4362792969,
  "6":2763.4362792969,
  "7":2925.7294921875,
  "8":2925.7294921875,
  "9":342.5355529785,
  "10":180.896697998,
  "11":2786.8310546875,
  "12":2953.7944335938,
  "13":2953.7944335938,
  "14":2959.2971191406,
  "15":274.1499023438,
  "16":274.1499023438
 },
 "Z":{
  "0":160.03125,
  "1":160.03125,
  "2":160.03125,
  "3":160.03125,
  "4":160.03125,
  "5":184.2997589111,
  "6":184.2997589111,
  "7":161.5312347412,
  "8":161.5312347412,
  "9":161.0312042236,
  "10":160.03125,
  "11":164.03125,
  "12":161.5312347412,
  "13":161.5312347412,
  "14":161.5312347412,
  "15":161.0312194824,
  "16":161.0312194824
 },
 "round":{
  "0":1,
  "1":1,
  "2":2,
  "3":4,
  "4":4,
  "5":5,
  "6":5,
  "7":6,
  "8":6,
  "9":7,
  "10":8,
  "11":9,
  "12":10,
  "13":10,
  "14":12,
  "15":15,
  "16":15
 }
}