{
 "tick":{
  "0":13317,
  "1":19610,
  "2":25975,
  "3":41453,
  "4":43743,
  "5":50926,
  "6":51737,
  "7":56309,
  "8":58933,
  "9":67011,
  "10":68992,
  "11":80595,
  "12":88297,
  "13":92812,
  "14":109971,
  "15":112595,
  "16":116269
 },
 "event":{
  "0":"planted",
  "1":"planted",
  "2":"planted",
  "3":"planted",
  "4":"defused",
  "5":"planted",
  "6":"defused",
  "7":"planted",
  "8":"exploded",
  "9":"planted",
  "10":"defused",
  "11":"planted",
  "12":"planted",
  "13":"planted",
  "14":"planted",
  "15":"exploded",
  "16":"planted"
 },
 "site":{
  "0":"BombsiteB",
  "1":"BombsiteA",
  "2":"BombsiteB",
  "3":"BombsiteB",
  "4":"BombsiteB",
  "5":"BombsiteB",
  "6":"BombsiteB",
  "7":"BombsiteB",
  "8":"BombsiteB",
  "9":"BombsiteB",
  "10":"BombsiteB",
  "11":"BombsiteA",
  "12":"BombsiteA",
  "13":"BombsiteB",
  "14":"BombsiteB",
  "15":"BombsiteB",
  "16":"BombsiteB"
 },
 "X":{
  "0":1081.9256591797,
  "1":-1280.0314941406,
  "2":1043.5362548828,
  "3":869.0281982422,
  "4":905.4855957031,
  "5":670.0331420898,
  "6":731.3369140625,
  "7":869.0289306641,
  "8":869.0289306641,
  "9":869.0321044922,
  "10":912.9307861328,
  "11":-1334.7026367188,
  "12":-1243.6184082031,
  "13":869.0313720703,
  "14":798.184753418,
  "15":798.184753418,
  "16":869.0313720703
 },
 "Y":{
  "0":-29.5232543945,
  "1":792.864074707,
  "2":-43.8698730469,
  "3":63.166217804,
  "4":109.049621582,
  "5":-96.2921142578,
  "6":-87.9385375977,
  "7":82.96875,
  "8":82.96875,
  "9":68.4998931885,
  "10":30.0139122009,
  "11":723.0852050781,
  "12":729.9686889648,
  "13":75.1719360352,
  "14":4.9682693481,
  "15":4.9682693481,
  "16":82.96875
 },
 "Z":{
  "0":134.03125,
  "1":54.03125,
  "2":134.03125,
  "3":130.9011077881,
  "4":130.03125,
  "5":134.03125,
  "6":134.03125,
  "7":130.9011077881,
  "8":130.9011077881,
  "9":130.9011077881,
  "10":130.03125,
  "11":56.03125,
  "12":56.03125,
  "13":130.9011077881,
  "14":130.9011230469,
  "15":130.9011230469,
  "16":130.9011077881
 },
 "round":{
  "0":4,
  "1":5,
  "2":6,
  "3":8,
  "4":8,
  "5":9,
  "6":9,
  "7":10,
  "8":10,
  "9":11,
  "10":11,
  "11":13,
  "12":14,
  "13":15,
  "14":17,
  "15":17,
  "16":18
 }
}