{
 "tick":{
  "0":1993,
  "1":10405,
  "2":34244,
  "3":36868,
  "4":39997,
  "5":42621,
  "6":50563,
  "7":53187,
  "8":80577,
  "9":83201,
  "10":91053
 },
 "event":{
  "0":"planted",
  "1":"planted",
  "2":"planted",
  "3":"exploded",
  "4":"planted",
  "5":"exploded",
  "6":"planted",
  "7":"exploded",
  "8":"planted",
  "9":"exploded",
  "10":"planted"
 },
 "site":{
  "0":"BombsiteA",
  "1":"BombsiteA",
  "2":"BombsiteA",
  "3":"BombsiteA",
  "4":"BombsiteA",
  "5":"BombsiteA",
  "6":"BombsiteB",
  "7":"BombsiteB",
  "8":"BombsiteA",
  "9":"BombsiteA",
  "10":"BombsiteA"
 },
 "X":{
  "0":647.7692260742,
  "1":616.7658691406,
  "2":755.0814208984,
  "3":755.0814208984,
  "4":727.623840332,
  "5":727.623840332,
  "6":647.0394897461,
  "7":647.0394897461,
  "8":636.8314208984,
  "9":636.8314208984,
  "10":850.2471923828
 },
 "Y":{
  "0":-768.0314331055,
  "1":-767.8036499023,
  "2":-798.6848754883,
  "3":-798.6848754883,
  "4":-778.5479736328,
  "5":-778.5479736328,
  "6":-1314.1186523438,
  "7":-1314.1186523438,
  "8":-774.7612915039,
  "9":-774.7612915039,
  "10":-695.0268554688
 },
 "Z":{
  "0":-415.96875,
  "1":-399.96875,
  "2":-399.9682617188,
  "3":-399.9682617188,
  "4":-399.9682617188,
  "5":-399.9682617188,
  "6":-765.96875,
  "7":-765.96875,
  "8":-415.96875,
  "9":-415.96875,
  "10":-399.9682617188
 },
 "round":{
  "0":1,
  "1":2,
  "2":4,
  "3":4,
  "4":5,
  "5":5,
  "6":6,
  "7":6,
  "8":10,
  "9":10,
  "10":11
 }
}