{
 "tick":{
  "0":3065,
  "1":5689,
  "2":12425,
  "3":15049,
  "4":22497,
  "5":63775,
  "6":66265,
  "7":92196,
  "8":94618,
  "9":132836,
  "10":135460
 },
 "event":{
  "0":"planted",
  "1":"exploded",
  "2":"planted",
  "3":"exploded",
  "4":"planted",
  "5":"planted",
  "6":"defused",
  "7":"planted",
  "8":"defused",
  "9":"planted",
  "10":"exploded"
 },
 "site":{
  "0":"BombsiteB",
  "1":"BombsiteB",
  "2":"BombsiteA",
  "3":"BombsiteA",
  "4":"BombsiteB",
  "5":"BombsiteA",
  "6":"BombsiteA",
  "7":"BombsiteB",
  "8":"BombsiteB",
  "9":"BombsiteA",
  "10":"BombsiteA"
 },
 "X":{
  "0":-1987.0334472656,
  "1":-1987.0334472656,
  "2":-605.1826171875,
  "3":-605.1826171875,
  "4":-1987.029296875,
  "5":-293.0228881836,
  "6":-235.7799072266,
  "7":-1925.6739501953,
  "8":-1965.6572265625,
  "9":-619.5737304688,
  "10":-619.5737304688
 },
 "Y":{
  "0":416.8561401367,
  "1":416.8561401367,
  "2":-1970.6372070312,
  "3":-1970.6372070312,
  "4":417.3902893066,
  "5":-2161.3757324219,
  "6":-2149.7487792969,
  "7":242.0313568115,
  "8":286.8236694336,
  "9":-1986.73046875,
  "10":-1986.73046875
 },
 "Z":{
  "0":-159.96875,
  "1":-159.96875,
  "2":-179.96875,
  "3":-179.96875,
  "4":-159.96875,
  "5":-174.0250854492,
  "6":-172.0267333984,
  "7":-159.96875,
  "8":-159.96875,
  "9":-179.96875,
  "10":-179.96875
 },
 "round":{
  "0":1,
  "1":1,
  "2":2,
  "3":2,
  "4":3,
  "5":8,
  "6":8,
  "7":12,
  "8":12,
  "9":17,
  "10":17
 }
}