{
 "tick":{
  "0":4558,
  "1":11848,
  "2":14472,
  "3":21380,
  "4":29632,
  "5":37577,
  "6":40201,
  "7":47535,
  "8":54671,
  "9":57295,
  "10":85909,
  "11":99422,
  "12":101515
 },
 "event":{
  "0":"planted",
  "1":"planted",
  "2":"exploded",
  "3":"planted",
  "4":"planted",
  "5":"planted",
  "6":"exploded",
  "7":"planted",
  "8":"planted",
  "9":"exploded",
  "10":"planted",
  "11":"planted",
  "12":"defused"
 },
 "site":{
  "0":"BombsiteB",
  "1":"BombsiteA",
  "2":"BombsiteA",
  "3":"BombsiteB",
  "4":"BombsiteA",
  "5":"BombsiteA",
  "6":"BombsiteA",
  "7":"BombsiteB",
  "8":"BombsiteA",
  "9":"BombsiteA",
  "10":"BombsiteA",
  "11":"BombsiteB",
  "12":"BombsiteB"
 },
 "X":{
  "0":-2216.03125,
  "1":-365.3350219727,
  "2":-365.3350219727,
  "3":-2216.03125,
  "4":-347.03125,
  "5":-366.4680175781,
  "6":-366.4680175781,
  "7":-2216.03125,
  "8":-375.033996582,
  "9":-375.033996582,
  "10":-363.4810791016,
  "11":-2315.8076171875,
  "12":-2319.2465820312
 },
 "Y":{
  "0":854.22265625,
  "1":-686.8843383789,
  "2":-686.8843383789,
  "3":868.1533813477,
  "4":-682.8167724609,
  "5":-687.1361694336,
  "6":-687.1361694336,
  "7":864.1968383789,
  "8":-689.0314941406,
  "9":-689.0314941406,
  "10":-686.6893920898,
  "11":859.7800292969,
  "12":894.0383911133
 },
 "Z":{
  "0":11744.03125,
  "1":11774.6416015625,
  "2":11774.6416015625,
  "3":11744.03125,
  "4":11774.1337890625,
  "5":11774.673828125,
  "6":11774.673828125,
  "7":11744.03125,
  "8":11774.91015625,
  "9":11774.91015625,
  "10":11774.6171875,
  "11":11744.03125,
  "12":11744.03125
 },
 "round":{
  "0":1,
  "1":2,
  "2":2,
  "3":3,
  "4":4,
  "5":5,
  "6":5,
  "7":6,
  "8":7,
  "9":7,
  "10":11,
  "11":13,
  "12":13
 }
}