{
 "tick":{
  "0":9903,
  "1":11925,
  "2":16445,
  "3":18161,
  "4":36575,
  "5":39199,
  "6":90305,
  "7":91462,
  "8":99935,
  "9":101882,
  "10":106740,
  "11":108116,
  "12":114409,
  "13":117033,
  "14":121537
 },
 "event":{
  "0":"planted",
  "1":"defused",
  "2":"planted",
  "3":"defused",
  "4":"planted",
  "5":"exploded",
  "6":"planted",
  "7":"defused",
  "8":"planted",
  "9":"defused",
  "10":"planted",
  "11":"defused",
  "12":"planted",
  "13":"exploded",
  "14":"planted"
 },
 "site":{
  "0":"BombsiteA",
  "1":"BombsiteA",
  "2":"BombsiteA",
  "3":"BombsiteA",
  "4":"BombsiteB",
  "5":"BombsiteB",
  "6":"BombsiteA",
  "7":"BombsiteA",
  "8":"BombsiteB",
  "9":"BombsiteB",
  "10":"BombsiteA",
  "11":"BombsiteA",
  "12":"BombsiteB",
  "13":"BombsiteB",
  "14":"BombsiteA"
 },
 "X":{
  "0":-1280.03125,
  "1":-1294.2983398438,
  "2":-1408.3011474609,
  "3":-1362.9007568359,
  "4":807.205078125,
  "5":807.205078125,
  "6":-1280.0313720703,
  "7":-1321.3591308594,
  "8":791.3201904297,
  "9":837.1342163086,
  "10":-1551.5140380859,
  "11":-1492.6416015625,
  "12":787.9937744141,
  "13":787.9937744141,
  "14":-1265.5759277344
 },
 "Y":{
  "0":793.96875,
  "1":734.1162719727,
  "2":770.1234130859,
  "3":810.9561767578,
  "4":-93.9065551758,
  "5":-93.9065551758,
  "6":786.6091918945,
  "7":743.3450927734,
  "8":4.9687166214,
  "9":-14.1943969727,
  "10":700.9827270508,
  "11":685.5741577148,
  "12":4.9686284065,
  "13":4.9686284065,
  "14":729.9684448242
 },
 "Z":{
  "0":54.03125,
  "1":54.03125,
  "2":54.03125,
  "3":54.0312538147,
  "4":134.03125,
  "5":134.03125,
  "6":54.03125,
  "7":54.03125,
  "8":130.9011230469,
  "9":130.03125,
  "10":56.03125,
  "11":55.822013855,
  "12":130.9011230469,
  "13":130.9011230469,
  "14":56.03125
 },
 "round":{
  "0":1,
  "1":1,
  "2":2,
  "3":2,
  "4":6,
  "5":6,
  "6":12,
  "7":12,
  "8":13,
  "9":13,
  "10":14,
  "11":14,
  "12":15,
  "13":15,
  "14":16
 }
}