{
 "tick":{
  "0":11591,
  "1":16859,
  "2":23216,
  "3":25840,
  "4":61610,
  "5":62993,
  "6":118761,
  "7":120635,
  "8":125378,
  "9":128002,
  "10":132497,
  "11":134474,
  "12":140494,
  "13":143118,
  "14":150659,
  "15":156848,
  "16":158442
 },
 "event":{
  "0":"planted",
  "1":"planted",
  "2":"planted",
  "3":"exploded",
  "4":"planted",
  "5":"defused",
  "6":"planted",
  "7":"defused",
  "8":"planted",
  "9":"exploded",
  "10":"planted",
  "11":"defused",
  "12":"planted",
  "13":"exploded",
  "14":"planted",
  "15":"planted",
  "16":"defused"
 },
 "site":{
  "0":"BombsiteB",
  "1":"BombsiteB",
  "2":"BombsiteA",
  "3":"BombsiteA",
  "4":"BombsiteB",
  "5":"BombsiteB",
  "6":"BombsiteA",
  "7":"BombsiteA",
  "8":"BombsiteA",
  "9":"BombsiteA",
  "10":"BombsiteB",
  "11":"BombsiteB",
  "12":"BombsiteA",
  "13":"BombsiteA",
  "14":"BombsiteB",
  "15":"BombsiteB",
  "16":"BombsiteB"
 },
 "X":{
  "0":-1040.4991455078,
  "1":-1224.8150634766,
  "2":1270.2724609375,
  "3":1270.2724609375,
  "4":-1136.03125,
  "5":-1161.8376464844,
  "6":1312.0313720703,
  "7":1353.1008300781,
  "8":1277.4483642578,
  "9":1277.4483642578,
  "10":-1136.03125,
  "11":-1158.4719238281,
  "12":1057.4581298828,
  "13":1057.4581298828,
  "14":-1042.8522949219,
  "15":-1136.0313720703,
  "16":-1136.0313720703
 },
 "Y":{
  "0":599.9678344727,
  "1":518.4833984375,
  "2":1842.7586669922,
  "3":1842.7586669922,
  "4":699.9686279297,
  "5":644.5469970703,
  "6":2144.7250976562,
  "7":2144.96484375,
  "8":1931.4766845703,
  "9":1931.4766845703,
  "10":699.96875,
  "11":658.3768310547,
  "12":1933.8321533203,
  "13":1933.8321533203,
  "14":599.9722290039,
  "15":699.96875,
  "16":638.3112792969
 },
 "Z":{
  "0":-1.96875,
  "1":0.0312485695,
  "2":-187.5786132812,
  "3":-187.5786132812,
  "4":-1.96875,
  "5":-3.96875,
  "6":-191.96875,
  "7":-191.96875,
  "8":-178.9332275391,
  "9":-178.9332275391,
  "10":-1.96875,
  "11":-3.96875,
  "12":-191.96875,
  "13":-191.96875,
  "14":-1.96875,
  "15":-1.96875,
  "16":-1.96875
 },
 "round":{
  "0":1,
  "1":2,
  "2":3,
  "3":3,
  "4":9,
  "5":9,
  "6":14,
  "7":14,
  "8":15,
  "9":15,
  "10":16,
  "11":16,
  "12":17,
  "13":17,
  "14":18,
  "15":19,
  "16":19
 }
}