{
 "tick":{
  "0":1782,
  "1":4107,
  "2":11056,
  "3":13680,
  "4":18721,
  "5":20934,
  "6":28728,
  "7":31352,
  "8":53515,
  "9":55504,
  "10":61023,
  "11":65895,
  "12":104761,
  "13":106666
 },
 "event":{
  "0":"planted",
  "1":"defused",
  "2":"planted",
  "3":"exploded",
  "4":"planted",
  "5":"defused",
  "6":"planted",
  "7":"exploded",
  "8":"planted",
  "9":"defused",
  "10":"planted",
  "11":"planted",
  "12":"planted",
  "13":"defused"
 },
 "site":{
  "0":"BombsiteA",
  "1":"BombsiteA",
  "2":"BombsiteA",
  "3":"BombsiteA",
  "4":"BombsiteA",
  "5":"BombsiteA",
  "6":"BombsiteA",
  "7":"BombsiteA",
  "8":"BombsiteB",
  "9":"BombsiteB",
  "10":"BombsiteB",
  "11":"BombsiteA",
  "12":"BombsiteB",
  "13":"BombsiteB"
 },
 "X":{
  "0":-275.4438476562,
  "1":-236.5301513672,
  "2":-394.552734375,
  "3":-394.552734375,
  "4":-579.5280761719,
  "5":-637.6597900391,
  "6":-624.2297973633,
  "7":-624.2297973633,
  "8":-1920.1649169922,
  "9":-1972.6734619141,
  "10":-1987.0321044922,
  "11":-277.8489379883,
  "12":-1987.0317382812,
  "13":-2008.9719238281
 },
 "Y":{
  "0":-2156.7778320312,
  "1":-2144.7375488281,
  "2":-2055.6447753906,
  "3":-2055.6447753906,
  "4":-1980.0570068359,
  "5":-1993.8662109375,
  "6":-1989.3409423828,
  "7":-1989.3409423828,
  "8":242.0319519043,
  "9":267.2838134766,
  "10":388.0213317871,
  "11":-2175.9208984375,
  "12":416.1413574219,
  "13":360.2059020996
 },
 "Z":{
  "0":-173.6525268555,
  "1":-171.8707275391,
  "2":-179.96875,
  "3":-179.96875,
  "4":-179.96875,
  "5":-179.96875,
  "6":-179.96875,
  "7":-179.96875,
  "8":-159.96875,
  "9":-159.96875,
  "10":-159.96875,
  "11":-172.057800293,
  "12":-159.96875,
  "13":-159.96875
 },
 "round":{
  "0":1,
  "1":1,
  "2":2,
  "3":2,
  "4":3,
  "5":3,
  "6":4,
  "7":4,
  "8":8,
  "9":8,
  "10":9,
  "11":10,
  "12":17,
  "13":17
 }
}