{
 "tick":{
  "0":4035,
  "1":5394,
  "2":37690,
  "3":40314,
  "4":54443,
  "5":56726,
  "6":73357,
  "7":75981,
  "8":83515,
  "9":84684,
  "10":98450,
  "11":101074,
  "12":108305,
  "13":110929,
  "14":116863
 },
 "event":{
  "0":"planted",
  "1":"defused",
  "2":"planted",
  "3":"exploded",
  "4":"planted",
  "5":"defused",
  "6":"planted",
  "7":"exploded",
  "8":"planted",
  "9":"defused",
  "10":"planted",
  "11":"exploded",
  "12":"planted",
  "13":"exploded",
  "14":"planted"
 },
 "site":{
  "0":"BombsiteA",
  "1":"BombsiteA",
  "2":"BombsiteB",
  "3":"BombsiteB",
  "4":"BombsiteB",
  "5":"BombsiteB",
  "6":"BombsiteA",
  "7":"BombsiteA",
  "8":"BombsiteB",
  "9":"BombsiteB",
  "10":"BombsiteB",
  "11":"BombsiteB",
  "12":"BombsiteA",
  "13":"BombsiteA",
  "14":"BombsiteB"
 },
 "X":{
  "0":-315.8796386719,
  "1":-260.7196044922,
  "2":-2216.03125,
  "3":-2216.03125,
  "4":-2216.0327148438,
  "5":-2267.7739257812,
  "6":-291.2408447266,
  "7":-291.2408447266,
  "8":-2341.7421875,
  "9":-2381.2229003906,
  "10":-2295.3649902344,
  "11":-2295.3649902344,
  "12":-349.8275146484,
  "13":-349.8275146484,
  "14":-2227.2075195312
 },
 "Y":{
  "0":-713.0280761719,
  "1":-741.2373657227,
  "2":884.7047729492,
  "3":884.7047729492,
  "4":860.4243164062,
  "5":892.6713256836,
  "6":-713.0314941406,
  "7":-713.0314941406,
  "8":745.2141113281,
  "9":741.1694335938,
  "10":924.3252563477,
  "11":924.3252563477,
  "12":-683.7965698242,
  "13":-683.7965698242,
  "14":877.8698730469
 },
 "Z":{
  "0":11776.03125,
  "1":11776.03125,
  "2":11744.03125,
  "3":11744.03125,
  "4":11744.03125,
  "5":11744.03125,
  "6":11776.03125,
  "7":11776.03125,
  "8":11744.03125,
  "9":11744.03125,
  "10":11744.03125,
  "11":11744.03125,
  "12":11774.255859375,
  "13":11774.255859375,
  "14":11744.03125
 },
 "round":{
  "0":1,
  "1":1,
  "2":6,
  "3":6,
  "4":8,
  "5":8,
  "6":11,
  "7":11,
  "8":12,
  "9":12,
  "10":13,
  "11":13,
  "12":14,
  "13":14,
  "14":15
 }
}