{
 "tick":{
  "0":6930,
  "1":11726,
  "2":16030,
  "3":31243,
  "4":33867,
  "5":41911,
  "6":44535,
  "7":52696,
  "8":55320,
  "9":66317,
  "10":67327,
  "11":108628,
  "12":116074,
  "13":118262,
  "14":128827,
  "15":138063,
  "16":144548,
  "17":147172
 },
 "event":{
  "0":"planted",
  "1":"planted",
  "2":"planted",
  "3":"planted",
  "4":"exploded",
  "5":"planted",
  "6":"exploded",
  "7":"planted",
  "8":"exploded",
  "9":"planted",
  "10":"defused",
  "11":"planted",
  "12":"planted",
  "13":"defused",
  "14":"planted",
  "15":"planted",
  "16":"planted",
  "17":"exploded"
 },
 "site":{
  "0":"BombsiteB",
  "1":"BombsiteA",
  "2":"BombsiteA",
  "3":"BombsiteA",
  "4":"BombsiteA",
  "5":"BombsiteB",
  "6":"BombsiteB",
  "7":"BombsiteB",
  "8":"BombsiteB",
  "9":"BombsiteA",
  "10":"BombsiteA",
  "11":"BombsiteA",
  "12":"BombsiteB",
  "13":"BombsiteB",
  "14":"BombsiteA",
  "15":"BombsiteB",
  "16":"BombsiteA",
  "17":"BombsiteA"
 },
 "X":{
  "0":-2306.3293457031,
  "1":-121.5327758789,
  "2":-347.03125,
  "3":-95.9142456055,
  "4":-95.9142456055,
  "5":-2216.029296875,
  "6":-2216.029296875,
  "7":-2216.0285644531,
  "8":-2216.0285644531,
  "9":-114.0313720703,
  "10":-114.0328369141,
  "11":-292.274230957,
  "12":-2260.13671875,
  "13":-2198.7419433594,
  "14":-253.8145751953,
  "15":-2216.03125,
  "16":-309.3975830078,
  "17":-309.3975830078
 },
 "Y":{
  "0":860.6723022461,
  "1":-631.2502441406,
  "2":-682.8167114258,
  "3":-732.0313720703,
  "4":-732.0313720703,
  "5":881.7684936523,
  "6":881.7684936523,
  "7":888.6826782227,
  "8":888.6826782227,
  "9":-542.9431152344,
  "10":-603.9020385742,
  "11":-713.8462524414,
  "12":659.5176391602,
  "13":654.7496948242,
  "14":-721.9209594727,
  "15":864.7901611328,
  "16":-713.0314941406,
  "17":-713.0314941406
 },
 "Z":{
  "0":11744.03125,
  "1":11775.58984375,
  "2":11774.1337890625,
  "3":11776.03125,
  "4":11776.03125,
  "5":11744.03125,
  "6":11744.03125,
  "7":11744.03125,
  "8":11744.03125,
  "9":11776.03125,
  "10":11776.03125,
  "11":11776.03125,
  "12":11744.03125,
  "13":11744.03125,
  "14":11776.03125,
  "15":11744.03125,
  "16":11776.03125,
  "17":11776.03125
 },
 "round":{
  "0":1,
  "1":2,
  "2":3,
  "3":5,
  "4":5,
  "5":6,
  "6":6,
  "7":7,
  "8":7,
  "9":8,
  "10":8,
  "11":15,
  "12":16,
  "13":16,
  "14":18,
  "15":20,
  "16":21,
  "17":21
 }
}