{
 "tick":{
  "0":7338,
  "1":15560,
  "2":18184,
  "3":25650,
  "4":28274,
  "5":55485,
  "6":56272,
  "7":76522,
  "8":77800,
  "9":94091,
  "10":100607,
  "11":102388,
  "12":107316,
  "13":109457,
  "14":114614,
  "15":117238,
  "16":121254,
  "17":148660,
  "18":151284,
  "19":157210
 },
 "event":{
  "0":"planted",
  "1":"planted",
  "2":"exploded",
  "3":"planted",
  "4":"exploded",
  "5":"planted",
  "6":"defused",
  "7":"planted",
  "8":"defused",
  "9":"planted",
  "10":"planted",
  "11":"defused",
  "12":"planted",
  "13":"defused",
  "14":"planted",
  "15":"exploded",
  "16":"planted",
  "17":"planted",
  "18":"exploded",
  "19":"planted"
 },
 "site":{
  "0":"BombsiteB",
  "1":"BombsiteA",
  "2":"BombsiteA",
  "3":"BombsiteA",
  "4":"BombsiteA",
  "5":"BombsiteB",
  "6":"BombsiteB",
  "7":"BombsiteA",
  "8":"BombsiteA",
  "9":"BombsiteA",
  "10":"BombsiteB",
  "11":"BombsiteB",
  "12":"BombsiteB",
  "13":"BombsiteB",
  "14":"BombsiteB",
  "15":"BombsiteB",
  "16":"BombsiteA",
  "17":"BombsiteB",
  "18":"BombsiteB",
  "19":"BombsiteB"
 },
 "X":{
  "0":-1107.2669677734,
  "1":1312.0311279297,
  "2":1312.0311279297,
  "3":1280.03125,
  "4":1280.03125,
  "5":-1063.5533447266,
  "6":-1063.4223632812,
  "7":1282.322265625,
  "8":1312.1942138672,
  "9":1286.3166503906,
  "10":-1136.0313720703,
  "11":-1161.5223388672,
  "12":-1065.0114746094,
  "13":-1024.03125,
  "14":-1136.0313720703,
  "15":-1136.0313720703,
  "16":1281.0083007812,
  "17":-994.4677734375,
  "18":-994.4677734375,
  "19":-1054.0059814453
 },
 "Y":{
  "0":776.0313110352,
  "1":2176.7702636719,
  "2":2176.7702636719,
  "3":1894.5571289062,
  "4":1894.5571289062,
  "5":599.9676513672,
  "6":599.9682006836,
  "7":1936.2263183594,
  "8":1990.1065673828,
  "9":1919.8096923828,
  "10":699.96875,
  "11":643.9653320312,
  "12":599.9698486328,
  "13":557.0217285156,
  "14":699.96875,
  "15":699.96875,
  "16":1940.0517578125,
  "17":599.9696044922,
  "18":599.9696044922,
  "19":599.9686889648
 },
 "Z":{
  "0":-1.96875,
  "1":-183.4489135742,
  "2":-183.4489135742,
  "3":-179.397644043,
  "4":-179.397644043,
  "5":-1.96875,
  "6":-1.96875,
  "7":-183.5082397461,
  "8":-191.96875,
  "9":-191.96875,
  "10":-1.96875,
  "11":-3.96875,
  "12":-1.96875,
  "13":-3.3102416992,
  "14":-1.96875,
  "15":-1.96875,
  "16":-183.4535522461,
  "17":-1.96875,
  "18":-1.96875,
  "19":-1.96875
 },
 "round":{
  "0":1,
  "1":2,
  "2":2,
  "3":3,
  "4":3,
  "5":6,
  "6":6,
  "7":9,
  "8":9,
  "9":11,
  "10":12,
  "11":12,
  "12":13,
  "13":13,
  "14":14,
  "15":14,
  "16":15,
  "17":19,
  "18":19,
  "19":20
 }
}