{
 "tick":{
  "0":2232,
  "1":4856,
  "2":15550,
  "3":22393,
  "4":37993,
  "5":43183,
  "6":50262,
  "7":52886,
  "8":59033,
  "9":69638,
  "10":72262,
  "11":78305,
  "12":80929
 },
 "event":{
  "0":"planted",
  "1":"exploded",
  "2":"planted",
  "3":"planted",
  "4":"planted",
  "5":"planted",
  "6":"planted",
  "7":"exploded",
  "8":"planted",
  "9":"planted",
  "10":"exploded",
  "11":"planted",
  "12":"exploded"
 },
 "site":{
  "0":"BombsiteA",
  "1":"BombsiteA",
  "2":"BombsiteB",
  "3":"BombsiteA",
  "4":"BombsiteB",
  "5":"BombsiteB",
  "6":"BombsiteB",
  "7":"BombsiteB",
  "8":"BombsiteA",
  "9":"BombsiteB",
  "10":"BombsiteB",
  "11":"BombsiteA",
  "12":"BombsiteA"
 },
 "X":{
  "0":-359.4104003906,
  "1":-359.4104003906,
  "2":-2216.0322265625,
  "3":-347.2344970703,
  "4":-2146.03125,
  "5":-2216.0344238281,
  "6":-2216.0317382812,
  "7":-2216.0317382812,
  "8":-356.4973754883,
  "9":-2216.03125,
  "10":-2216.03125,
  "11":-377.4229736328,
  "12":-377.4229736328
 },
 "Y":{
  "0":-687.5584716797,
  "1":-687.5584716797,
  "2":867.0241088867,
  "3":-682.8619995117,
  "4":723.883605957,
  "5":873.0330200195,
  "6":878.0109863281,
  "7":878.0109863281,
  "8":-703.4786376953,
  "9":868.0725708008,
  "10":868.0725708008,
  "11":-689.0314941406,
  "12":-689.0314941406
 },
 "Z":{
  "0":11774.7265625,
  "1":11774.7265625,
  "2":11744.03125,
  "3":11774.1396484375,
  "4":11744.03125,
  "5":11744.03125,
  "6":11744.03125,
  "7":11744.03125,
  "8":11776.03125,
  "9":11744.03125,
  "10":11744.03125,
  "11":11774.91015625,
  "12":11774.91015625
 },
 "round":{
  "0":1,
  "1":1,
  "2":3,
  "3":4,
  "4":6,
  "5":7,
  "6":8,
  "7":8,
  "8":9,
  "9":10,
  "10":10,
  "11":11,
  "12":11
 }
}