{
 "tick":{
  "0":15465,
  "1":24725,
  "2":27349,
  "3":35579,
  "4":47009,
  "5":49633,
  "6":79930,
  "7":82554,
  "8":90607,
  "9":92485,
  "10":111833,
  "11":114457,
  "12":130296,
  "13":132920,
  "14":141310,
  "15":168565,
  "16":169739,
  "17":184753,
  "18":187377,
  "19":192850,
  "20":195474
 },
 "event":{
  "0":"planted",
  "1":"planted",
  "2":"exploded",
  "3":"planted",
  "4":"planted",
  "5":"exploded",
  "6":"planted",
  "7":"exploded",
  "8":"planted",
  "9":"defused",
  "10":"planted",
  "11":"exploded",
  "12":"planted",
  "13":"exploded",
  "14":"planted",
  "15":"planted",
  "16":"defused",
  "17":"planted",
  "18":"exploded",
  "19":"planted",
  "20":"exploded"
 },
 "site":{
  "0":"BombsiteA",
  "1":"BombsiteA",
  "2":"BombsiteA",
  "3":"BombsiteB",
  "4":"BombsiteB",
  "5":"BombsiteB",
  "6":"BombsiteB",
  "7":"BombsiteB",
  "8":"BombsiteB",
  "9":"BombsiteB",
  "10":"BombsiteA",
  "11":"BombsiteA",
  "12":"BombsiteA",
  "13":"BombsiteA",
  "14":"BombsiteB",
  "15":"BombsiteA",
  "16":"BombsiteA",
  "17":"BombsiteB",
  "18":"BombsiteB",
  "19":"BombsiteB",
  "20":"BombsiteB"
 },
 "X":{
  "0":1819.0289306641,
  "1":1966.03125,
  "2":1966.03125,
  "3":558.7951660156,
  "4":543.903137207,
  "5":543.903137207,
  "6":533.4453125,
  "7":533.4453125,
  "8":538.9811401367,
  "9":491.7409362793,
  "10":1819.03125,
  "11":1819.03125,
  "12":2084.27734375,
  "13":2084.27734375,
  "14":569.8659057617,
  "15":1819.03125,
  "16":1826.6666259766,
  "17":579.5067138672,
  "18":579.5067138672,
  "19":573.7257080078,
  "20":573.7257080078
 },
 "Y":{
  "0":273.6863098145,
  "1":721.96875,
  "2":721.96875,
  "3":2667.7641601562,
  "4":2943.2236328125,
  "5":2943.2236328125,
  "6":2981.8239746094,
  "7":2981.8239746094,
  "8":2971.4885253906,
  "9":2934.8913574219,
  "10":693.96875,
  "11":693.96875,
  "12":183.2572174072,
  "13":183.2572174072,
  "14":2883.9709472656,
  "15":608.0316162109,
  "16":608.0313720703,
  "17":2883.96875,
  "18":2883.96875,
  "19":2878.2353515625,
  "20":2878.2353515625
 },
 "Z":{
  "0":161.0312194824,
  "1":160.03125,
  "2":160.03125,
  "3":161.5312347412,
  "4":161.5312347412,
  "5":161.5312347412,
  "6":161.5312347412,
  "7":161.5312347412,
  "8":161.5312347412,
  "9":161.5312347412,
  "10":160.0095977783,
  "11":160.0095977783,
  "12":160.03125,
  "13":160.03125,
  "14":168.0312347412,
  "15":159.9098968506,
  "16":159.9270782471,
  "17":168.0312347412,
  "18":168.0312347412,
  "19":168.0312347412,
  "20":168.0312347412
 },
 "round":{
  "0":3,
  "1":4,
  "2":4,
  "3":5,
  "4":6,
  "5":6,
  "6":9,
  "7":9,
  "8":10,
  "9":10,
  "10":13,
  "11":13,
  "12":15,
  "13":15,
  "14":16,
  "15":19,
  "16":19,
  "17":21,
  "18":21,
  "19":22,
  "20":22
 }
}