{
 "tick":{
  "0":7269,
  "1":27547,
  "2":30171,
  "3":35416,
  "4":62973,
  "5":65597,
  "6":76905,
  "7":107944
 },
 "event":{
  "0":"planted",
  "1":"planted",
  "2":"exploded",
  "3":"planted",
  "4":"planted",
  "5":"exploded",
  "6":"planted",
  "7":"planted"
 },
 "site":{
  "0":"BombsiteA",
  "1":"BombsiteA",
  "2":"BombsiteA",
  "3":"BombsiteB",
  "4":"BombsiteA",
  "5":"BombsiteA",
  "6":"BombsiteA",
  "7":"BombsiteB"
 },
 "X":{
  "0":-529.0856933594,
  "1":-450.8181762695,
  "2":-450.8181762695,
  "3":-1984.7413330078,
  "4":-326.4569091797,
  "5":-326.4569091797,
  "6":-620.7208251953,
  "7":-1892.5119628906
 },
 "Y":{
  "0":-1969.9670410156,
  "1":-1983.3452148438,
  "2":-1983.3452148438,
  "3":452.2143554688,
  "4":-2037.5946044922,
  "5":-2037.5946044922,
  "6":-1986.1794433594,
  "7":243.8811187744
 },
 "Z":{
  "0":-179.96875,
  "1":-179.96875,
  "2":-179.96875,
  "3":-159.96875,
  "4":-175.1022949219,
  "5":-175.1022949219,
  "6":-179.96875,
  "7":-159.96875
 },
 "round":{
  "0":2,
  "1":5,
  "2":5,
  "3":6,
  "4":10,
  "5":10,
  "6":12,
  "7":15
 }
}