{
 "tick":{
  "0":11454,
  "1":19677,
  "2":22301,
  "3":50153,
  "4":52777,
  "5":109185,
  "6":117783,
  "7":120407,
  "8":129160,
  "9":135067,
  "10":135927
 },
 "event":{
  "0":"planted",
  "1":"planted",
  "2":"exploded",
  "3":"planted",
  "4":"exploded",
  "5":"planted",
  "6":"planted",
  "7":"exploded",
  "8":"planted",
  "9":"planted",
  "10":"defused"
 },
 "site":{
  "0":"BombsiteA",
  "1":"BombsiteB",
  "2":"BombsiteB",
  "3":"BombsiteA",
  "4":"BombsiteA",
  "5":"BombsiteB",
  "6":"BombsiteB",
  "7":"BombsiteB",
  "8":"BombsiteB",
  "9":"BombsiteA",
  "10":"BombsiteA"
 },
 "X":{
  "0":-1298.7847900391,
  "1":1082.4801025391,
  "2":1082.4801025391,
  "3":-1562.7297363281,
  "4":-1562.7297363281,
  "5":869.0313720703,
  "6":869.0294189453,
  "7":869.0294189453,
  "8":811.8247680664,
  "9":-1547.7601318359,
  "10":-1555.5853271484
 },
 "Y":{
  "0":749.9966430664,
  "1":-15.9401855469,
  "2":-15.9401855469,
  "3":704.8338012695,
  "4":704.8338012695,
  "5":73.7871704102,
  "6":63.9148902893,
  "7":63.9148902893,
  "8":-5.5476074219,
  "9":724.5981445312,
  "10":784.1991577148
 },
 "Z":{
  "0":54.03125,
  "1":134.03125,
  "2":134.03125,
  "3":56.03125,
  "4":56.03125,
  "5":130.9011077881,
  "6":130.9011077881,
  "7":130.9011077881,
  "8":130.9011230469,
  "9":56.03125,
  "10":56.03125
 },
 "round":{
  "0":2,
  "1":3,
  "2":3,
  "3":8,
  "4":8,
  "5":13,
  "6":15,
  "7":15,
  "8":16,
  "9":17,
  "10":17
 }
}