{
 "tick":{
  "0":4650,
  "1":6171,
  "2":65097,
  "3":96865,
  "4":103480,
  "5":104919,
  "6":112007,
  "7":122299
 },
 "event":{
  "0":"planted",
  "1":"defused",
  "2":"planted",
  "3":"planted",
  "4":"planted",
  "5":"defused",
  "6":"planted",
  "7":"planted"
 },
 "site":{
  "0":"BombsiteB",
  "1":"BombsiteB",
  "2":"BombsiteB",
  "3":"BombsiteA",
  "4":"BombsiteA",
  "5":"BombsiteA",
  "6":"BombsiteB",
  "7":"BombsiteB"
 },
 "X":{
  "0":805.6452026367,
  "1":760.4979858398,
  "2":798.1549072266,
  "3":-1209.3499755859,
  "4":-1249.8063964844,
  "5":-1189.3422851562,
  "6":1104.939453125,
  "7":869.0327148438
 },
 "Y":{
  "0":4.9687795639,
  "1":-4.2714233398,
  "2":4.970375061,
  "3":893.0326538086,
  "4":729.96875,
  "5":719.7826538086,
  "6":-18.4969482422,
  "7":81.191368103
 },
 "Z":{
  "0":130.9011230469,
  "1":130.9011383057,
  "2":130.9011230469,
  "3":62.03125,
  "4":56.03125,
  "5":53.7060966492,
  "6":134.03125,
  "7":130.9011077881
 },
 "round":{
  "0":1,
  "1":1,
  "2":8,
  "3":12,
  "4":13,
  "5":13,
  "6":14,
  "7":15
 }
}