{
 "tick":{
  "0":3683,
  "1":41927,
  "2":43895,
  "3":49428,
  "4":57741,
  "5":59424,
  "6":82911,
  "7":86532,
  "8":89156,
  "9":97581,
  "10":100205,
  "11":112342,
  "12":114966,
  "13":128210
 },
 "event":{
  "0":"planted",
  "1":"planted",
  "2":"defused",
  "3":"planted",
  "4":"planted",
  "5":"defused",
  "6":"planted",
  "7":"planted",
  "8":"exploded",
  "9":"planted",
  "10":"exploded",
  "11":"planted",
  "12":"exploded",
  "13":"planted"
 },
 "site":{
  "0":"BombsiteB",
  "1":"BombsiteA",
  "2":"BombsiteA",
  "3":"BombsiteA",
  "4":"BombsiteB",
  "5":"BombsiteB",
  "6":"BombsiteB",
  "7":"BombsiteA",
  "8":"BombsiteA",
  "9":"BombsiteB",
  "10":"BombsiteB",
  "11":"BombsiteA",
  "12":"BombsiteA",
  "13":"BombsiteA"
 },
 "X":{
  "0":632.8900146484,
  "1":717.9653320312,
  "2":777.6893920898,
  "3":723.5211181641,
  "4":613.7312011719,
  "5":553.0167236328,
  "6":651.2193603516,
  "7":667.4602661133,
  "8":667.4602661133,
  "9":644.3287353516,
  "10":644.3287353516,
  "11":723.30078125,
  "12":723.30078125,
  "13":685.8239135742
 },
 "Y":{
  "0":-1308.4536132812,
  "1":-795.657043457,
  "2":-797.23828125,
  "3":-772.7706298828,
  "4":-1316.8646240234,
  "5":-1314.7072753906,
  "6":-1041.2155761719,
  "7":-778.0355224609,
  "8":-778.0355224609,
  "9":-1256.0281982422,
  "10":-1256.0281982422,
  "11":-773.5642700195,
  "12":-773.5642700195,
  "13":-763.201965332
 },
 "Z":{
  "0":-765.96875,
  "1":-399.9683227539,
  "2":-399.9682617188,
  "3":-399.9682617188,
  "4":-765.96875,
  "5":-765.96875,
  "6":-771.96875,
  "7":-415.96875,
  "8":-415.96875,
  "9":-768.84375,
  "10":-768.84375,
  "11":-399.9682617188,
  "12":-399.9682617188,
  "13":-399.96875
 },
 "round":{
  "0":1,
  "1":7,
  "2":7,
  "3":8,
  "4":9,
  "5":9,
  "6":13,
  "7":14,
  "8":14,
  "9":15,
  "10":15,
  "11":17,
  "12":17,
  "13":19
 }
}