{
 "tick":{
  "0":2220,
  "1":4602,
  "2":13651,
  "3":14570,
  "4":30053,
  "5":39972,
  "6":61678,
  "7":72739,
  "8":75363,
  "9":83173,
  "10":85797,
  "11":94599,
  "12":97223,
  "13":109733,
  "14":119388,
  "15":122012,
  "16":137016,
  "17":144379,
  "18":147003
 },
 "event":{
  "0":"planted",
  "1":"defused",
  "2":"planted",
  "3":"defused",
  "4":"planted",
  "5":"planted",
  "6":"planted",
  "7":"planted",
  "8":"exploded",
  "9":"planted",
  "10":"exploded",
  "11":"planted",
  "12":"exploded",
  "13":"planted",
  "14":"planted",
  "15":"exploded",
  "16":"planted",
  "17":"planted",
  "18":"exploded"
 },
 "site":{
  "0":"BombsiteA",
  "1":"BombsiteA",
  "2":"BombsiteB",
  "3":"BombsiteB",
  "4":"BombsiteB",
  "5":"BombsiteB",
  "6":"BombsiteB",
  "7":"BombsiteB",
  "8":"BombsiteB",
  "9":"BombsiteA",
  "10":"BombsiteA",
  "11":"BombsiteB",
  "12":"BombsiteB",
  "13":"BombsiteB",
  "14":"BombsiteB",
  "15":"BombsiteB",
  "16":"BombsiteB",
  "17":"BombsiteA",
  "18":"BombsiteA"
 },
 "X":{
  "0":1244.1927490234,
  "1":1186.0084228516,
  "2":-1049.1772460938,
  "3":-1068.0108642578,
  "4":-1041.4010009766,
  "5":-1058.9318847656,
  "6":-1136.03125,
  "7":-1047.5808105469,
  "8":-1047.5808105469,
  "9":1272.0550537109,
  "10":1272.0550537109,
  "11":-1044.1724853516,
  "12":-1044.1724853516,
  "13":-897.6697387695,
  "14":-1046.9377441406,
  "15":-1046.9377441406,
  "16":-1136.03125,
  "17":1146.0272216797,
  "18":1146.0272216797
 },
 "Y":{
  "0":1988.8463134766,
  "1":2008.548828125,
  "2":599.9686279297,
  "3":599.9664916992,
  "4":599.9711303711,
  "5":599.9686279297,
  "6":699.96875,
  "7":599.9669799805,
  "8":599.9669799805,
  "9":1962.8696289062,
  "10":1962.8696289062,
  "11":599.9686889648,
  "12":599.9686889648,
  "13":537.616027832,
  "14":599.9697265625,
  "15":599.9697265625,
  "16":699.96875,
  "17":1990.3892822266,
  "18":1990.3892822266
 },
 "Z":{
  "0":-191.96875,
  "1":-191.96875,
  "2":-1.96875,
  "3":-1.96875,
  "4":-1.96875,
  "5":-1.96875,
  "6":-1.96875,
  "7":-1.96875,
  "8":-1.96875,
  "9":-186.5344238281,
  "10":-186.5344238281,
  "11":-1.96875,
  "12":-1.96875,
  "13":0.0312495232,
  "14":-1.96875,
  "15":-1.96875,
  "16":-1.96875,
  "17":-178.5938720703,
  "18":-178.5938720703
 },
 "round":{
  "0":1,
  "1":1,
  "2":2,
  "3":2,
  "4":4,
  "5":5,
  "6":8,
  "7":9,
  "8":9,
  "9":10,
  "10":10,
  "11":11,
  "12":11,
  "13":13,
  "14":14,
  "15":14,
  "16":17,
  "17":18,
  "18":18
 }
}