{
 "tick":{
  "0":3087,
  "1":4531,
  "2":9999,
  "3":12623,
  "4":26057,
  "5":28280,
  "6":41250,
  "7":48754,
  "8":51159,
  "9":57763,
  "10":60387,
  "11":96794,
  "12":128927,
  "13":131551,
  "14":158553
 },
 "event":{
  "0":"planted",
  "1":"defused",
  "2":"planted",
  "3":"exploded",
  "4":"planted",
  "5":"defused",
  "6":"planted",
  "7":"planted",
  "8":"defused",
  "9":"planted",
  "10":"exploded",
  "11":"planted",
  "12":"planted",
  "13":"exploded",
  "14":"planted"
 },
 "site":{
  "0":"BombsiteB",
  "1":"BombsiteB",
  "2":"BombsiteB",
  "3":"BombsiteB",
  "4":"BombsiteB",
  "5":"BombsiteB",
  "6":"BombsiteB",
  "7":"BombsiteA",
  "8":"BombsiteA",
  "9":"BombsiteA",
  "10":"BombsiteA",
  "11":"BombsiteA",
  "12":"BombsiteA",
  "13":"BombsiteA",
  "14":"BombsiteB"
 },
 "X":{
  "0":533.598449707,
  "1":475.420715332,
  "2":513.911315918,
  "3":513.911315918,
  "4":538.4704589844,
  "5":532.7907714844,
  "6":458.4309387207,
  "7":1819.0277099609,
  "8":1867.486328125,
  "9":1821.1771240234,
  "10":1821.1771240234,
  "11":1852.9102783203,
  "12":1949.03125,
  "13":1949.03125,
  "14":545.7927856445
 },
 "Y":{
  "0":2985.2282714844,
  "1":2971.7580566406,
  "2":2954.4431152344,
  "3":2954.4431152344,
  "4":2959.7429199219,
  "5":2900.6884765625,
  "6":2963.9174804688,
  "7":332.5616455078,
  "8":298.8938903809,
  "9":273.7690734863,
  "10":273.7690734863,
  "11":693.9685668945,
  "12":696.96875,
  "13":696.96875,
  "14":2936.9775390625
 },
 "Z":{
  "0":161.5312347412,
  "1":161.53125,
  "2":161.5312347412,
  "3":161.5312347412,
  "4":161.5312347412,
  "5":161.5312347412,
  "6":161.53125,
  "7":161.0312194824,
  "8":161.0312042236,
  "9":161.0312194824,
  "10":161.0312194824,
  "11":160.0184173584,
  "12":160.03125,
  "13":160.03125,
  "14":161.5312347412
 },
 "round":{
  "0":1,
  "1":1,
  "2":2,
  "3":2,
  "4":4,
  "5":4,
  "6":6,
  "7":7,
  "8":7,
  "9":8,
  "10":8,
  "11":13,
  "12":18,
  "13":18,
  "14":22
 }
}