{
 "tick":{
  "0":2128,
  "1":20042,
  "2":21282,
  "3":25951,
  "4":39616,
  "5":42240,
  "6":59070,
  "7":61694,
  "8":78488,
  "9":109302,
  "10":111926,
  "11":119768,
  "12":122143,
  "13":130383,
  "14":133007,
  "15":140281,
  "16":146655,
  "17":167830,
  "18":168531
 },
 "event":{
  "0":"planted",
  "1":"planted",
  "2":"defused",
  "3":"planted",
  "4":"planted",
  "5":"exploded",
  "6":"planted",
  "7":"exploded",
  "8":"planted",
  "9":"planted",
  "10":"exploded",
  "11":"planted",
  "12":"defused",
  "13":"planted",
  "14":"exploded",
  "15":"planted",
  "16":"planted",
  "17":"planted",
  "18":"defused"
 },
 "site":{
  "0":"BombsiteA",
  "1":"BombsiteA",
  "2":"BombsiteA",
  "3":"BombsiteA",
  "4":"BombsiteB",
  "5":"BombsiteB",
  "6":"BombsiteA",
  "7":"BombsiteA",
  "8":"BombsiteB",
  "9":"BombsiteA",
  "10":"BombsiteA",
  "11":"BombsiteA",
  "12":"BombsiteA",
  "13":"BombsiteA",
  "14":"BombsiteA",
  "15":"BombsiteB",
  "16":"BombsiteB",
  "17":"BombsiteA",
  "18":"BombsiteA"
 },
 "X":{
  "0":-136.9643554688,
  "1":-355.4870605469,
  "2":-315.7983398438,
  "3":-114.0313720703,
  "4":-2216.03125,
  "5":-2216.03125,
  "6":-356.0104980469,
  "7":-356.0104980469,
  "8":-2216.03125,
  "9":-349.4588623047,
  "10":-349.4588623047,
  "11":-114.0313720703,
  "12":-175.1712646484,
  "13":-369.1239013672,
  "14":-369.1239013672,
  "15":-2216.03125,
  "16":-2216.0302734375,
  "17":-289.4527587891,
  "18":-253.4973144531
 },
 "Y":{
  "0":-540.0314941406,
  "1":-685.1915283203,
  "2":-731.2236328125,
  "3":-540.03125,
  "4":858.4873046875,
  "5":858.4873046875,
  "6":-684.8122558594,
  "7":-684.8122558594,
  "8":890.8676757812,
  "9":-683.3563232422,
  "10":-683.3563232422,
  "11":-540.03125,
  "12":-545.6228637695,
  "13":-687.7263183594,
  "14":-687.7263183594,
  "15":898.764465332,
  "16":848.5672607422,
  "17":-713.0317993164,
  "18":-760.9861450195
 },
 "Z":{
  "0":11776.03125,
  "1":11774.4306640625,
  "2":11776.03125,
  "3":11776.03125,
  "4":11744.03125,
  "5":11744.03125,
  "6":11774.3828125,
  "7":11774.3828125,
  "8":11744.03125,
  "9":11774.201171875,
  "10":11774.201171875,
  "11":11776.03125,
  "12":11775.8291015625,
  "13":11774.7470703125,
  "14":11774.7470703125,
  "15":11744.03125,
  "16":11744.03125,
  "17":11776.03125,
  "18":11776.03125
 },
 "round":{
  "0":1,
  "1":4,
  "2":4,
  "3":5,
  "4":7,
  "5":7,
  "6":10,
  "7":10,
  "8":13,
  "9":17,
  "10":17,
  "11":18,
  "12":18,
  "13":19,
  "14":19,
  "15":20,
  "16":21,
  "17":23,
  "18":23
 }
}