{
 "tick":{
  "0":3261,
  "1":4871,
  "2":28217,
  "3":30841,
  "4":38068,
  "5":51064,
  "6":65754,
  "7":68378,
  "8":90304,
  "9":91322,
  "10":110911,
  "11":113535,
  "12":121067,
  "13":130908,
  "14":135506,
  "15":144176,
  "16":146800,
  "17":159914
 },
 "event":{
  "0":"planted",
  "1":"defused",
  "2":"planted",
  "3":"exploded",
  "4":"planted",
  "5":"planted",
  "6":"planted",
  "7":"exploded",
  "8":"planted",
  "9":"defused",
  "10":"planted",
  "11":"exploded",
  "12":"planted",
  "13":"planted",
  "14":"planted",
  "15":"planted",
  "16":"exploded",
  "17":"planted"
 },
 "site":{
  "0":"BombsiteA",
  "1":"BombsiteA",
  "2":"BombsiteB",
  "3":"BombsiteB",
  "4":"BombsiteA",
  "5":"BombsiteB",
  "6":"BombsiteA",
  "7":"BombsiteA",
  "8":"BombsiteA",
  "9":"BombsiteA",
  "10":"BombsiteB",
  "11":"BombsiteB",
  "12":"BombsiteB",
  "13":"BombsiteB",
  "14":"BombsiteA",
  "15":"BombsiteB",
  "16":"BombsiteB",
  "17":"BombsiteB"
 },
 "X":{
  "0":-554.9686889648,
  "1":-496.3697509766,
  "2":-1987.0313720703,
  "3":-1987.0313720703,
  "4":-285.9157714844,
  "5":-2198.96875,
  "6":-497.9650878906,
  "7":-497.9650878906,
  "8":-579.330871582,
  "9":-634.3020019531,
  "10":-1987.0286865234,
  "11":-1987.0286865234,
  "12":-1969.03125,
  "13":-1969.03125,
  "14":-283.1040039062,
  "15":-1873.7818603516,
  "16":-1873.7818603516,
  "17":-1987.0314941406
 },
 "Y":{
  "0":-2103.6931152344,
  "1":-2109.0681152344,
  "2":423.0483703613,
  "3":423.0483703613,
  "4":-2159.4919433594,
  "5":89.0312957764,
  "6":-1999.46875,
  "7":-1999.46875,
  "8":-2148.1447753906,
  "9":-2176.0056152344,
  "10":440.2111816406,
  "11":440.2111816406,
  "12":450.0313415527,
  "13":450.03125,
  "14":-2160.0363769531,
  "15":242.0296478271,
  "16":242.0296478271,
  "17":428.238861084
 },
 "Z":{
  "0":-179.96875,
  "1":-179.96875,
  "2":-159.96875,
  "3":-159.96875,
  "4":-173.8767089844,
  "5":-159.96875,
  "6":-177.3461914062,
  "7":-177.3461914062,
  "8":-179.96875,
  "9":-179.96875,
  "10":-159.96875,
  "11":-159.96875,
  "12":-159.96875,
  "13":-159.96875,
  "14":-173.7033081055,
  "15":-159.96875,
  "16":-159.96875,
  "17":-159.96875
 },
 "round":{
  "0":1,
  "1":1,
  "2":5,
  "3":5,
  "4":6,
  "5":8,
  "6":10,
  "7":10,
  "8":13,
  "9":13,
  "10":17,
  "11":17,
  "12":18,
  "13":19,
  "14":20,
  "15":21,
  "16":21,
  "17":23
 }
}