{
 "tick":{
  "0":6447,
  "1":8690,
  "2":26963,
  "3":28308,
  "4":44741,
  "5":72036,
  "6":81194,
  "7":83818,
  "8":89527,
  "9":94442,
  "10":101841,
  "11":106985,
  "12":109609,
  "13":114433,
  "14":117057,
  "15":124295,
  "16":126919,
  "17":133370,
  "18":142419
 },
 "event":{
  "0":"planted",
  "1":"defused",
  "2":"planted",
  "3":"defused",
  "4":"planted",
  "5":"planted",
  "6":"planted",
  "7":"exploded",
  "8":"planted",
  "9":"planted",
  "10":"planted",
  "11":"planted",
  "12":"exploded",
  "13":"planted",
  "14":"exploded",
  "15":"planted",
  "16":"exploded",
  "17":"planted",
  "18":"planted"
 },
 "site":{
  "0":"BombsiteA",
  "1":"BombsiteA",
  "2":"BombsiteB",
  "3":"BombsiteB",
  "4":"BombsiteB",
  "5":"BombsiteB",
  "6":"BombsiteA",
  "7":"BombsiteA",
  "8":"BombsiteA",
  "9":"BombsiteA",
  "10":"BombsiteB",
  "11":"BombsiteA",
  "12":"BombsiteA",
  "13":"BombsiteA",
  "14":"BombsiteA",
  "15":"BombsiteA",
  "16":"BombsiteA",
  "17":"BombsiteA",
  "18":"BombsiteB"
 },
 "X":{
  "0":-1238.9343261719,
  "1":-1254.3459472656,
  "2":920.1807250977,
  "3":874.6846923828,
  "4":869.03125,
  "5":799.6322021484,
  "6":-1245.7189941406,
  "7":-1245.7189941406,
  "8":-1280.0303955078,
  "9":-1269.0008544922,
  "10":793.3475952148,
  "11":-1570.6694335938,
  "12":-1570.6694335938,
  "13":-1550.4104003906,
  "14":-1550.4104003906,
  "15":-1565.0454101562,
  "16":-1565.0454101562,
  "17":-1349.0981445312,
  "18":800.0995483398
 },
 "Y":{
  "0":727.2893676758,
  "1":668.6401977539,
  "2":34.3663291931,
  "3":-6.1223144531,
  "4":82.9687042236,
  "5":4.9684143066,
  "6":729.9689331055,
  "7":729.9689331055,
  "8":764.1537475586,
  "9":729.9686279297,
  "10":4.6347265244,
  "11":696.6905517578,
  "12":696.6905517578,
  "13":702.2319946289,
  "14":702.2319946289,
  "15":697.6311645508,
  "16":697.6311645508,
  "17":724.5151977539,
  "18":4.9713759422
 },
 "Z":{
  "0":56.03125,
  "1":60.1599121094,
  "2":130.03125,
  "3":130.9011230469,
  "4":130.9011077881,
  "5":130.9011230469,
  "6":56.03125,
  "7":56.03125,
  "8":54.03125,
  "9":56.03125,
  "10":130.9011230469,
  "11":56.03125,
  "12":56.03125,
  "13":56.03125,
  "14":56.03125,
  "15":56.03125,
  "16":56.03125,
  "17":56.03125,
  "18":130.9011230469
 },
 "round":{
  "0":1,
  "1":1,
  "2":4,
  "3":4,
  "4":6,
  "5":9,
  "6":10,
  "7":10,
  "8":11,
  "9":12,
  "10":13,
  "11":14,
  "12":14,
  "13":15,
  "14":15,
  "15":16,
  "16":16,
  "17":17,
  "18":18
 }
}