{
 "tick":{
  "0":3508,
  "1":4604,
  "2":28989,
  "3":37235,
  "4":39859,
  "5":45226,
  "6":55683,
  "7":58307,
  "8":66002,
  "9":73713,
  "10":96216,
  "11":100810,
  "12":103434,
  "13":111567,
  "14":113679,
  "15":121977,
  "16":123020,
  "17":131718,
  "18":133136
 },
 "event":{
  "0":"planted",
  "1":"defused",
  "2":"planted",
  "3":"planted",
  "4":"exploded",
  "5":"planted",
  "6":"planted",
  "7":"exploded",
  "8":"planted",
  "9":"planted",
  "10":"planted",
  "11":"planted",
  "12":"exploded",
  "13":"planted",
  "14":"defused",
  "15":"planted",
  "16":"defused",
  "17":"planted",
  "18":"defused"
 },
 "site":{
  "0":"BombsiteA",
  "1":"BombsiteA",
  "2":"BombsiteA",
  "3":"BombsiteB",
  "4":"BombsiteB",
  "5":"BombsiteA",
  "6":"BombsiteB",
  "7":"BombsiteB",
  "8":"BombsiteB",
  "9":"BombsiteB",
  "10":"BombsiteB",
  "11":"BombsiteA",
  "12":"BombsiteA",
  "13":"BombsiteA",
  "14":"BombsiteA",
  "15":"BombsiteA",
  "16":"BombsiteA",
  "17":"BombsiteB",
  "18":"BombsiteB"
 },
 "X":{
  "0":-603.0548095703,
  "1":-661.3936767578,
  "2":-282.7448120117,
  "3":-1987.0316162109,
  "4":-1987.0316162109,
  "5":-284.3092041016,
  "6":-1897.0949707031,
  "7":-1897.0949707031,
  "8":-2031.7222900391,
  "9":-1979.1484375,
  "10":-1987.0318603516,
  "11":-554.9685058594,
  "12":-554.9685058594,
  "13":-292.6076660156,
  "14":-256.9907226562,
  "15":-497.9812011719,
  "16":-455.4669189453,
  "17":-1987.5808105469,
  "18":-1963.0095214844
 },
 "Y":{
  "0":-1983.9772949219,
  "1":-1993.4201660156,
  "2":-2158.6516113281,
  "3":421.6765441895,
  "4":421.6765441895,
  "5":-2170.6647949219,
  "6":242.0281219482,
  "7":242.0281219482,
  "8":381.2147827148,
  "9":450.0302734375,
  "10":433.5199890137,
  "11":-2104.119140625,
  "12":-2104.119140625,
  "13":-2006.5629882812,
  "14":-1987.306640625,
  "15":-1999.46875,
  "16":-1974.8038330078,
  "17":441.6240844727,
  "18":498.2269897461
 },
 "Z":{
  "0":-179.96875,
  "1":-179.96875,
  "2":-173.8104248047,
  "3":-159.96875,
  "4":-159.96875,
  "5":-172.8121337891,
  "6":-159.96875,
  "7":-159.96875,
  "8":-159.96875,
  "9":-159.96875,
  "10":-159.96875,
  "11":-179.96875,
  "12":-179.96875,
  "13":-170.7142944336,
  "14":-167.96875,
  "15":-177.3461914062,
  "16":-179.96875,
  "17":-159.96875,
  "18":-166.5245361328
 },
 "round":{
  "0":1,
  "1":1,
  "2":4,
  "3":5,
  "4":5,
  "5":6,
  "6":7,
  "7":7,
  "8":8,
  "9":9,
  "10":13,
  "11":14,
  "12":14,
  "13":15,
  "14":15,
  "15":16,
  "16":16,
  "17":18,
  "18":18
 }
}