{
 "tick":{
  "0":3393,
  "1":4688,
  "2":29917,
  "3":31248,
  "4":42523,
  "5":47740,
  "6":50364,
  "7":94860,
  "8":103070,
  "9":105694,
  "10":119600,
  "11":143294,
  "12":156322,
  "13":158946
 },
 "event":{
  "0":"planted",
  "1":"defused",
  "2":"planted",
  "3":"defused",
  "4":"planted",
  "5":"planted",
  "6":"exploded",
  "7":"planted",
  "8":"planted",
  "9":"exploded",
  "10":"planted",
  "11":"planted",
  "12":"planted",
  "13":"exploded"
 },
 "site":{
  "0":"BombsiteB",
  "1":"BombsiteB",
  "2":"BombsiteB",
  "3":"BombsiteB",
  "4":"BombsiteB",
  "5":"BombsiteA",
  "6":"BombsiteA",
  "7":"BombsiteA",
  "8":"BombsiteA",
  "9":"BombsiteA",
  "10":"BombsiteB",
  "11":"BombsiteB",
  "12":"BombsiteB",
  "13":"BombsiteB"
 },
 "X":{
  "0":-1069.1755371094,
  "1":-1011.0009155273,
  "2":-1065.8146972656,
  "3":-1124.8715820312,
  "4":-1049.9285888672,
  "5":1292.3859863281,
  "6":1292.3859863281,
  "7":1285.1959228516,
  "8":1099.4915771484,
  "9":1099.4915771484,
  "10":-959.96875,
  "11":-1056.6481933594,
  "12":-1136.0313720703,
  "13":-1136.0313720703
 },
 "Y":{
  "0":588.3524780273,
  "1":567.9081420898,
  "2":599.9677124023,
  "3":589.0729370117,
  "4":599.9685668945,
  "5":1914.0347900391,
  "6":1914.0347900391,
  "7":1929.3308105469,
  "8":1962.2045898438,
  "9":1962.2045898438,
  "10":744.0313110352,
  "11":599.2310180664,
  "12":694.3784179688,
  "13":694.3784179688
 },
 "Z":{
  "0":-3.96875,
  "1":-3.96875,
  "2":-1.96875,
  "3":-3.96875,
  "4":-1.96875,
  "5":-191.96875,
  "6":-191.96875,
  "7":-191.96875,
  "8":-191.96875,
  "9":-191.96875,
  "10":-1.96875,
  "11":-1.96875,
  "12":-1.96875,
  "13":-1.96875
 },
 "round":{
  "0":1,
  "1":1,
  "2":4,
  "3":4,
  "4":5,
  "5":6,
  "6":6,
  "7":10,
  "8":11,
  "9":11,
  "10":13,
  "11":16,
  "12":17,
  "13":17
 }
}