{
 "tick":{
  "0":9468,
  "1":12092,
  "2":18915,
  "3":21539,
  "4":26322,
  "5":28946,
  "6":34066,
  "7":36690,
  "8":47110,
  "9":57201,
  "10":63408,
  "11":65459,
  "12":73711,
  "13":79331,
  "14":81955,
  "15":97667,
  "16":104293,
  "17":106917,
  "18":115365,
  "19":121543
 },
 "event":{
  "0":"planted",
  "1":"exploded",
  "2":"planted",
  "3":"exploded",
  "4":"planted",
  "5":"exploded",
  "6":"planted",
  "7":"exploded",
  "8":"planted",
  "9":"planted",
  "10":"planted",
  "11":"defused",
  "12":"planted",
  "13":"planted",
  "14":"exploded",
  "15":"planted",
  "16":"planted",
  "17":"exploded",
  "18":"planted",
  "19":"planted"
 },
 "site":{
  "0":"BombsiteA",
  "1":"BombsiteA",
  "2":"BombsiteA",
  "3":"BombsiteA",
  "4":"BombsiteB",
  "5":"BombsiteB",
  "6":"BombsiteA",
  "7":"BombsiteA",
  "8":"BombsiteA",
  "9":"BombsiteA",
  "10":"BombsiteB",
  "11":"BombsiteB",
  "12":"BombsiteA",
  "13":"BombsiteA",
  "14":"BombsiteA",
  "15":"BombsiteA",
  "16":"BombsiteB",
  "17":"BombsiteB",
  "18":"BombsiteB",
  "19":"BombsiteA"
 },
 "X":{
  "0":1235.9686279297,
  "1":1235.9686279297,
  "2":1094.2033691406,
  "3":1094.2033691406,
  "4":-1684.0477294922,
  "5":-1684.0477294922,
  "6":1161.3520507812,
  "7":1161.3520507812,
  "8":1095.5043945312,
  "9":1136.2933349609,
  "10":-1553.5563964844,
  "11":-1565.8929443359,
  "12":1134.2105712891,
  "13":1094.40234375,
  "14":1094.40234375,
  "15":1235.96875,
  "16":-1430.8634033203,
  "17":-1430.8634033203,
  "18":-1684.0711669922,
  "19":1235.97265625
 },
 "Y":{
  "0":2561.03125,
  "1":2561.03125,
  "2":2512.7651367188,
  "3":2512.7651367188,
  "4":2551.8081054688,
  "5":2551.8081054688,
  "6":2528.3291015625,
  "7":2528.3291015625,
  "8":2519.0512695312,
  "9":2521.2673339844,
  "10":2565.791015625,
  "11":2505.4248046875,
  "12":2532.6540527344,
  "13":2488.2326660156,
  "14":2488.2326660156,
  "15":2561.0305175781,
  "16":2676.1669921875,
  "17":2676.1669921875,
  "18":2546.859375,
  "19":2460.96875
 },
 "Z":{
  "0":99.602432251,
  "1":99.602432251,
  "2":96.0543365479,
  "3":96.0543365479,
  "4":7.0482225418,
  "5":7.0482225418,
  "6":95.2908096313,
  "7":95.2908096313,
  "8":96.0487670898,
  "9":96.0151596069,
  "10":3.1340413094,
  "11":2.3439846039,
  "12":96.0168151855,
  "13":96.0541229248,
  "14":96.0541229248,
  "15":99.602432251,
  "16":15.9848670959,
  "17":15.9848670959,
  "18":7.2651567459,
  "19":97.8951187134
 },
 "round":{
  "0":2,
  "1":2,
  "2":3,
  "3":3,
  "4":4,
  "5":4,
  "6":5,
  "7":5,
  "8":6,
  "9":7,
  "10":8,
  "11":8,
  "12":9,
  "13":10,
  "14":10,
  "15":12,
  "16":13,
  "17":13,
  "18":14,
  "19":15
 }
}