{
 "tick":{
  "0":37687,
  "1":40311,
  "2":48558,
  "3":51182,
  "4":65245,
  "5":66675,
  "6":73239,
  "7":74142,
  "8":82274,
  "9":84898,
  "10":89799,
  "11":92423,
  "12":100047,
  "13":101896,
  "14":129778,
  "15":140481,
  "16":148468,
  "17":176338
 },
 "event":{
  "0":"planted",
  "1":"exploded",
  "2":"planted",
  "3":"exploded",
  "4":"planted",
  "5":"defused",
  "6":"planted",
  "7":"defused",
  "8":"planted",
  "9":"exploded",
  "10":"planted",
  "11":"exploded",
  "12":"planted",
  "13":"defused",
  "14":"planted",
  "15":"planted",
  "16":"planted",
  "17":"planted"
 },
 "site":{
  "0":"BombsiteA",
  "1":"BombsiteA",
  "2":"BombsiteA",
  "3":"BombsiteA",
  "4":"BombsiteB",
  "5":"BombsiteB",
  "6":"BombsiteA",
  "7":"BombsiteA",
  "8":"BombsiteA",
  "9":"BombsiteA",
  "10":"BombsiteA",
  "11":"BombsiteA",
  "12":"BombsiteA",
  "13":"BombsiteA",
  "14":"BombsiteA",
  "15":"BombsiteA",
  "16":"BombsiteB",
  "17":"BombsiteA"
 },
 "X":{
  "0":-378.9786376953,
  "1":-378.9786376953,
  "2":-279.5122070312,
  "3":-279.5122070312,
  "4":-2061.3059082031,
  "5":-2076.0556640625,
  "6":-296.2821044922,
  "7":-250.4551391602,
  "8":-253.9494628906,
  "9":-253.9494628906,
  "10":-321.5678710938,
  "11":-321.5678710938,
  "12":-605.3687133789,
  "13":-546.018737793,
  "14":-502.1340942383,
  "15":-433.5744628906,
  "16":-1927.3051757812,
  "17":-605.9373779297
 },
 "Y":{
  "0":-2135.8015136719,
  "1":-2135.8015136719,
  "2":-2157.7951660156,
  "3":-2157.7951660156,
  "4":444.0081481934,
  "5":473.0570983887,
  "6":-2162.763671875,
  "7":-2149.5339355469,
  "8":-2149.3828125,
  "9":-2149.3828125,
  "10":-2035.2003173828,
  "11":-2035.2003173828,
  "12":-2199.2282714844,
  "13":-2203.8356933594,
  "14":-1990.591796875,
  "15":-1988.2885742188,
  "16":242.0327453613,
  "17":-2255.6784667969
 },
 "Z":{
  "0":-179.96875,
  "1":-179.96875,
  "2":-173.7429199219,
  "3":-173.7429199219,
  "4":-159.96875,
  "5":-160.2320556641,
  "6":-174.0465698242,
  "7":-173.1857910156,
  "8":-173.3545532227,
  "9":-173.3545532227,
  "10":-174.5612792969,
  "11":-174.5612792969,
  "12":-179.96875,
  "13":-179.96875,
  "14":-179.96875,
  "15":-179.96875,
  "16":-159.96875,
  "17":-179.5499267578
 },
 "round":{
  "0":4,
  "1":4,
  "2":5,
  "3":5,
  "4":7,
  "5":7,
  "6":8,
  "7":8,
  "8":9,
  "9":9,
  "10":10,
  "11":10,
  "12":11,
  "13":11,
  "14":16,
  "15":17,
  "16":18,
  "17":22
 }
}