{
 "tick":{
  "0":1798,
  "1":4422,
  "2":9870,
  "3":12494,
  "4":17833,
  "5":20457,
  "6":26754,
  "7":29378,
  "8":36099,
  "9":57505,
  "10":65193,
  "11":73625,
  "12":83190
 },
 "event":{
  "0":"planted",
  "1":"exploded",
  "2":"planted",
  "3":"exploded",
  "4":"planted",
  "5":"exploded",
  "6":"planted",
  "7":"exploded",
  "8":"planted",
  "9":"planted",
  "10":"planted",
  "11":"planted",
  "12":"planted"
 },
 "site":{
  "0":"BombsiteA",
  "1":"BombsiteA",
  "2":"BombsiteA",
  "3":"BombsiteA",
  "4":"BombsiteA",
  "5":"BombsiteA",
  "6":"BombsiteA",
  "7":"BombsiteA",
  "8":"BombsiteA",
  "9":"BombsiteB",
  "10":"BombsiteA",
  "11":"BombsiteB",
  "12":"BombsiteA"
 },
 "X":{
  "0":-383.8734130859,
  "1":-383.8734130859,
  "2":-114.03125,
  "3":-114.03125,
  "4":-295.7192993164,
  "5":-295.7192993164,
  "6":-360.7274780273,
  "7":-360.7274780273,
  "8":-114.0313720703,
  "9":-2216.03125,
  "10":-347.03125,
  "11":-2348.2060546875,
  "12":-397.4835205078
 },
 "Y":{
  "0":-689.0288696289,
  "1":-689.0288696289,
  "2":-540.03125,
  "3":-540.03125,
  "4":-713.0313720703,
  "5":-713.0313720703,
  "6":-685.8604736328,
  "7":-685.8604736328,
  "8":-540.03125,
  "9":881.1204223633,
  "10":-682.8149414062,
  "11":899.7734985352,
  "12":-692.8404541016
 },
 "Z":{
  "0":11774.91015625,
  "1":11774.91015625,
  "2":11776.03125,
  "3":11776.03125,
  "4":11776.03125,
  "5":11776.03125,
  "6":11774.513671875,
  "7":11774.513671875,
  "8":11776.03125,
  "9":11744.03125,
  "10":11774.1337890625,
  "11":11744.03125,
  "12":11775.38671875
 },
 "round":{
  "0":1,
  "1":1,
  "2":2,
  "3":2,
  "4":3,
  "5":3,
  "6":4,
  "7":4,
  "8":5,
  "9":8,
  "10":9,
  "11":10,
  "12":11
 }
}