{
 "tick":{
  "0":20750,
  "1":30290,
  "2":32580,
  "3":53700,
  "4":55866,
  "5":72619,
  "6":85661,
  "7":90991,
  "8":93615,
  "9":96731,
  "10":99355,
  "11":106512,
  "12":107551,
  "13":116266,
  "14":117592,
  "15":146319,
  "16":154024
 },
 "event":{
  "0":"planted",
  "1":"planted",
  "2":"defused",
  "3":"planted",
  "4":"defused",
  "5":"planted",
  "6":"planted",
  "7":"planted",
  "8":"exploded",
  "9":"planted",
  "10":"exploded",
  "11":"planted",
  "12":"defused",
  "13":"planted",
  "14":"defused",
  "15":"planted",
  "16":"planted"
 },
 "site":{
  "0":"BombsiteB",
  "1":"BombsiteA",
  "2":"BombsiteA",
  "3":"BombsiteB",
  "4":"BombsiteB",
  "5":"BombsiteA",
  "6":"BombsiteA",
  "7":"BombsiteB",
  "8":"BombsiteB",
  "9":"BombsiteB",
  "10":"BombsiteB",
  "11":"BombsiteA",
  "12":"BombsiteA",
  "13":"BombsiteB",
  "14":"BombsiteB",
  "15":"BombsiteB",
  "16":"BombsiteA"
 },
 "X":{
  "0":-1987.0313720703,
  "1":-253.9686279297,
  "2":-307.6779785156,
  "3":-1987.0313720703,
  "4":-2003.6130371094,
  "5":-497.9753417969,
  "6":-253.9683837891,
  "7":-1873.9461669922,
  "8":-1873.9461669922,
  "9":-1969.0313720703,
  "10":-1969.0313720703,
  "11":-455.8044433594,
  "12":-439.3518676758,
  "13":-1895.9125976562,
  "14":-1942.4947509766,
  "15":-1987.0313720703,
  "16":-444.8603515625
 },
 "Y":{
  "0":429.3242797852,
  "1":-2138.15625,
  "2":-2165.2602539062,
  "3":406.4387512207,
  "4":464.1069335938,
  "5":-2003.9227294922,
  "6":-2142.5817871094,
  "7":242.03125,
  "8":242.03125,
  "9":450.03125,
  "10":450.03125,
  "11":-2030.6821289062,
  "12":-2089.8520507812,
  "13":242.0330963135,
  "14":267.8461303711,
  "15":422.6834106445,
  "16":-1997.7171630859
 },
 "Z":{
  "0":-159.96875,
  "1":-173.1282958984,
  "2":-174.3311767578,
  "3":-159.96875,
  "4":-159.96875,
  "5":-179.96875,
  "6":-173.3249511719,
  "7":-159.96875,
  "8":-159.96875,
  "9":-159.96875,
  "10":-159.96875,
  "11":-179.96875,
  "12":-179.96875,
  "13":-159.96875,
  "14":-159.96875,
  "15":-159.96875,
  "16":-179.96875
 },
 "round":{
  "0":4,
  "1":5,
  "2":5,
  "3":8,
  "4":8,
  "5":11,
  "6":12,
  "7":13,
  "8":13,
  "9":14,
  "10":14,
  "11":15,
  "12":15,
  "13":16,
  "14":16,
  "15":20,
  "16":21
 }
}