{
 "tick":{
  "0":31518,
  "1":40740,
  "2":43364,
  "3":49320,
  "4":51944,
  "5":90970,
  "6":91852,
  "7":106933,
  "8":108588,
  "9":124712,
  "10":126923,
  "11":136872,
  "12":139496,
  "13":146130,
  "14":153295,
  "15":155919,
  "16":171932
 },
 "event":{
  "0":"planted",
  "1":"planted",
  "2":"exploded",
  "3":"planted",
  "4":"exploded",
  "5":"planted",
  "6":"defused",
  "7":"planted",
  "8":"defused",
  "9":"planted",
  "10":"defused",
  "11":"planted",
  "12":"exploded",
  "13":"planted",
  "14":"planted",
  "15":"exploded",
  "16":"planted"
 },
 "site":{
  "0":"BombsiteB",
  "1":"BombsiteB",
  "2":"BombsiteB",
  "3":"BombsiteA",
  "4":"BombsiteA",
  "5":"BombsiteA",
  "6":"BombsiteA",
  "7":"BombsiteA",
  "8":"BombsiteA",
  "9":"BombsiteB",
  "10":"BombsiteB",
  "11":"BombsiteA",
  "12":"BombsiteA",
  "13":"BombsiteA",
  "14":"BombsiteB",
  "15":"BombsiteB",
  "16":"BombsiteA"
 },
 "X":{
  "0":-1987.029296875,
  "1":-1987.0316162109,
  "2":-1987.0316162109,
  "3":-455.4765625,
  "4":-455.4765625,
  "5":-253.9685058594,
  "6":-197.1013793945,
  "7":-283.0765991211,
  "8":-340.9366455078,
  "9":-1908.5864257812,
  "10":-1902.3359375,
  "11":-292.2147216797,
  "12":-292.2147216797,
  "13":-252.5570068359,
  "14":-1888.7453613281,
  "15":-1888.7453613281,
  "16":-503.3011474609
 },
 "Y":{
  "0":421.7523193359,
  "1":408.9292602539,
  "2":408.9292602539,
  "3":-1978.3466796875,
  "4":-1978.3466796875,
  "5":-2148.9013671875,
  "6":-2125.9987792969,
  "7":-2158.7395019531,
  "8":-2180.6181640625,
  "9":242.0313720703,
  "10":262.8471069336,
  "11":-2006.169921875,
  "12":-2006.169921875,
  "13":-2207.5986328125,
  "14":242.0313720703,
  "15":242.0313720703,
  "16":-1975.7149658203
 },
 "Z":{
  "0":-159.96875,
  "1":-159.96875,
  "2":-159.96875,
  "3":-179.96875,
  "4":-179.96875,
  "5":-173.3981933594,
  "6":-167.96875,
  "7":-173.8173828125,
  "8":-174.444152832,
  "9":-159.96875,
  "10":-159.96875,
  "11":-170.6618652344,
  "12":-170.6618652344,
  "13":-168.1179199219,
  "14":-159.96875,
  "15":-159.96875,
  "16":-179.96875
 },
 "round":{
  "0":5,
  "1":6,
  "2":6,
  "3":7,
  "4":7,
  "5":11,
  "6":11,
  "7":13,
  "8":13,
  "9":16,
  "10":16,
  "11":17,
  "12":17,
  "13":18,
  "14":19,
  "15":19,
  "16":21
 }
}