{
 "tick":{
  "0":96908,
  "1":98767,
  "2":103380,
  "3":104516,
  "4":108214,
  "5":114815
 },
 "event":{
  "0":"planted",
  "1":"defused",
  "2":"planted",
  "3":"defused",
  "4":"planted",
  "5":"planted"
 },
 "site":{
  "0":"BombsiteB",
  "1":"BombsiteB",
  "2":"BombsiteB",
  "3":"BombsiteB",
  "4":"BombsiteB",
  "5":"BombsiteA"
 },
 "X":{
  "0":-1164.3787841797,
  "1":-1119.9428710938,
  "2":-1166.2576904297,
  "3":-1121.4958496094,
  "4":-1024.3857421875,
  "5":-2508.9123535156
 },
 "Y":{
  "0":-69.0583496094,
  "1":-107.1915283203,
  "2":-75.5341796875,
  "3":-113.4141845703,
  "4":27.9814720154,
  "5":804.9892578125
 },
 "Z":{
  "0":103.5312423706,
  "1":103.53125,
  "2":103.7099914551,
  "3":103.5312576294,
  "4":103.53125,
  "5":476.5295410156
 },
 "round":{
  "0":12,
  "1":12,
  "2":13,
  "3":13,
  "4":14,
  "5":15
 }
}