{
 "tick":{
  "0":13851,
  "1":16475,
  "2":21105,
  "3":28674,
  "4":34050,
  "5":41372,
  "6":50670,
  "7":53294,
  "8":62066,
  "9":64690,
  "10":73387,
  "11":80136,
  "12":87992,
  "13":90616,
  "14":103862
 },
 "event":{
  "0":"planted",
  "1":"exploded",
  "2":"planted",
  "3":"planted",
  "4":"planted",
  "5":"planted",
  "6":"planted",
  "7":"exploded",
  "8":"planted",
  "9":"exploded",
  "10":"planted",
  "11":"planted",
  "12":"planted",
  "13":"exploded",
  "14":"planted"
 },
 "site":{
  "0":"BombsiteB",
  "1":"BombsiteB",
  "2":"BombsiteA",
  "3":"BombsiteB",
  "4":"BombsiteA",
  "5":"BombsiteA",
  "6":"BombsiteA",
  "7":"BombsiteA",
  "8":"BombsiteA",
  "9":"BombsiteA",
  "10":"BombsiteA",
  "11":"BombsiteA",
  "12":"BombsiteB",
  "13":"BombsiteB",
  "14":"BombsiteA"
 },
 "X":{
  "0":-2037.1021728516,
  "1":-2037.1021728516,
  "2":-368.9298095703,
  "3":-1887.3343505859,
  "4":-494.1740722656,
  "5":-587.2120361328,
  "6":-264.7243041992,
  "7":-264.7243041992,
  "8":-574.866027832,
  "9":-574.866027832,
  "10":-253.96875,
  "11":-299.7268066406,
  "12":-2045.8142089844,
  "13":-2045.8142089844,
  "14":-606.938293457
 },
 "Y":{
  "0":288.965057373,
  "1":288.965057373,
  "2":-2043.7097167969,
  "3":242.0307159424,
  "4":-2012.6373291016,
  "5":-1976.3210449219,
  "6":-2153.873046875,
  "7":-2153.873046875,
  "8":-1979.2790527344,
  "9":-1979.2790527344,
  "10":-2134.0754394531,
  "11":-2163.1533203125,
  "12":293.3661499023,
  "13":293.3661499023,
  "14":-2157.8830566406
 },
 "Z":{
  "0":-159.96875,
  "1":-159.96875,
  "2":-179.1494750977,
  "3":-159.96875,
  "4":-179.96875,
  "5":-179.96875,
  "6":-173.4343261719,
  "7":-173.4343261719,
  "8":-179.96875,
  "9":-179.96875,
  "10":-172.9469604492,
  "11":-174.1650390625,
  "12":-159.96875,
  "13":-159.96875,
  "14":-179.96875
 },
 "round":{
  "0":1,
  "1":1,
  "2":2,
  "3":3,
  "4":4,
  "5":5,
  "6":6,
  "7":6,
  "8":7,
  "9":7,
  "10":8,
  "11":9,
  "12":10,
  "13":10,
  "14":12
 }
}