{
 "tick":{
  "0":5870,
  "1":7956,
  "2":15659,
  "3":18083,
  "4":21576,
  "5":24200,
  "6":44647,
  "7":47271,
  "8":53367,
  "9":55991,
  "10":62178,
  "11":67723,
  "12":76297,
  "13":78921,
  "14":86659,
  "15":100349,
  "16":110612,
  "17":113236,
  "18":137931,
  "19":140058
 },
 "event":{
  "0":"planted",
  "1":"defused",
  "2":"planted",
  "3":"defused",
  "4":"planted",
  "5":"exploded",
  "6":"planted",
  "7":"exploded",
  "8":"planted",
  "9":"exploded",
  "10":"planted",
  "11":"planted",
  "12":"planted",
  "13":"exploded",
  "14":"planted",
  "15":"planted",
  "16":"planted",
  "17":"exploded",
  "18":"planted",
  "19":"defused"
 },
 "site":{
  "0":"BombsiteB",
  "1":"BombsiteB",
  "2":"BombsiteA",
  "3":"BombsiteA",
  "4":"BombsiteB",
  "5":"BombsiteB",
  "6":"BombsiteA",
  "7":"BombsiteA",
  "8":"BombsiteA",
  "9":"BombsiteA",
  "10":"BombsiteA",
  "11":"BombsiteA",
  "12":"BombsiteB",
  "13":"BombsiteB",
  "14":"BombsiteA",
  "15":"BombsiteA",
  "16":"BombsiteA",
  "17":"BombsiteA",
  "18":"BombsiteA",
  "19":"BombsiteA"
 },
 "X":{
  "0":802.2116699219,
  "1":857.8383178711,
  "2":-1567.4250488281,
  "3":-1511.6572265625,
  "4":796.2334594727,
  "5":796.2334594727,
  "6":-1252.0759277344,
  "7":-1252.0759277344,
  "8":-1232.3486328125,
  "9":-1232.3486328125,
  "10":-1234.0137939453,
  "11":-1256.4727783203,
  "12":806.4995117188,
  "13":806.4995117188,
  "14":-1231.2509765625,
  "15":-1446.0220947266,
  "16":-1220.0808105469,
  "17":-1220.0808105469,
  "18":-1280.02734375,
  "19":-1320.486328125
 },
 "Y":{
  "0":152.0312805176,
  "1":172.8793334961,
  "2":715.436340332,
  "3":694.3498535156,
  "4":4.8778104782,
  "5":4.8778104782,
  "6":729.9686279297,
  "7":729.9686279297,
  "8":729.9686279297,
  "9":729.9686279297,
  "10":728.5850219727,
  "11":729.9656982422,
  "12":4.9685425758,
  "13":4.9685425758,
  "14":894.5101928711,
  "15":702.9892578125,
  "16":969.9702148438,
  "17":969.9702148438,
  "18":793.5510864258,
  "19":805.5308227539
 },
 "Z":{
  "0":130.9011077881,
  "1":130.03125,
  "2":56.03125,
  "3":56.03125,
  "4":130.9011230469,
  "5":130.9011230469,
  "6":56.03125,
  "7":56.03125,
  "8":56.03125,
  "9":56.03125,
  "10":56.03125,
  "11":56.03125,
  "12":130.9011230469,
  "13":130.9011230469,
  "14":62.03125,
  "15":56.03125,
  "16":56.03125,
  "17":56.03125,
  "18":54.03125,
  "19":54.03125
 },
 "round":{
  "0":1,
  "1":1,
  "2":2,
  "3":2,
  "4":3,
  "5":3,
  "6":5,
  "7":5,
  "8":6,
  "9":6,
  "10":7,
  "11":8,
  "12":9,
  "13":9,
  "14":10,
  "15":12,
  "16":13,
  "17":13,
  "18":16,
  "19":16
 }
}