{
 "tick":{
  "0":20766,
  "1":22904,
  "2":56512,
  "3":60588,
  "4":63212,
  "5":66748,
  "6":69372,
  "7":76743,
  "8":79367,
  "9":90773,
  "10":98046,
  "11":99323,
  "12":107707,
  "13":110331,
  "14":116455,
  "15":125254,
  "16":127878,
  "17":144185
 },
 "event":{
  "0":"planted",
  "1":"defused",
  "2":"planted",
  "3":"planted",
  "4":"exploded",
  "5":"planted",
  "6":"exploded",
  "7":"planted",
  "8":"exploded",
  "9":"planted",
  "10":"planted",
  "11":"defused",
  "12":"planted",
  "13":"exploded",
  "14":"planted",
  "15":"planted",
  "16":"exploded",
  "17":"planted"
 },
 "site":{
  "0":"BombsiteB",
  "1":"BombsiteB",
  "2":"BombsiteB",
  "3":"BombsiteB",
  "4":"BombsiteB",
  "5":"BombsiteA",
  "6":"BombsiteA",
  "7":"BombsiteB",
  "8":"BombsiteB",
  "9":"BombsiteA",
  "10":"BombsiteB",
  "11":"BombsiteB",
  "12":"BombsiteB",
  "13":"BombsiteB",
  "14":"BombsiteA",
  "15":"BombsiteA",
  "16":"BombsiteA",
  "17":"BombsiteA"
 },
 "X":{
  "0":634.3782958984,
  "1":573.0687866211,
  "2":609.2052001953,
  "3":641.2666015625,
  "4":641.2666015625,
  "5":704.7545166016,
  "6":704.7545166016,
  "7":444.2870788574,
  "8":444.2870788574,
  "9":507.6470947266,
  "10":442.3529968262,
  "11":483.8974914551,
  "12":486.7185974121,
  "13":486.7185974121,
  "14":662.0379638672,
  "15":850.0294189453,
  "16":850.0294189453,
  "17":763.3172607422
 },
 "Y":{
  "0":-1313.6231689453,
  "1":-1319.1280517578,
  "2":-796.9368286133,
  "3":-1298.2360839844,
  "4":-1298.2360839844,
  "5":-789.3942871094,
  "6":-789.3942871094,
  "7":-1088.7366943359,
  "8":-1088.7366943359,
  "9":-930.7926025391,
  "10":-1323.7852783203,
  "11":-1313.859375,
  "12":-983.9065551758,
  "13":-983.9065551758,
  "14":-776.2946777344,
  "15":-687.3247680664,
  "16":-687.3247680664,
  "17":-605.9678344727
 },
 "Z":{
  "0":-765.96875,
  "1":-765.96875,
  "2":-771.96875,
  "3":-765.96875,
  "4":-765.96875,
  "5":-399.9686279297,
  "6":-399.9686279297,
  "7":-765.96875,
  "8":-765.96875,
  "9":-409.8150634766,
  "10":-765.96875,
  "11":-765.96875,
  "12":-771.96875,
  "13":-771.96875,
  "14":-415.96875,
  "15":-399.9682617188,
  "16":-399.9682617188,
  "17":-399.9682617188
 },
 "round":{
  "0":4,
  "1":4,
  "2":8,
  "3":9,
  "4":9,
  "5":10,
  "6":10,
  "7":11,
  "8":11,
  "9":13,
  "10":14,
  "11":14,
  "12":15,
  "13":15,
  "14":16,
  "15":17,
  "16":17,
  "17":18
 }
}