{
 "tick":{
  "0":3701,
  "1":4914,
  "2":25023,
  "3":32579,
  "4":33862,
  "5":37939,
  "6":40563,
  "7":47871,
  "8":55023,
  "9":64339,
  "10":66963,
  "11":79353,
  "12":106689,
  "13":141527,
  "14":147799,
  "15":152497,
  "16":167160
 },
 "event":{
  "0":"planted",
  "1":"defused",
  "2":"planted",
  "3":"planted",
  "4":"defused",
  "5":"planted",
  "6":"exploded",
  "7":"planted",
  "8":"planted",
  "9":"planted",
  "10":"exploded",
  "11":"planted",
  "12":"planted",
  "13":"planted",
  "14":"planted",
  "15":"planted",
  "16":"planted"
 },
 "site":{
  "0":"BombsiteB",
  "1":"BombsiteB",
  "2":"BombsiteB",
  "3":"BombsiteB",
  "4":"BombsiteB",
  "5":"BombsiteA",
  "6":"BombsiteA",
  "7":"BombsiteA",
  "8":"BombsiteA",
  "9":"BombsiteA",
  "10":"BombsiteA",
  "11":"BombsiteB",
  "12":"BombsiteA",
  "13":"BombsiteA",
  "14":"BombsiteB",
  "15":"BombsiteA",
  "16":"BombsiteB"
 },
 "X":{
  "0":-1987.0709228516,
  "1":-2015.658203125,
  "2":-1987.0316162109,
  "3":-1969.03125,
  "4":-2006.4906005859,
  "5":-253.9715576172,
  "6":-253.9715576172,
  "7":-477.1962280273,
  "8":-494.0830078125,
  "9":-267.5965576172,
  "10":-267.5965576172,
  "11":-1987.0323486328,
  "12":-472.6702880859,
  "13":-316.2891845703,
  "14":-1989.51171875,
  "15":-287.4992675781,
  "16":-1969.03125
 },
 "Y":{
  "0":417.880279541,
  "1":409.4623413086,
  "2":414.9097290039,
  "3":450.0312805176,
  "4":449.6378173828,
  "5":-2134.0727539062,
  "6":-2134.0727539062,
  "7":-1981.4078369141,
  "8":-2014.8234863281,
  "9":-2154.6362304688,
  "10":-2154.6362304688,
  "11":419.9287109375,
  "12":-2022.4288330078,
  "13":-2030.0798339844,
  "14":436.3151855469,
  "15":-2161.984375,
  "16":450.0313110352
 },
 "Z":{
  "0":-159.96875,
  "1":-159.96875,
  "2":-159.96875,
  "3":-159.96875,
  "4":-159.96875,
  "5":-172.9470825195,
  "6":-172.9470825195,
  "7":-179.96875,
  "8":-179.96875,
  "9":-173.494140625,
  "10":-173.494140625,
  "11":-159.96875,
  "12":-179.96875,
  "13":-173.8645019531,
  "14":-159.96875,
  "15":-173.7255249023,
  "16":-159.96875
 },
 "round":{
  "0":1,
  "1":1,
  "2":4,
  "3":5,
  "4":5,
  "5":6,
  "6":6,
  "7":7,
  "8":8,
  "9":10,
  "10":10,
  "11":12,
  "12":14,
  "13":18,
  "14":19,
  "15":20,
  "16":22
 }
}