{
 "tick":{
  "0":6519,
  "1":7595,
  "2":27460,
  "3":35028,
  "4":37652,
  "5":79409,
  "6":84798,
  "7":126465,
  "8":129089,
  "9":146221,
  "10":157189,
  "11":158808,
  "12":173054,
  "13":175678
 },
 "event":{
  "0":"planted",
  "1":"defused",
  "2":"planted",
  "3":"planted",
  "4":"exploded",
  "5":"planted",
  "6":"planted",
  "7":"planted",
  "8":"exploded",
  "9":"planted",
  "10":"planted",
  "11":"defused",
  "12":"planted",
  "13":"exploded"
 },
 "site":{
  "0":"BombsiteB",
  "1":"BombsiteB",
  "2":"BombsiteA",
  "3":"BombsiteB",
  "4":"BombsiteB",
  "5":"BombsiteA",
  "6":"BombsiteB",
  "7":"BombsiteB",
  "8":"BombsiteB",
  "9":"BombsiteA",
  "10":"BombsiteB",
  "11":"BombsiteB",
  "12":"BombsiteA",
  "13":"BombsiteA"
 },
 "X":{
  "0":-2268.0004882812,
  "1":-2247.2634277344,
  "2":-370.0977783203,
  "3":-2216.3615722656,
  "4":-2216.3615722656,
  "5":-368.1262817383,
  "6":-2146.03125,
  "7":-2216.03125,
  "8":-2216.03125,
  "9":-114.03125,
  "10":-2247.7412109375,
  "11":-2279.9235839844,
  "12":-347.0295410156,
  "13":-347.0295410156
 },
 "Y":{
  "0":855.9348144531,
  "1":862.596862793,
  "2":-720.7515258789,
  "3":868.5864257812,
  "4":868.5864257812,
  "5":-687.5047607422,
  "6":734.3561401367,
  "7":916.6099243164,
  "8":916.6099243164,
  "9":-540.03125,
  "10":689.9727783203,
  "11":742.7557373047,
  "12":-682.8163452148,
  "13":-682.8163452148
 },
 "Z":{
  "0":11744.03125,
  "1":11744.03125,
  "2":11776.03125,
  "3":11744.03125,
  "4":11744.03125,
  "5":11774.7197265625,
  "6":11744.03125,
  "7":11744.03125,
  "8":11744.03125,
  "9":11776.03125,
  "10":11744.03125,
  "11":11744.03125,
  "12":11774.1337890625,
  "13":11774.1337890625
 },
 "round":{
  "0":1,
  "1":1,
  "2":4,
  "3":5,
  "4":5,
  "5":11,
  "6":12,
  "7":16,
  "8":16,
  "9":19,
  "10":20,
  "11":20,
  "12":22,
  "13":22
 }
}