{
 "tick":{
  "0":2200,
  "1":10353,
  "2":12977,
  "3":20781,
  "4":23028,
  "5":31343,
  "6":32307,
  "7":46417,
  "8":80575,
  "9":83199,
  "10":95486,
  "11":98110,
  "12":102758,
  "13":109914,
  "14":110675,
  "15":133817,
  "16":136095,
  "17":140487,
  "18":143111,
  "19":177072
 },
 "event":{
  "0":"planted",
  "1":"planted",
  "2":"exploded",
  "3":"planted",
  "4":"defused",
  "5":"planted",
  "6":"defused",
  "7":"planted",
  "8":"planted",
  "9":"exploded",
  "10":"planted",
  "11":"exploded",
  "12":"planted",
  "13":"planted",
  "14":"defused",
  "15":"planted",
  "16":"defused",
  "17":"planted",
  "18":"exploded",
  "19":"planted"
 },
 "site":{
  "0":"BombsiteA",
  "1":"BombsiteA",
  "2":"BombsiteA",
  "3":"BombsiteA",
  "4":"BombsiteA",
  "5":"BombsiteA",
  "6":"BombsiteA",
  "7":"BombsiteB",
  "8":"BombsiteA",
  "9":"BombsiteA",
  "10":"BombsiteB",
  "11":"BombsiteB",
  "12":"BombsiteB",
  "13":"BombsiteB",
  "14":"BombsiteB",
  "15":"BombsiteB",
  "16":"BombsiteB",
  "17":"BombsiteA",
  "18":"BombsiteA",
  "19":"BombsiteB"
 },
 "X":{
  "0":1274.1303710938,
  "1":1421.318359375,
  "2":1421.318359375,
  "3":1302.1571044922,
  "4":1285.8852539062,
  "5":1250.1032714844,
  "6":1296.1490478516,
  "7":-1136.0297851562,
  "8":1282.5427246094,
  "9":1282.5427246094,
  "10":-888.0726318359,
  "11":-888.0726318359,
  "12":-1136.03125,
  "13":-1136.03125,
  "14":-1155.8402099609,
  "15":-959.96875,
  "16":-940.2199707031,
  "17":1283.3643798828,
  "18":1283.3643798828,
  "19":-1136.0291748047
 },
 "Y":{
  "0":1960.4897460938,
  "1":2064.4060058594,
  "2":2064.4060058594,
  "3":1900.9281005859,
  "4":1842.6293945312,
  "5":1985.8675537109,
  "6":1944.4493408203,
  "7":699.9194946289,
  "8":1871.4984130859,
  "9":1871.4984130859,
  "10":716.0469360352,
  "11":716.0469360352,
  "12":699.9696044922,
  "13":699.96875,
  "14":641.8240966797,
  "15":645.96875,
  "16":591.2897338867,
  "17":1882.2810058594,
  "18":1882.2810058594,
  "19":699.96875
 },
 "Z":{
  "0":-184.1394042969,
  "1":-191.96875,
  "2":-191.96875,
  "3":-191.96875,
  "4":-191.96875,
  "5":-191.96875,
  "6":-191.96875,
  "7":-1.96875,
  "8":-187.5291748047,
  "9":-187.5291748047,
  "10":0.0312514305,
  "11":0.0312514305,
  "12":-1.96875,
  "13":-1.96875,
  "14":-3.96875,
  "15":-1.96875,
  "16":-3.96875,
  "17":-191.96875,
  "18":-191.96875,
  "19":-1.96875
 },
 "round":{
  "0":1,
  "1":2,
  "2":2,
  "3":3,
  "4":3,
  "5":4,
  "6":4,
  "7":6,
  "8":11,
  "9":11,
  "10":13,
  "11":13,
  "12":14,
  "13":15,
  "14":15,
  "15":18,
  "16":18,
  "17":19,
  "18":19,
  "19":23
 }
}