{
 "tick":{
  "0":2097,
  "1":4721,
  "2":48160,
  "3":50148,
  "4":69484,
  "5":70261,
  "6":94666,
  "7":95258,
  "8":101464,
  "9":109529,
  "10":112153,
  "11":116616,
  "12":156187,
  "13":158811,
  "14":181404
 },
 "event":{
  "0":"planted",
  "1":"exploded",
  "2":"planted",
  "3":"defused",
  "4":"planted",
  "5":"defused",
  "6":"planted",
  "7":"defused",
  "8":"planted",
  "9":"planted",
  "10":"exploded",
  "11":"planted",
  "12":"planted",
  "13":"exploded",
  "14":"planted"
 },
 "site":{
  "0":"BombsiteB",
  "1":"BombsiteB",
  "2":"BombsiteA",
  "3":"BombsiteA",
  "4":"BombsiteB",
  "5":"BombsiteB",
  "6":"BombsiteA",
  "7":"BombsiteA",
  "8":"BombsiteB",
  "9":"BombsiteA",
  "10":"BombsiteA",
  "11":"BombsiteB",
  "12":"BombsiteB",
  "13":"BombsiteB",
  "14":"BombsiteB"
 },
 "X":{
  "0":-1166.2845458984,
  "1":-1166.2845458984,
  "2":-2513.0947265625,
  "3":-2572.7463378906,
  "4":-1166.2774658203,
  "5":-1166.2644042969,
  "6":-2547.5524902344,
  "7":-2487.8835449219,
  "8":-1166.4666748047,
  "9":-2560.9782714844,
  "10":-2560.9782714844,
  "11":-1129.1984863281,
  "12":-1169.2373046875,
  "13":-1169.2373046875,
  "14":-1166.2293701172
 },
 "Y":{
  "0":-103.4048461914,
  "1":-103.4048461914,
  "2":798.0317382812,
  "3":807.9881591797,
  "4":-89.6351318359,
  "5":-93.5733642578,
  "6":645.5279541016,
  "7":635.6091308594,
  "8":-106.0518798828,
  "9":643.4401245117,
  "10":643.4401245117,
  "11":33.9171562195,
  "12":139.7061309814,
  "13":139.7061309814,
  "14":-72.4775390625
 },
 "Z":{
  "0":103.8686752319,
  "1":103.8686752319,
  "2":476.53125,
  "3":476.5312805176,
  "4":103.8268356323,
  "5":103.7496566772,
  "6":484.0312194824,
  "7":484.03125,
  "8":104.9448928833,
  "9":484.0312805176,
  "10":484.0312805176,
  "11":103.5312423706,
  "12":103.53125,
  "13":103.53125,
  "14":103.5426330566
 },
 "round":{
  "0":1,
  "1":1,
  "2":7,
  "3":7,
  "4":9,
  "5":9,
  "6":11,
  "7":11,
  "8":12,
  "9":13,
  "10":13,
  "11":14,
  "12":19,
  "13":19,
  "14":22
 }
}