{
 "tick":{
  "0":4972,
  "1":7596,
  "2":14984,
  "3":17608,
  "4":23614,
  "5":26238,
  "6":33894,
  "7":40197,
  "8":42821,
  "9":70794,
  "10":73418,
  "11":81177,
  "12":83801,
  "13":93036,
  "14":95660,
  "15":103716,
  "16":106021,
  "17":114945,
  "18":164802,
  "19":167056
 },
 "event":{
  "0":"planted",
  "1":"exploded",
  "2":"planted",
  "3":"exploded",
  "4":"planted",
  "5":"exploded",
  "6":"planted",
  "7":"planted",
  "8":"exploded",
  "9":"planted",
  "10":"exploded",
  "11":"planted",
  "12":"exploded",
  "13":"planted",
  "14":"exploded",
  "15":"planted",
  "16":"defused",
  "17":"planted",
  "18":"planted",
  "19":"defused"
 },
 "site":{
  "0":"BombsiteB",
  "1":"BombsiteB",
  "2":"BombsiteB",
  "3":"BombsiteB",
  "4":"BombsiteB",
  "5":"BombsiteB",
  "6":"BombsiteA",
  "7":"BombsiteB",
  "8":"BombsiteB",
  "9":"BombsiteA",
  "10":"BombsiteA",
  "11":"BombsiteB",
  "12":"BombsiteB",
  "13":"BombsiteA",
  "14":"BombsiteA",
  "15":"BombsiteB",
  "16":"BombsiteB",
  "17":"BombsiteB",
  "18":"BombsiteA",
  "19":"BombsiteA"
 },
 "X":{
  "0":547.9960327148,
  "1":547.9960327148,
  "2":547.8309936523,
  "3":547.8309936523,
  "4":541.8193359375,
  "5":541.8193359375,
  "6":1949.1228027344,
  "7":544.7385864258,
  "8":544.7385864258,
  "9":1966.0313720703,
  "10":1966.0313720703,
  "11":577.9210205078,
  "12":577.9210205078,
  "13":1820.3934326172,
  "14":1820.3934326172,
  "15":168.1027374268,
  "16":224.8558807373,
  "17":542.6149291992,
  "18":1878.2318115234,
  "19":1918.4195556641
 },
 "Y":{
  "0":2962.314453125,
  "1":2962.314453125,
  "2":2960.4177246094,
  "3":2960.4177246094,
  "4":2923.4892578125,
  "5":2923.4892578125,
  "6":696.9683837891,
  "7":2924.8549804688,
  "8":2924.8549804688,
  "9":721.96875,
  "10":721.96875,
  "11":2876.6591796875,
  "12":2876.6591796875,
  "13":608.0313110352,
  "14":608.0313110352,
  "15":2956.0349121094,
  "16":2969.1359863281,
  "17":2918.880859375,
  "18":328.990814209,
  "19":286.4727783203
 },
 "Z":{
  "0":161.5312347412,
  "1":161.5312347412,
  "2":161.5312347412,
  "3":161.5312347412,
  "4":161.5312347412,
  "5":161.5312347412,
  "6":160.03125,
  "7":161.5312347412,
  "8":161.5312347412,
  "9":160.03125,
  "10":160.03125,
  "11":168.0312347412,
  "12":168.0312347412,
  "13":159.9129638672,
  "14":159.9129638672,
  "15":161.5312652588,
  "16":161.5312652588,
  "17":161.5312347412,
  "18":161.0312042236,
  "19":161.03125
 },
 "round":{
  "0":1,
  "1":1,
  "2":2,
  "3":2,
  "4":3,
  "5":3,
  "6":4,
  "7":5,
  "8":5,
  "9":8,
  "10":8,
  "11":9,
  "12":9,
  "13":10,
  "14":10,
  "15":11,
  "16":11,
  "17":12,
  "18":18,
  "19":18
 }
}