{
 "tick":{
  "0":24349,
  "1":26973,
  "2":42932,
  "3":44963,
  "4":66932,
  "5":75269,
  "6":82019,
  "7":83556,
  "8":86919,
  "9":89543,
  "10":96604,
  "11":118000,
  "12":142934,
  "13":145558,
  "14":154344,
  "15":156968,
  "16":173676
 },
 "event":{
  "0":"planted",
  "1":"exploded",
  "2":"planted",
  "3":"defused",
  "4":"planted",
  "5":"planted",
  "6":"planted",
  "7":"defused",
  "8":"planted",
  "9":"exploded",
  "10":"planted",
  "11":"planted",
  "12":"planted",
  "13":"exploded",
  "14":"planted",
  "15":"exploded",
  "16":"planted"
 },
 "site":{
  "0":"BombsiteB",
  "1":"BombsiteB",
  "2":"BombsiteA",
  "3":"BombsiteA",
  "4":"BombsiteA",
  "5":"BombsiteB",
  "6":"BombsiteB",
  "7":"BombsiteB",
  "8":"BombsiteA",
  "9":"BombsiteA",
  "10":"BombsiteA",
  "11":"BombsiteA",
  "12":"BombsiteA",
  "13":"BombsiteA",
  "14":"BombsiteB",
  "15":"BombsiteB",
  "16":"BombsiteA"
 },
 "X":{
  "0":869.0314941406,
  "1":869.0314941406,
  "2":-1571.6456298828,
  "3":-1519.7993164062,
  "4":-1555.0024414062,
  "5":869.0313110352,
  "6":869.03125,
  "7":930.2174072266,
  "8":-1577.5046386719,
  "9":-1577.5046386719,
  "10":-1280.03125,
  "11":-1234.9614257812,
  "12":-1253.4871826172,
  "13":-1253.4871826172,
  "14":869.184753418,
  "15":869.184753418,
  "16":-1212.5616455078
 },
 "Y":{
  "0":72.7068557739,
  "1":72.7068557739,
  "2":701.0296630859,
  "3":733.8143310547,
  "4":699.329284668,
  "5":82.96875,
  "6":82.96875,
  "7":91.9140548706,
  "8":703.3851318359,
  "9":703.3851318359,
  "10":793.96875,
  "11":729.9686279297,
  "12":722.905456543,
  "13":722.905456543,
  "14":67.8341140747,
  "15":67.8341140747,
  "16":729.9673461914
 },
 "Z":{
  "0":130.9011077881,
  "1":130.9011077881,
  "2":56.03125,
  "3":54.1277694702,
  "4":56.03125,
  "5":130.9011077881,
  "6":130.9011077881,
  "7":130.03125,
  "8":56.03125,
  "9":56.03125,
  "10":54.03125,
  "11":56.03125,
  "12":56.03125,
  "13":56.03125,
  "14":130.9011077881,
  "15":130.9011077881,
  "16":56.03125
 },
 "round":{
  "0":3,
  "1":3,
  "2":5,
  "3":5,
  "4":8,
  "5":9,
  "6":10,
  "7":10,
  "8":11,
  "9":11,
  "10":12,
  "11":13,
  "12":18,
  "13":18,
  "14":19,
  "15":19,
  "16":21
 }
}