{
 "tick":{
  "0":22174,
  "1":28287,
  "2":46834,
  "3":49458,
  "4":56201,
  "5":107117,
  "6":126616,
  "7":141439,
  "8":145275,
  "9":176549,
  "10":187062,
  "11":250427,
  "12":260317,
  "13":265599,
  "14":268223,
  "15":297570,
  "16":313941
 },
 "event":{
  "0":"planted",
  "1":"planted",
  "2":"planted",
  "3":"exploded",
  "4":"planted",
  "5":"planted",
  "6":"planted",
  "7":"planted",
  "8":"planted",
  "9":"planted",
  "10":"planted",
  "11":"planted",
  "12":"planted",
  "13":"planted",
  "14":"exploded",
  "15":"planted",
  "16":"planted"
 },
 "site":{
  "0":"BombsiteB",
  "1":"BombsiteA",
  "2":"BombsiteB",
  "3":"BombsiteB",
  "4":"BombsiteB",
  "5":"BombsiteA",
  "6":"BombsiteB",
  "7":"BombsiteA",
  "8":"BombsiteA",
  "9":"BombsiteA",
  "10":"BombsiteA",
  "11":"BombsiteA",
  "12":"BombsiteA",
  "13":"BombsiteA",
  "14":"BombsiteA",
  "15":"BombsiteA",
  "16":"BombsiteA"
 },
 "X":{
  "0":448.5326538086,
  "1":758.8771972656,
  "2":340.03125,
  "3":340.03125,
  "4":702.3312988281,
  "5":524.612487793,
  "6":825.3021240234,
  "7":536.1487426758,
  "8":612.7426757812,
  "9":750.7289428711,
  "10":501.0049438477,
  "11":772.7160644531,
  "12":845.3704223633,
  "13":720.0564575195,
  "14":720.0564575195,
  "15":681.770690918,
  "16":654.2138061523
 },
 "Y":{
  "0":-845.3341064453,
  "1":-605.9685668945,
  "2":-708.2786254883,
  "3":-708.2786254883,
  "4":-1107.6911621094,
  "5":-813.8999023438,
  "6":-958.9467773438,
  "7":-890.3233032227,
  "8":-765.7926635742,
  "9":-594.8465576172,
  "10":-946.7969970703,
  "11":-605.9686279297,
  "12":-872.3153076172,
  "13":-772.5133666992,
  "14":-772.5133666992,
  "15":-762.3114013672,
  "16":-768.03125
 },
 "Z":{
  "0":-771.96875,
  "1":-399.9682617188,
  "2":-765.96875,
  "3":-765.96875,
  "4":-752.96875,
  "5":-399.96875,
  "6":-765.96875,
  "7":-400.0458984375,
  "8":-399.96875,
  "9":-399.9682617188,
  "10":-413.6784057617,
  "11":-399.9683227539,
  "12":-399.9682617188,
  "13":-399.9682617188,
  "14":-399.9682617188,
  "15":-399.96875,
  "16":-415.96875
 },
 "round":{
  "0":3,
  "1":4,
  "2":7,
  "3":7,
  "4":8,
  "5":15,
  "6":17,
  "7":18,
  "8":19,
  "9":23,
  "10":24,
  "11":33,
  "12":34,
  "13":35,
  "14":35,
  "15":39,
  "16":41
 }
}