{
 "tick":{
  "0":9266,
  "1":11890,
  "2":25394,
  "3":28018,
  "4":39782,
  "5":42406,
  "6":56480,
  "7":64714,
  "8":67338,
  "9":88280,
  "10":106181
 },
 "event":{
  "0":"planted",
  "1":"exploded",
  "2":"planted",
  "3":"exploded",
  "4":"planted",
  "5":"exploded",
  "6":"planted",
  "7":"planted",
  "8":"exploded",
  "9":"planted",
  "10":"planted"
 },
 "site":{
  "0":"BombsiteB",
  "1":"BombsiteB",
  "2":"BombsiteA",
  "3":"BombsiteA",
  "4":"BombsiteB",
  "5":"BombsiteB",
  "6":"BombsiteA",
  "7":"BombsiteA",
  "8":"BombsiteA",
  "9":"BombsiteB",
  "10":"BombsiteA"
 },
 "X":{
  "0":799.3858032227,
  "1":799.3858032227,
  "2":-1250.3940429688,
  "3":-1250.3940429688,
  "4":850.4006347656,
  "5":850.4006347656,
  "6":-1570.8966064453,
  "7":-1578.6850585938,
  "8":-1578.6850585938,
  "9":816.6524047852,
  "10":-1576.3804931641
 },
 "Y":{
  "0":4.9713740349,
  "1":4.9713740349,
  "2":728.8650512695,
  "3":728.8650512695,
  "4":4.9657316208,
  "5":4.9657316208,
  "6":706.8734130859,
  "7":708.7531738281,
  "8":708.7531738281,
  "9":4.9696669579,
  "10":748.2749023438
 },
 "Z":{
  "0":130.9011230469,
  "1":130.9011230469,
  "2":56.03125,
  "3":56.03125,
  "4":130.9011230469,
  "5":130.9011230469,
  "6":56.03125,
  "7":56.03125,
  "8":56.03125,
  "9":130.9011230469,
  "10":56.03125
 },
 "round":{
  "0":2,
  "1":2,
  "2":4,
  "3":4,
  "4":5,
  "5":5,
  "6":7,
  "7":8,
  "8":8,
  "9":12,
  "10":15
 }
}