{
 "tick":{
  "0":5848,
  "1":64258,
  "2":69851,
  "3":72475,
  "4":96969,
  "5":116742,
  "6":121608,
  "7":124232,
  "8":127432,
  "9":130056,
  "10":141819
 },
 "event":{
  "0":"planted",
  "1":"planted",
  "2":"planted",
  "3":"exploded",
  "4":"planted",
  "5":"planted",
  "6":"planted",
  "7":"exploded",
  "8":"planted",
  "9":"exploded",
  "10":"planted"
 },
 "site":{
  "0":"BombsiteB",
  "1":"BombsiteB",
  "2":"BombsiteB",
  "3":"BombsiteB",
  "4":"BombsiteA",
  "5":"BombsiteB",
  "6":"BombsiteB",
  "7":"BombsiteB",
  "8":"BombsiteA",
  "9":"BombsiteA",
  "10":"BombsiteA"
 },
 "X":{
  "0":-1969.03125,
  "1":-1921.5942382812,
  "2":-1987.1654052734,
  "3":-1987.1654052734,
  "4":-328.6580810547,
  "5":-1899.1871337891,
  "6":-1972.1765136719,
  "7":-1972.1765136719,
  "8":-497.6697998047,
  "9":-497.6697998047,
  "10":-253.6147460938
 },
 "Y":{
  "0":450.03125,
  "1":242.195602417,
  "2":427.1326904297,
  "3":427.1326904297,
  "4":-2038.1779785156,
  "5":242.0330657959,
  "6":450.0313110352,
  "7":450.0313110352,
  "8":-1996.1535644531,
  "9":-1996.1535644531,
  "10":-2134.4296875
 },
 "Z":{
  "0":-159.96875,
  "1":-159.96875,
  "2":-159.96875,
  "3":-159.96875,
  "4":-175.3238525391,
  "5":-159.96875,
  "6":-159.96875,
  "7":-159.96875,
  "8":-179.96875,
  "9":-179.96875,
  "10":-172.9312133789
 },
 "round":{
  "0":1,
  "1":8,
  "2":9,
  "3":9,
  "4":12,
  "5":13,
  "6":14,
  "7":14,
  "8":15,
  "9":15,
  "10":17
 }
}