{
 "tick":{
  "0":3590,
  "1":6214,
  "2":43026,
  "3":44975,
  "4":50470,
  "5":52146,
  "6":64251,
  "7":66875,
  "8":90619,
  "9":102396,
  "10":105020,
  "11":113491,
  "12":151073,
  "13":152786
 },
 "event":{
  "0":"planted",
  "1":"exploded",
  "2":"planted",
  "3":"defused",
  "4":"planted",
  "5":"defused",
  "6":"planted",
  "7":"exploded",
  "8":"planted",
  "9":"planted",
  "10":"exploded",
  "11":"planted",
  "12":"planted",
  "13":"defused"
 },
 "site":{
  "0":"BombsiteA",
  "1":"BombsiteA",
  "2":"BombsiteA",
  "3":"BombsiteA",
  "4":"BombsiteA",
  "5":"BombsiteA",
  "6":"BombsiteA",
  "7":"BombsiteA",
  "8":"BombsiteA",
  "9":"BombsiteA",
  "10":"BombsiteA",
  "11":"BombsiteA",
  "12":"BombsiteB",
  "13":"BombsiteB"
 },
 "X":{
  "0":1955.9306640625,
  "1":1955.9306640625,
  "2":1819.03125,
  "3":1875.9620361328,
  "4":2013.96875,
  "5":1992.123046875,
  "6":2074.318359375,
  "7":2074.318359375,
  "8":2082.5832519531,
  "9":1860.5490722656,
  "10":1860.5490722656,
  "11":1819.03125,
  "12":546.2999267578,
  "13":496.1206054688
 },
 "Y":{
  "0":696.9713745117,
  "1":696.9713745117,
  "2":273.6863098145,
  "3":287.2880249023,
  "4":721.9686889648,
  "5":666.8911743164,
  "6":184.7030487061,
  "7":184.7030487061,
  "8":183.5007171631,
  "9":343.1090393066,
  "10":343.1090393066,
  "11":693.96875,
  "12":2942.8115234375,
  "13":2978.6708984375
 },
 "Z":{
  "0":160.03125,
  "1":160.03125,
  "2":161.0312194824,
  "3":161.0312042236,
  "4":160.03125,
  "5":160.03125,
  "6":160.03125,
  "7":160.03125,
  "8":160.03125,
  "9":161.0312042236,
  "10":161.0312042236,
  "11":160.0095977783,
  "12":161.5312347412,
  "13":161.53125
 },
 "round":{
  "0":1,
  "1":1,
  "2":4,
  "3":4,
  "4":5,
  "5":5,
  "6":7,
  "7":7,
  "8":10,
  "9":11,
  "10":11,
  "11":12,
  "12":17,
  "13":17
 }
}