{
 "tick":{
  "0":30427,
  "1":58297,
  "2":60921,
  "3":111942,
  "4":114040,
  "5":121663,
  "6":124287,
  "7":131117,
  "8":133741,
  "9":138886
 },
 "event":{
  "0":"planted",
  "1":"planted",
  "2":"exploded",
  "3":"planted",
  "4":"defused",
  "5":"planted",
  "6":"exploded",
  "7":"planted",
  "8":"exploded",
  "9":"planted"
 },
 "site":{
  "0":"BombsiteA",
  "1":"BombsiteB",
  "2":"BombsiteB",
  "3":"BombsiteB",
  "4":"BombsiteB",
  "5":"BombsiteA",
  "6":"BombsiteA",
  "7":"BombsiteB",
  "8":"BombsiteB",
  "9":"BombsiteA"
 },
 "X":{
  "0":1966.3511962891,
  "1":546.4608764648,
  "2":546.4608764648,
  "3":544.7719116211,
  "4":502.9714660645,
  "5":1949.0313720703,
  "6":1949.0313720703,
  "7":566.7755126953,
  "8":566.7755126953,
  "9":1867.7482910156
 },
 "Y":{
  "0":362.8675231934,
  "1":2944.6628417969,
  "2":2944.6628417969,
  "3":2925.2236328125,
  "4":2969.7397460938,
  "5":696.96875,
  "6":696.96875,
  "7":2883.96875,
  "8":2883.96875,
  "9":327.647277832
 },
 "Z":{
  "0":160.03125,
  "1":161.5312347412,
  "2":161.5312347412,
  "3":161.5312347412,
  "4":161.5312347412,
  "5":160.03125,
  "6":160.03125,
  "7":168.0312347412,
  "8":168.0312347412,
  "9":161.0312042236
 },
 "round":{
  "0":3,
  "1":8,
  "2":8,
  "3":14,
  "4":14,
  "5":15,
  "6":15,
  "7":16,
  "8":16,
  "9":17
 }
}