{
 "tick":{
  "0":3949,
  "1":13143,
  "2":15767,
  "3":21425,
  "4":27947,
  "5":29606,
  "6":48360,
  "7":50984,
  "8":56047,
  "9":58671,
  "10":113892,
  "11":116516,
  "12":124644,
  "13":127268,
  "14":156021
 },
 "event":{
  "0":"planted",
  "1":"planted",
  "2":"exploded",
  "3":"planted",
  "4":"planted",
  "5":"defused",
  "6":"planted",
  "7":"exploded",
  "8":"planted",
  "9":"exploded",
  "10":"planted",
  "11":"exploded",
  "12":"planted",
  "13":"exploded",
  "14":"planted"
 },
 "site":{
  "0":"BombsiteB",
  "1":"BombsiteA",
  "2":"BombsiteA",
  "3":"BombsiteA",
  "4":"BombsiteB",
  "5":"BombsiteB",
  "6":"BombsiteA",
  "7":"BombsiteA",
  "8":"BombsiteA",
  "9":"BombsiteA",
  "10":"BombsiteA",
  "11":"BombsiteA",
  "12":"BombsiteA",
  "13":"BombsiteA",
  "14":"BombsiteA"
 },
 "X":{
  "0":-1066.1145019531,
  "1":1138.5289306641,
  "2":1138.5289306641,
  "3":1075.8833007812,
  "4":-1136.0313720703,
  "5":-1157.6751708984,
  "6":1511.96875,
  "7":1511.96875,
  "8":1511.9436035156,
  "9":1511.9436035156,
  "10":1312.0318603516,
  "11":1312.0318603516,
  "12":1274.2738037109,
  "13":1274.2738037109,
  "14":1489.9805908203
 },
 "Y":{
  "0":599.9713745117,
  "1":1997.1245117188,
  "2":1997.1245117188,
  "3":2000.0473632812,
  "4":692.9841308594,
  "5":635.5576782227,
  "6":2177.3168945312,
  "7":2177.3168945312,
  "8":2176.0595703125,
  "9":2176.0595703125,
  "10":2183.8317871094,
  "11":2183.8317871094,
  "12":1960.9681396484,
  "13":1960.9681396484,
  "14":2081.2475585938
 },
 "Z":{
  "0":-1.96875,
  "1":-191.96875,
  "2":-191.96875,
  "3":-191.96875,
  "4":-1.96875,
  "5":-3.96875,
  "6":-183.0845336914,
  "7":-183.0845336914,
  "8":-183.9227294922,
  "9":-183.9227294922,
  "10":-178.7412719727,
  "11":-178.7412719727,
  "12":-191.96875,
  "13":-191.96875,
  "14":-191.96875
 },
 "round":{
  "0":1,
  "1":2,
  "2":2,
  "3":3,
  "4":4,
  "5":4,
  "6":7,
  "7":7,
  "8":8,
  "9":8,
  "10":15,
  "11":15,
  "12":16,
  "13":16,
  "14":19
 }
}