{
 "tick":{
  "0":2705,
  "1":47685,
  "2":56703,
  "3":59327,
  "4":66320,
  "5":68944,
  "6":74608,
  "7":76232,
  "8":84502,
  "9":91723,
  "10":93466,
  "11":100049,
  "12":100968,
  "13":121234,
  "14":123858,
  "15":142097,
  "16":144721
 },
 "event":{
  "0":"planted",
  "1":"planted",
  "2":"planted",
  "3":"exploded",
  "4":"planted",
  "5":"exploded",
  "6":"planted",
  "7":"defused",
  "8":"planted",
  "9":"planted",
  "10":"defused",
  "11":"planted",
  "12":"defused",
  "13":"planted",
  "14":"exploded",
  "15":"planted",
  "16":"exploded"
 },
 "site":{
  "0":"BombsiteB",
  "1":"BombsiteB",
  "2":"BombsiteB",
  "3":"BombsiteB",
  "4":"BombsiteB",
  "5":"BombsiteB",
  "6":"BombsiteB",
  "7":"BombsiteB",
  "8":"BombsiteA",
  "9":"BombsiteA",
  "10":"BombsiteA",
  "11":"BombsiteA",
  "12":"BombsiteA",
  "13":"BombsiteA",
  "14":"BombsiteA",
  "15":"BombsiteB",
  "16":"BombsiteB"
 },
 "X":{
  "0":869.0313720703,
  "1":786.470703125,
  "2":869.0315551758,
  "3":869.0315551758,
  "4":796.1090698242,
  "5":796.1090698242,
  "6":869.0313110352,
  "7":918.4500732422,
  "8":-1201.8040771484,
  "9":-1209.5677490234,
  "10":-1169.9686279297,
  "11":-1255.1245117188,
  "12":-1197.2099609375,
  "13":-1569.9060058594,
  "14":-1569.9060058594,
  "15":793.4488525391,
  "16":793.4488525391
 },
 "Y":{
  "0":75.2218475342,
  "1":4.9684443474,
  "2":82.6036376953,
  "3":82.6036376953,
  "4":4.968413353,
  "5":4.968413353,
  "6":82.96875,
  "7":116.79737854,
  "8":893.1822509766,
  "9":893.0314941406,
  "10":864.3732299805,
  "11":729.9702758789,
  "12":711.9181518555,
  "13":701.5360717773,
  "14":701.5360717773,
  "15":4.9684767723,
  "16":4.9684767723
 },
 "Z":{
  "0":130.9011077881,
  "1":130.9011230469,
  "2":130.9011077881,
  "3":130.9011077881,
  "4":130.9011230469,
  "5":130.9011230469,
  "6":130.9011077881,
  "7":130.03125,
  "8":62.03125,
  "9":62.03125,
  "10":52.9369506836,
  "11":56.03125,
  "12":56.03125,
  "13":56.03125,
  "14":56.03125,
  "15":130.9011230469,
  "16":130.9011230469
 },
 "round":{
  "0":1,
  "1":8,
  "2":9,
  "3":9,
  "4":10,
  "5":10,
  "6":11,
  "7":11,
  "8":12,
  "9":13,
  "10":13,
  "11":14,
  "12":14,
  "13":18,
  "14":18,
  "15":20,
  "16":20
 }
}