{
 "tick":{
  "0":8602,
  "1":17740,
  "2":20364,
  "3":44729,
  "4":53685,
  "5":56076,
  "6":63430,
  "7":64852,
  "8":77012,
  "9":79175,
  "10":113756,
  "11":114386,
  "12":137348,
  "13":145723,
  "14":148347,
  "15":155521
 },
 "event":{
  "0":"planted",
  "1":"planted",
  "2":"exploded",
  "3":"planted",
  "4":"planted",
  "5":"defused",
  "6":"planted",
  "7":"defused",
  "8":"planted",
  "9":"defused",
  "10":"planted",
  "11":"defused",
  "12":"planted",
  "13":"planted",
  "14":"exploded",
  "15":"planted"
 },
 "site":{
  "0":"BombsiteB",
  "1":"BombsiteA",
  "2":"BombsiteA",
  "3":"BombsiteA",
  "4":"BombsiteB",
  "5":"BombsiteB",
  "6":"BombsiteA",
  "7":"BombsiteA",
  "8":"BombsiteB",
  "9":"BombsiteB",
  "10":"BombsiteA",
  "11":"BombsiteA",
  "12":"BombsiteB",
  "13":"BombsiteB",
  "14":"BombsiteB",
  "15":"BombsiteA"
 },
 "X":{
  "0":186.0092773438,
  "1":1819.03125,
  "2":1819.03125,
  "3":1932.96875,
  "4":557.7074584961,
  "5":511.2221984863,
  "6":2067.4426269531,
  "7":2006.966796875,
  "8":547.8861083984,
  "9":490.010559082,
  "10":2110.4140625,
  "11":2168.9865722656,
  "12":314.9686584473,
  "13":548.4229125977,
  "14":548.4229125977,
  "15":1997.7091064453
 },
 "Y":{
  "0":2889.5061035156,
  "1":273.6857910156,
  "2":273.6857910156,
  "3":380.9686584473,
  "4":2877.8513183594,
  "5":2878.2751464844,
  "6":185.7030334473,
  "7":191.8483123779,
  "8":2961.2202148438,
  "9":2941.2468261719,
  "10":179.4535369873,
  "11":163.9524841309,
  "12":2772.8515625,
  "13":2967.2250976562,
  "14":2967.2250976562,
  "15":721.9683227539
 },
 "Z":{
  "0":161.5312652588,
  "1":161.0312194824,
  "2":161.0312194824,
  "3":161.03125,
  "4":161.5312347412,
  "5":161.5312347412,
  "6":160.03125,
  "7":160.03125,
  "8":161.5312347412,
  "9":161.5312347412,
  "10":160.03125,
  "11":160.03125,
  "12":184.2997589111,
  "13":161.5312347412,
  "14":161.5312347412,
  "15":160.03125
 },
 "round":{
  "0":2,
  "1":3,
  "2":3,
  "3":7,
  "4":8,
  "5":8,
  "6":9,
  "7":9,
  "8":11,
  "9":11,
  "10":16,
  "11":16,
  "12":19,
  "13":20,
  "14":20,
  "15":21
 }
}