{
 "tick":{
  "0":2075,
  "1":7401,
  "2":10025,
  "3":17804,
  "4":19576,
  "5":32135,
  "6":34112,
  "7":54846,
  "8":55759,
  "9":71602,
  "10":78015,
  "11":119830,
  "12":122454,
  "13":129145,
  "14":131769,
  "15":142526,
  "16":151468,
  "17":154092
 },
 "event":{
  "0":"planted",
  "1":"planted",
  "2":"exploded",
  "3":"planted",
  "4":"defused",
  "5":"planted",
  "6":"defused",
  "7":"planted",
  "8":"defused",
  "9":"planted",
  "10":"planted",
  "11":"planted",
  "12":"exploded",
  "13":"planted",
  "14":"exploded",
  "15":"planted",
  "16":"planted",
  "17":"exploded"
 },
 "site":{
  "0":"BombsiteA",
  "1":"BombsiteA",
  "2":"BombsiteA",
  "3":"BombsiteA",
  "4":"BombsiteA",
  "5":"BombsiteB",
  "6":"BombsiteB",
  "7":"BombsiteA",
  "8":"BombsiteA",
  "9":"BombsiteB",
  "10":"BombsiteA",
  "11":"BombsiteA",
  "12":"BombsiteA",
  "13":"BombsiteB",
  "14":"BombsiteB",
  "15":"BombsiteA",
  "16":"BombsiteB",
  "17":"BombsiteB"
 },
 "X":{
  "0":1088.2517089844,
  "1":1088.0313720703,
  "2":1088.0313720703,
  "3":1044.8996582031,
  "4":1026.1536865234,
  "5":-1364.03125,
  "6":-1423.7913818359,
  "7":1097.0357666016,
  "8":1132.5563964844,
  "9":-1684.029296875,
  "10":981.1118164062,
  "11":987.9683227539,
  "12":987.9683227539,
  "13":-1366.0313720703,
  "14":-1366.0313720703,
  "15":988.8047485352,
  "16":-1366.0313720703,
  "17":-1366.0313720703
 },
 "Y":{
  "0":2481.60546875,
  "1":2479.6750488281,
  "2":2479.6750488281,
  "3":2588.1809082031,
  "4":2644.6735839844,
  "5":2755.03125,
  "6":2766.6147460938,
  "7":2514.2426757812,
  "8":2504.333984375,
  "9":2546.5161132812,
  "10":2546.9443359375,
  "11":2520.6857910156,
  "12":2520.6857910156,
  "13":2565.9655761719,
  "14":2565.9655761719,
  "15":2531.0532226562,
  "16":2565.96875,
  "17":2565.96875
 },
 "Z":{
  "0":96.0606384277,
  "1":96.0608596802,
  "2":96.0608596802,
  "3":96.4974060059,
  "4":96.3247528076,
  "5":17.6821479797,
  "6":15.7750396729,
  "7":96.0513305664,
  "8":95.3995437622,
  "9":7.2771883011,
  "10":96.53125,
  "11":96.5312576294,
  "12":96.5312576294,
  "13":4.6350426674,
  "14":4.6350426674,
  "15":96.53125,
  "16":4.6349859238,
  "17":4.6349859238
 },
 "round":{
  "0":1,
  "1":2,
  "2":2,
  "3":3,
  "4":3,
  "5":5,
  "6":5,
  "7":9,
  "8":9,
  "9":11,
  "10":12,
  "11":17,
  "12":17,
  "13":18,
  "14":18,
  "15":19,
  "16":20,
  "17":20
 }
}