{
 "tick":{
  "0":8664,
  "1":11288,
  "2":38667,
  "3":71502,
  "4":73661,
  "5":89180,
  "6":91029,
  "7":97575,
  "8":99162,
  "9":127443,
  "10":130067,
  "11":147622,
  "12":150246,
  "13":173548,
  "14":176172
 },
 "event":{
  "0":"planted",
  "1":"exploded",
  "2":"planted",
  "3":"planted",
  "4":"defused",
  "5":"planted",
  "6":"defused",
  "7":"planted",
  "8":"defused",
  "9":"planted",
  "10":"exploded",
  "11":"planted",
  "12":"exploded",
  "13":"planted",
  "14":"exploded"
 },
 "site":{
  "0":"BombsiteB",
  "1":"BombsiteB",
  "2":"BombsiteB",
  "3":"BombsiteA",
  "4":"BombsiteA",
  "5":"BombsiteA",
  "6":"BombsiteA",
  "7":"BombsiteB",
  "8":"BombsiteB",
  "9":"BombsiteA",
  "10":"BombsiteA",
  "11":"BombsiteA",
  "12":"BombsiteA",
  "13":"BombsiteA",
  "14":"BombsiteA"
 },
 "X":{
  "0":-1987.0329589844,
  "1":-1987.0329589844,
  "2":-1987.0313720703,
  "3":-464.4113769531,
  "4":-437.0476074219,
  "5":-296.3354492188,
  "6":-352.6116943359,
  "7":-1987.0314941406,
  "8":-2010.6790771484,
  "9":-296.1364746094,
  "10":-296.1364746094,
  "11":-253.96875,
  "12":-253.96875,
  "13":-500.3991088867,
  "14":-500.3991088867
 },
 "Y":{
  "0":405.2375793457,
  "1":405.2375793457,
  "2":416.3741149902,
  "3":-1981.3428955078,
  "4":-2035.9177246094,
  "5":-2007.3767089844,
  "6":-1988.9239501953,
  "7":439.7760009766,
  "8":469.7626342773,
  "9":-2162.201171875,
  "10":-2162.201171875,
  "11":-2134.0754394531,
  "12":-2134.0754394531,
  "13":-1975.9870605469,
  "14":-1975.9870605469
 },
 "Z":{
  "0":-159.96875,
  "1":-159.96875,
  "2":-159.96875,
  "3":-179.96875,
  "4":-179.96875,
  "5":-171.0818481445,
  "6":-175.2640380859,
  "7":-159.96875,
  "8":-159.96875,
  "9":-174.0900878906,
  "10":-174.0900878906,
  "11":-172.9469604492,
  "12":-172.9469604492,
  "13":-179.96875,
  "14":-179.96875
 },
 "round":{
  "0":2,
  "1":2,
  "2":6,
  "3":11,
  "4":11,
  "5":13,
  "6":13,
  "7":14,
  "8":14,
  "9":19,
  "10":19,
  "11":22,
  "12":22,
  "13":25,
  "14":25
 }
}