{
 "tick":{
  "0":7734,
  "1":10358,
  "2":18782,
  "3":21406,
  "4":66099,
  "5":68472,
  "6":77922,
  "7":104060,
  "8":114030,
  "9":118987,
  "10":124145
 },
 "event":{
  "0":"planted",
  "1":"exploded",
  "2":"planted",
  "3":"exploded",
  "4":"planted",
  "5":"defused",
  "6":"planted",
  "7":"planted",
  "8":"planted",
  "9":"planted",
  "10":"planted"
 },
 "site":{
  "0":"BombsiteB",
  "1":"BombsiteB",
  "2":"BombsiteB",
  "3":"BombsiteB",
  "4":"BombsiteB",
  "5":"BombsiteB",
  "6":"BombsiteA",
  "7":"BombsiteA",
  "8":"BombsiteB",
  "9":"BombsiteB",
  "10":"BombsiteB"
 },
 "X":{
  "0":797.6900024414,
  "1":797.6900024414,
  "2":869.0297851562,
  "3":869.0297851562,
  "4":1117.4215087891,
  "5":1154.32421875,
  "6":-1235.0980224609,
  "7":-1275.4417724609,
  "8":791.703918457,
  "9":1099.9995117188,
  "10":869.0317993164
 },
 "Y":{
  "0":4.9686560631,
  "1":4.9686560631,
  "2":59.0804710388,
  "3":59.0804710388,
  "4":65.1862030029,
  "5":37.3311729431,
  "6":729.9683227539,
  "7":718.7044067383,
  "8":4.9714961052,
  "9":-23.4188232422,
  "10":70.7778091431
 },
 "Z":{
  "0":130.9011230469,
  "1":130.9011230469,
  "2":130.9011077881,
  "3":130.9011077881,
  "4":134.03125,
  "5":148.0312957764,
  "6":56.03125,
  "7":56.03125,
  "8":130.9011230469,
  "9":134.03125,
  "10":130.9011077881
 },
 "round":{
  "0":1,
  "1":1,
  "2":2,
  "3":2,
  "4":9,
  "5":9,
  "6":10,
  "7":13,
  "8":15,
  "9":16,
  "10":17
 }
}