{
 "tick":{
  "0":12296,
  "1":29975,
  "2":31047,
  "3":36583,
  "4":39207,
  "5":48265,
  "6":49617,
  "7":87040,
  "8":87835,
  "9":108736,
  "10":117720,
  "11":129509
 },
 "event":{
  "0":"planted",
  "1":"planted",
  "2":"defused",
  "3":"planted",
  "4":"exploded",
  "5":"planted",
  "6":"defused",
  "7":"planted",
  "8":"defused",
  "9":"planted",
  "10":"planted",
  "11":"planted"
 },
 "site":{
  "0":"BombsiteA",
  "1":"BombsiteB",
  "2":"BombsiteB",
  "3":"BombsiteB",
  "4":"BombsiteB",
  "5":"BombsiteA",
  "6":"BombsiteA",
  "7":"BombsiteA",
  "8":"BombsiteA",
  "9":"BombsiteB",
  "10":"BombsiteA",
  "11":"BombsiteB"
 },
 "X":{
  "0":701.944519043,
  "1":640.9282836914,
  "2":629.2277832031,
  "3":340.0312805176,
  "4":340.0312805176,
  "5":523.3325195312,
  "6":526.8656616211,
  "7":591.1767578125,
  "8":592.9274291992,
  "9":633.5664672852,
  "10":710.7118530273,
  "11":837.9334716797
 },
 "Y":{
  "0":-602.2070922852,
  "1":-1264.2554931641,
  "2":-1324.5245361328,
  "3":-692.9624023438,
  "4":-692.9624023438,
  "5":-584.9887695312,
  "6":-644.916015625,
  "7":-912.5427246094,
  "8":-972.4573364258,
  "9":-1313.9650878906,
  "10":-621.6975708008,
  "11":-1153.3527832031
 },
 "Z":{
  "0":-399.9686279297,
  "1":-769.96875,
  "2":-765.96875,
  "3":-765.96875,
  "4":-765.96875,
  "5":-399.96875,
  "6":-399.96875,
  "7":-414.603515625,
  "8":-415.96875,
  "9":-765.96875,
  "10":-399.9685058594,
  "11":-765.96875
 },
 "round":{
  "0":1,
  "1":4,
  "2":4,
  "3":5,
  "4":5,
  "5":6,
  "6":6,
  "7":10,
  "8":10,
  "9":13,
  "10":14,
  "11":16
 }
}