{
 "tick":{
  "0":3624,
  "1":8811,
  "2":15923,
  "3":25717,
  "4":39823,
  "5":42447,
  "6":50760,
  "7":53384,
  "8":72008,
  "9":73511,
  "10":99770,
  "11":109391,
  "12":111875,
  "13":116111,
  "14":118735,
  "15":126932,
  "16":137351,
  "17":144963,
  "18":147587,
  "19":156297
 },
 "event":{
  "0":"planted",
  "1":"planted",
  "2":"planted",
  "3":"planted",
  "4":"planted",
  "5":"exploded",
  "6":"planted",
  "7":"exploded",
  "8":"planted",
  "9":"defused",
  "10":"planted",
  "11":"planted",
  "12":"defused",
  "13":"planted",
  "14":"exploded",
  "15":"planted",
  "16":"planted",
  "17":"planted",
  "18":"exploded",
  "19":"planted"
 },
 "site":{
  "0":"BombsiteA",
  "1":"BombsiteB",
  "2":"BombsiteA",
  "3":"BombsiteB",
  "4":"BombsiteA",
  "5":"BombsiteA",
  "6":"BombsiteA",
  "7":"BombsiteA",
  "8":"BombsiteB",
  "9":"BombsiteB",
  "10":"BombsiteB",
  "11":"BombsiteA",
  "12":"BombsiteA",
  "13":"BombsiteB",
  "14":"BombsiteB",
  "15":"BombsiteB",
  "16":"BombsiteB",
  "17":"BombsiteA",
  "18":"BombsiteA",
  "19":"BombsiteA"
 },
 "X":{
  "0":-2527.685546875,
  "1":-1166.2593994141,
  "2":-2547.2280273438,
  "3":-1154.3824462891,
  "4":-2530.3474121094,
  "5":-2530.3474121094,
  "6":-2571.033203125,
  "7":-2571.033203125,
  "8":-1155.9367675781,
  "9":-1101.6651611328,
  "10":-1166.2900390625,
  "11":-2570.1257324219,
  "12":-2535.8571777344,
  "13":-1166.2778320312,
  "14":-1166.2778320312,
  "15":-960.0718994141,
  "16":-1147.6870117188,
  "17":-2529.3483886719,
  "18":-2529.3483886719,
  "19":-2544.935546875
 },
 "Y":{
  "0":647.0850830078,
  "1":-88.5517578125,
  "2":645.5784912109,
  "3":-26.3306884766,
  "4":648.2034912109,
  "5":648.2034912109,
  "6":641.8499755859,
  "7":641.8499755859,
  "8":-49.9647216797,
  "9":-77.4658813477,
  "10":-74.7963256836,
  "11":641.9932861328,
  "12":639.3216552734,
  "13":-101.6596069336,
  "14":-101.6596069336,
  "15":163.0888366699,
  "16":-70.3475952148,
  "17":648.1826171875,
  "18":648.1826171875,
  "19":645.9379272461
 },
 "Z":{
  "0":484.03125,
  "1":103.7200775146,
  "2":484.03125,
  "3":103.5312423706,
  "4":484.0312805176,
  "5":484.0312805176,
  "6":484.0312805176,
  "7":484.0312805176,
  "8":103.53125,
  "9":103.53125,
  "10":103.9011383057,
  "11":484.0312805176,
  "12":484.03125,
  "13":103.8290023804,
  "14":103.8290023804,
  "15":100.0312423706,
  "16":103.53125,
  "17":484.0312194824,
  "18":484.0312194824,
  "19":484.03125
 },
 "round":{
  "0":1,
  "1":2,
  "2":3,
  "3":4,
  "4":6,
  "5":6,
  "6":7,
  "7":7,
  "8":9,
  "9":9,
  "10":12,
  "11":13,
  "12":13,
  "13":14,
  "14":14,
  "15":15,
  "16":17,
  "17":18,
  "18":18,
  "19":19
 }
}