{
 "tick":{
  "0":20628,
  "1":23252,
  "2":29576,
  "3":32200,
  "4":39368,
  "5":47748,
  "6":50372,
  "7":58911,
  "8":61535,
  "9":103572,
  "10":113486,
  "11":126914,
  "12":142923,
  "13":144174,
  "14":186910,
  "15":188911,
  "16":196327,
  "17":198157
 },
 "event":{
  "0":"planted",
  "1":"exploded",
  "2":"planted",
  "3":"exploded",
  "4":"planted",
  "5":"planted",
  "6":"exploded",
  "7":"planted",
  "8":"exploded",
  "9":"planted",
  "10":"planted",
  "11":"planted",
  "12":"planted",
  "13":"defused",
  "14":"planted",
  "15":"defused",
  "16":"planted",
  "17":"defused"
 },
 "site":{
  "0":"BombsiteB",
  "1":"BombsiteB",
  "2":"BombsiteB",
  "3":"BombsiteB",
  "4":"BombsiteA",
  "5":"BombsiteB",
  "6":"BombsiteB",
  "7":"BombsiteA",
  "8":"BombsiteA",
  "9":"BombsiteB",
  "10":"BombsiteB",
  "11":"BombsiteA",
  "12":"BombsiteA",
  "13":"BombsiteA",
  "14":"BombsiteB",
  "15":"BombsiteB",
  "16":"BombsiteA",
  "17":"BombsiteA"
 },
 "X":{
  "0":-1073.3249511719,
  "1":-1073.3249511719,
  "2":-1045.5548095703,
  "3":-1045.5548095703,
  "4":1312.0336914062,
  "5":-1136.03125,
  "6":-1136.03125,
  "7":1263.8273925781,
  "8":1263.8273925781,
  "9":-1043.5294189453,
  "10":-1011.5561523438,
  "11":1511.9699707031,
  "12":1511.9688720703,
  "13":1511.9720458984,
  "14":-1036.7276611328,
  "15":-1019.244140625,
  "16":1207.2493896484,
  "17":1147.3758544922
 },
 "Y":{
  "0":599.9671630859,
  "1":599.9671630859,
  "2":599.9685668945,
  "3":599.9685668945,
  "4":2187.2924804688,
  "5":699.9686889648,
  "6":699.9686889648,
  "7":1972.4641113281,
  "8":1972.4641113281,
  "9":599.9682617188,
  "10":574.5377807617,
  "11":2171.3188476562,
  "12":2175.8266601562,
  "13":2184.1430664062,
  "14":599.9686279297,
  "15":541.6619262695,
  "16":1807.5072021484,
  "17":1816.0318603516
 },
 "Z":{
  "0":-1.96875,
  "1":-1.96875,
  "2":-1.96875,
  "3":-1.96875,
  "4":-176.4341430664,
  "5":-1.96875,
  "6":-1.96875,
  "7":-191.96875,
  "8":-191.96875,
  "9":-1.96875,
  "10":-3.96875,
  "11":-187.083190918,
  "12":-184.0780029297,
  "13":-178.5337524414,
  "14":-1.96875,
  "15":0.0312504768,
  "16":-191.96875,
  "17":-180.728515625
 },
 "round":{
  "0":3,
  "1":3,
  "2":4,
  "3":4,
  "4":5,
  "5":7,
  "6":7,
  "7":8,
  "8":8,
  "9":13,
  "10":14,
  "11":15,
  "12":17,
  "13":17,
  "14":23,
  "15":23,
  "16":24,
  "17":24
 }
}