{
 "tick":{
  "0":10812,
  "1":13436,
  "2":20938,
  "3":23562,
  "4":29745,
  "5":38392,
  "6":56064,
  "7":58688,
  "8":74612,
  "9":77236,
  "10":98760,
  "11":101384,
  "12":113801,
  "13":115745,
  "14":141871,
  "15":144495
 },
 "event":{
  "0":"planted",
  "1":"exploded",
  "2":"planted",
  "3":"exploded",
  "4":"planted",
  "5":"planted",
  "6":"planted",
  "7":"exploded",
  "8":"planted",
  "9":"exploded",
  "10":"planted",
  "11":"exploded",
  "12":"planted",
  "13":"defused",
  "14":"planted",
  "15":"exploded"
 },
 "site":{
  "0":"BombsiteA",
  "1":"BombsiteA",
  "2":"BombsiteA",
  "3":"BombsiteA",
  "4":"BombsiteB",
  "5":"BombsiteA",
  "6":"BombsiteB",
  "7":"BombsiteB",
  "8":"BombsiteB",
  "9":"BombsiteB",
  "10":"BombsiteA",
  "11":"BombsiteA",
  "12":"BombsiteA",
  "13":"BombsiteA",
  "14":"BombsiteB",
  "15":"BombsiteB"
 },
 "X":{
  "0":-2485.8195800781,
  "1":-2485.8195800781,
  "2":-2573.1442871094,
  "3":-2573.1442871094,
  "4":-1166.2325439453,
  "5":-2570.9230957031,
  "6":-1166.2316894531,
  "7":-1166.2316894531,
  "8":-1166.2698974609,
  "9":-1166.2698974609,
  "10":-2500.49609375,
  "11":-2500.49609375,
  "12":-2518.5400390625,
  "13":-2495.1166992188,
  "14":-1166.28125,
  "15":-1166.28125
 },
 "Y":{
  "0":787.4278564453,
  "1":787.4278564453,
  "2":632.8414306641,
  "3":632.8414306641,
  "4":-88.9775390625,
  "5":641.8670654297,
  "6":-69.4739379883,
  "7":-69.4739379883,
  "8":-93.2771606445,
  "9":-93.2771606445,
  "10":804.1232910156,
  "11":804.1232910156,
  "12":657.5426025391,
  "13":642.1472167969,
  "14":-94.2312011719,
  "15":-94.2312011719
 },
 "Z":{
  "0":476.5312194824,
  "1":476.5312194824,
  "2":484.03125,
  "3":484.03125,
  "4":103.5613937378,
  "5":484.03125,
  "6":103.556350708,
  "7":103.556350708,
  "8":103.782119751,
  "9":103.782119751,
  "10":476.528137207,
  "11":476.528137207,
  "12":484.03125,
  "13":484.0312805176,
  "14":103.8492126465,
  "15":103.8492126465
 },
 "round":{
  "0":2,
  "1":2,
  "2":3,
  "3":3,
  "4":4,
  "5":5,
  "6":7,
  "7":7,
  "8":9,
  "9":9,
  "10":12,
  "11":12,
  "12":14,
  "13":14,
  "14":18,
  "15":18
 }
}