{
 "tick":{
  "0":2988,
  "1":10041,
  "2":12665,
  "3":30989,
  "4":33613,
  "5":76747,
  "6":79371,
  "7":85972,
  "8":88596,
  "9":117664,
  "10":120288,
  "11":149674,
  "12":152298,
  "13":159206,
  "14":172099,
  "15":174723,
  "16":180660
 },
 "event":{
  "0":"planted",
  "1":"planted",
  "2":"exploded",
  "3":"planted",
  "4":"exploded",
  "5":"planted",
  "6":"exploded",
  "7":"planted",
  "8":"exploded",
  "9":"planted",
  "10":"exploded",
  "11":"planted",
  "12":"exploded",
  "13":"planted",
  "14":"planted",
  "15":"exploded",
  "16":"planted"
 },
 "site":{
  "0":"BombsiteB",
  "1":"BombsiteA",
  "2":"BombsiteA",
  "3":"BombsiteA",
  "4":"BombsiteA",
  "5":"BombsiteB",
  "6":"BombsiteB",
  "7":"BombsiteA",
  "8":"BombsiteA",
  "9":"BombsiteB",
  "10":"BombsiteB",
  "11":"BombsiteA",
  "12":"BombsiteA",
  "13":"BombsiteA",
  "14":"BombsiteB",
  "15":"BombsiteB",
  "16":"BombsiteA"
 },
 "X":{
  "0":-2216.03125,
  "1":-347.03125,
  "2":-347.03125,
  "3":-303.6549072266,
  "4":-303.6549072266,
  "5":-2216.2517089844,
  "6":-2216.2517089844,
  "7":-298.9135131836,
  "8":-298.9135131836,
  "9":-2216.03125,
  "10":-2216.03125,
  "11":-289.1071777344,
  "12":-289.1071777344,
  "13":-372.9276123047,
  "14":-2216.0300292969,
  "15":-2216.0300292969,
  "16":-362.1166992188
 },
 "Y":{
  "0":897.5559082031,
  "1":-682.8167114258,
  "2":-682.8167114258,
  "3":-713.0316162109,
  "4":-713.0316162109,
  "5":877.4523925781,
  "6":877.4523925781,
  "7":-713.0313720703,
  "8":-713.0313720703,
  "9":870.7116699219,
  "10":870.7116699219,
  "11":-718.7215576172,
  "12":-718.7215576172,
  "13":-688.569152832,
  "14":866.6655273438,
  "15":866.6655273438,
  "16":-686.4087524414
 },
 "Z":{
  "0":11744.03125,
  "1":11774.1337890625,
  "2":11774.1337890625,
  "3":11776.03125,
  "4":11776.03125,
  "5":11744.03125,
  "6":11744.03125,
  "7":11776.03125,
  "8":11776.03125,
  "9":11744.03125,
  "10":11744.03125,
  "11":11776.03125,
  "12":11776.03125,
  "13":11774.8525390625,
  "14":11744.03125,
  "15":11744.03125,
  "16":11774.5830078125
 },
 "round":{
  "0":1,
  "1":2,
  "2":2,
  "3":4,
  "4":4,
  "5":10,
  "6":10,
  "7":11,
  "8":11,
  "9":13,
  "10":13,
  "11":17,
  "12":17,
  "13":18,
  "14":20,
  "15":20,
  "16":21
 }
}