{
 "tick":{
  "0":2455,
  "1":9599,
  "2":16069,
  "3":20515,
  "4":25387,
  "5":35461,
  "6":51945,
  "7":53853,
  "8":63925,
  "9":66549,
  "10":71378,
  "11":74002,
  "12":123590,
  "13":125970,
  "14":132731,
  "15":133453
 },
 "event":{
  "0":"planted",
  "1":"planted",
  "2":"planted",
  "3":"planted",
  "4":"planted",
  "5":"planted",
  "6":"planted",
  "7":"defused",
  "8":"planted",
  "9":"exploded",
  "10":"planted",
  "11":"exploded",
  "12":"planted",
  "13":"defused",
  "14":"planted",
  "15":"defused"
 },
 "site":{
  "0":"BombsiteA",
  "1":"BombsiteA",
  "2":"BombsiteA",
  "3":"BombsiteB",
  "4":"BombsiteB",
  "5":"BombsiteA",
  "6":"BombsiteA",
  "7":"BombsiteA",
  "8":"BombsiteA",
  "9":"BombsiteA",
  "10":"BombsiteA",
  "11":"BombsiteA",
  "12":"BombsiteA",
  "13":"BombsiteA",
  "14":"BombsiteB",
  "15":"BombsiteB"
 },
 "X":{
  "0":-497.9645385742,
  "1":-586.5461425781,
  "2":-314.0876464844,
  "3":-2011.1689453125,
  "4":-1893.2348632812,
  "5":-253.8872680664,
  "6":-566.28515625,
  "7":-505.2076416016,
  "8":-533.6138305664,
  "9":-533.6138305664,
  "10":-353.3358154297,
  "11":-353.3358154297,
  "12":-477.42578125,
  "13":-485.2760009766,
  "14":-1894.90625,
  "15":-1952.5151367188
 },
 "Y":{
  "0":-1996.7883300781,
  "1":-1981.228515625,
  "2":-2188.7292480469,
  "3":438.5327758789,
  "4":242.03175354,
  "5":-2208.96875,
  "6":-1977.8491210938,
  "7":-1969.4586181641,
  "8":-1972.7252197266,
  "9":-1972.7252197266,
  "10":-2044.7192382812,
  "11":-2044.7192382812,
  "12":-1994.7702636719,
  "13":-1936.3537597656,
  "14":242.0316772461,
  "15":251.878616333
 },
 "Z":{
  "0":-179.96875,
  "1":-179.96875,
  "2":-172.5299072266,
  "3":-159.96875,
  "4":-159.96875,
  "5":-168.0552368164,
  "6":-179.96875,
  "7":-179.96875,
  "8":-179.96875,
  "9":-179.96875,
  "10":-177.8082275391,
  "11":-177.8082275391,
  "12":-179.96875,
  "13":-179.96875,
  "14":-159.96875,
  "15":-159.96875
 },
 "round":{
  "0":1,
  "1":2,
  "2":3,
  "3":4,
  "4":5,
  "5":6,
  "6":8,
  "7":8,
  "8":9,
  "9":9,
  "10":10,
  "11":10,
  "12":16,
  "13":16,
  "14":17,
  "15":17
 }
}