{
 "tick":{
  "0":20174,
  "1":21741,
  "2":27082,
  "3":29395,
  "4":41506,
  "5":53458,
  "6":56082,
  "7":64018,
  "8":75565,
  "9":85057,
  "10":102924,
  "11":104578,
  "12":110166,
  "13":118820,
  "14":121444,
  "15":151149,
  "16":153773
 },
 "event":{
  "0":"planted",
  "1":"defused",
  "2":"planted",
  "3":"defused",
  "4":"planted",
  "5":"planted",
  "6":"exploded",
  "7":"planted",
  "8":"planted",
  "9":"planted",
  "10":"planted",
  "11":"defused",
  "12":"planted",
  "13":"planted",
  "14":"exploded",
  "15":"planted",
  "16":"exploded"
 },
 "site":{
  "0":"BombsiteB",
  "1":"BombsiteB",
  "2":"BombsiteB",
  "3":"BombsiteB",
  "4":"BombsiteB",
  "5":"BombsiteA",
  "6":"BombsiteA",
  "7":"BombsiteB",
  "8":"BombsiteB",
  "9":"BombsiteB",
  "10":"BombsiteA",
  "11":"BombsiteA",
  "12":"BombsiteB",
  "13":"BombsiteB",
  "14":"BombsiteB",
  "15":"BombsiteA",
  "16":"BombsiteA"
 },
 "X":{
  "0":-2216.03125,
  "1":-2223.7604980469,
  "2":-2216.03125,
  "3":-2253.7019042969,
  "4":-2220.3708496094,
  "5":-359.4752197266,
  "6":-359.4752197266,
  "7":-2216.0290527344,
  "8":-2216.03125,
  "9":-2337.8071289062,
  "10":-302.0600585938,
  "11":-358.3470458984,
  "12":-2216.0336914062,
  "13":-2216.03125,
  "14":-2216.03125,
  "15":-351.9920654297,
  "16":-351.9920654297
 },
 "Y":{
  "0":863.4702148438,
  "1":883.3015136719,
  "2":877.1328735352,
  "3":829.0241699219,
  "4":880.774597168,
  "5":-685.5821533203,
  "6":-685.5821533203,
  "7":869.3482055664,
  "8":871.133605957,
  "9":863.9572143555,
  "10":-714.1939697266,
  "11":-689.1912231445,
  "12":901.0028686523,
  "13":877.1141357422,
  "14":877.1141357422,
  "15":-685.1600341797,
  "16":-685.1600341797
 },
 "Z":{
  "0":11744.03125,
  "1":11744.03125,
  "2":11744.03125,
  "3":11744.03125,
  "4":11744.03125,
  "5":11774.4794921875,
  "6":11774.4794921875,
  "7":11744.03125,
  "8":11744.03125,
  "9":11744.03125,
  "10":11776.03125,
  "11":11774.9306640625,
  "12":11744.03125,
  "13":11744.03125,
  "14":11744.03125,
  "15":11774.4267578125,
  "16":11774.4267578125
 },
 "round":{
  "0":3,
  "1":3,
  "2":4,
  "3":4,
  "4":6,
  "5":8,
  "6":8,
  "7":9,
  "8":11,
  "9":12,
  "10":13,
  "11":13,
  "12":14,
  "13":16,
  "14":16,
  "15":20,
  "16":20
 }
}