{
 "tick":{
  "0":3548,
  "1":12628,
  "2":15252,
  "3":43846,
  "4":46116,
  "5":54572,
  "6":57196,
  "7":63104,
  "8":65728,
  "9":75415,
  "10":99845,
  "11":125511,
  "12":128135,
  "13":132574,
  "14":146164,
  "15":148788,
  "16":156037,
  "17":158661,
  "18":189834,
  "19":197951
 },
 "event":{
  "0":"planted",
  "1":"planted",
  "2":"exploded",
  "3":"planted",
  "4":"defused",
  "5":"planted",
  "6":"exploded",
  "7":"planted",
  "8":"exploded",
  "9":"planted",
  "10":"planted",
  "11":"planted",
  "12":"exploded",
  "13":"planted",
  "14":"planted",
  "15":"exploded",
  "16":"planted",
  "17":"exploded",
  "18":"planted",
  "19":"planted"
 },
 "site":{
  "0":"BombsiteB",
  "1":"BombsiteB",
  "2":"BombsiteB",
  "3":"BombsiteB",
  "4":"BombsiteB",
  "5":"BombsiteA",
  "6":"BombsiteA",
  "7":"BombsiteA",
  "8":"BombsiteA",
  "9":"BombsiteA",
  "10":"BombsiteB",
  "11":"BombsiteB",
  "12":"BombsiteB",
  "13":"BombsiteA",
  "14":"BombsiteB",
  "15":"BombsiteB",
  "16":"BombsiteA",
  "17":"BombsiteA",
  "18":"BombsiteB",
  "19":"BombsiteB"
 },
 "X":{
  "0":-1136.0313720703,
  "1":-1136.0302734375,
  "2":-1136.0302734375,
  "3":-1045.6898193359,
  "4":-1097.7897949219,
  "5":1242.15234375,
  "6":1242.15234375,
  "7":1278.7924804688,
  "8":1278.7924804688,
  "9":1252.2553710938,
  "10":-1050.8077392578,
  "11":-1059.9461669922,
  "12":-1059.9461669922,
  "13":1279.8446044922,
  "14":-1056.189453125,
  "15":-1056.189453125,
  "16":1229.8386230469,
  "17":1229.8386230469,
  "18":-1136.03125,
  "19":-1136.0313720703
 },
 "Y":{
  "0":699.96875,
  "1":699.96875,
  "2":699.96875,
  "3":599.9678955078,
  "4":572.353515625,
  "5":1816.8294677734,
  "6":1816.8294677734,
  "7":1925.2462158203,
  "8":1925.2462158203,
  "9":1777.3618164062,
  "10":599.1233520508,
  "11":599.9682617188,
  "12":599.9682617188,
  "13":1861.6907958984,
  "14":599.9677734375,
  "15":599.9677734375,
  "16":1995.875,
  "17":1995.875,
  "18":699.96875,
  "19":699.4842529297
 },
 "Z":{
  "0":-1.96875,
  "1":-1.96875,
  "2":-1.96875,
  "3":-1.96875,
  "4":-3.96875,
  "5":-185.0189208984,
  "6":-185.0189208984,
  "7":-179.0414428711,
  "8":-179.0414428711,
  "9":-181.1253051758,
  "10":-1.96875,
  "11":-1.96875,
  "12":-1.96875,
  "13":-191.96875,
  "14":-1.96875,
  "15":-1.96875,
  "16":-183.4212646484,
  "17":-183.4212646484,
  "18":-1.96875,
  "19":-1.96875
 },
 "round":{
  "0":1,
  "1":2,
  "2":2,
  "3":6,
  "4":6,
  "5":7,
  "6":7,
  "7":8,
  "8":8,
  "9":9,
  "10":12,
  "11":15,
  "12":15,
  "13":16,
  "14":18,
  "15":18,
  "16":19,
  "17":19,
  "18":23,
  "19":24
 }
}