{
 "tick":{
  "0":10443,
  "1":13067,
  "2":38469,
  "3":54175,
  "4":67713,
  "5":75636,
  "6":81587,
  "7":87187,
  "8":103933,
  "9":104708,
  "10":113017,
  "11":119210,
  "12":131674,
  "13":136855,
  "14":146227,
  "15":148851,
  "16":162164,
  "17":164788,
  "18":172882
 },
 "event":{
  "0":"planted",
  "1":"exploded",
  "2":"planted",
  "3":"planted",
  "4":"planted",
  "5":"planted",
  "6":"planted",
  "7":"planted",
  "8":"planted",
  "9":"defused",
  "10":"planted",
  "11":"planted",
  "12":"planted",
  "13":"planted",
  "14":"planted",
  "15":"exploded",
  "16":"planted",
  "17":"exploded",
  "18":"planted"
 },
 "site":{
  "0":"BombsiteA",
  "1":"BombsiteA",
  "2":"BombsiteA",
  "3":"BombsiteB",
  "4":"BombsiteA",
  "5":"BombsiteA",
  "6":"BombsiteA",
  "7":"BombsiteB",
  "8":"BombsiteB",
  "9":"BombsiteB",
  "10":"BombsiteA",
  "11":"BombsiteA",
  "12":"BombsiteB",
  "13":"BombsiteA",
  "14":"BombsiteB",
  "15":"BombsiteB",
  "16":"BombsiteA",
  "17":"BombsiteA",
  "18":"BombsiteB"
 },
 "X":{
  "0":-319.5461425781,
  "1":-319.5461425781,
  "2":-378.6608276367,
  "3":-2219.2478027344,
  "4":-360.9188842773,
  "5":-312.2730712891,
  "6":-366.3627929688,
  "7":-2227.9028320312,
  "8":-2216.0341796875,
  "9":-2224.3469238281,
  "10":-114.0340576172,
  "11":-364.9434814453,
  "12":-2216.0302734375,
  "13":-363.9832763672,
  "14":-2216.0319824219,
  "15":-2216.0319824219,
  "16":-301.7450561523,
  "17":-301.7450561523,
  "18":-2216.4084472656
 },
 "Y":{
  "0":-602.583190918,
  "1":-602.583190918,
  "2":-689.0318603516,
  "3":877.4097900391,
  "4":-685.903137207,
  "5":-722.6387939453,
  "6":-687.7245483398,
  "7":875.83984375,
  "8":897.8640136719,
  "9":838.8384399414,
  "10":-570.6782836914,
  "11":-686.7973632812,
  "12":903.3583984375,
  "13":-686.5838623047,
  "14":870.7385864258,
  "15":870.7385864258,
  "16":-726.3631591797,
  "17":-726.3631591797,
  "18":891.2380981445
 },
 "Z":{
  "0":11774.03125,
  "1":11774.03125,
  "2":11774.91015625,
  "3":11744.03125,
  "4":11774.51953125,
  "5":11776.03125,
  "6":11774.7470703125,
  "7":11744.03125,
  "8":11744.03125,
  "9":11744.03125,
  "10":11776.03125,
  "11":11774.630859375,
  "12":11744.03125,
  "13":11774.6044921875,
  "14":11744.03125,
  "15":11744.03125,
  "16":11776.03125,
  "17":11776.03125,
  "18":11744.03125
 },
 "round":{
  "0":1,
  "1":1,
  "2":5,
  "3":7,
  "4":9,
  "5":10,
  "6":11,
  "7":12,
  "8":14,
  "9":14,
  "10":15,
  "11":16,
  "12":18,
  "13":19,
  "14":20,
  "15":20,
  "16":22,
  "17":22,
  "18":23
 }
}