{
 "tick":{
  "0":3518,
  "1":17405,
  "2":20029,
  "3":23889,
  "4":26513,
  "5":83547,
  "6":102447,
  "7":109601,
  "8":112225,
  "9":121058,
  "10":126172,
  "11":144191,
  "12":166203,
  "13":167160,
  "14":177729,
  "15":180353,
  "16":186299
 },
 "event":{
  "0":"planted",
  "1":"planted",
  "2":"exploded",
  "3":"planted",
  "4":"exploded",
  "5":"planted",
  "6":"planted",
  "7":"planted",
  "8":"exploded",
  "9":"planted",
  "10":"planted",
  "11":"planted",
  "12":"planted",
  "13":"defused",
  "14":"planted",
  "15":"exploded",
  "16":"planted"
 },
 "site":{
  "0":"BombsiteA",
  "1":"BombsiteA",
  "2":"BombsiteA",
  "3":"BombsiteA",
  "4":"BombsiteA",
  "5":"BombsiteA",
  "6":"BombsiteA",
  "7":"BombsiteA",
  "8":"BombsiteA",
  "9":"BombsiteB",
  "10":"BombsiteA",
  "11":"BombsiteB",
  "12":"BombsiteA",
  "13":"BombsiteA",
  "14":"BombsiteB",
  "15":"BombsiteB",
  "16":"BombsiteB"
 },
 "X":{
  "0":-567.7310791016,
  "1":-609.2186279297,
  "2":-609.2186279297,
  "3":-569.5856933594,
  "4":-569.5856933594,
  "5":-285.3955078125,
  "6":-262.7836303711,
  "7":-624.2874755859,
  "8":-624.2874755859,
  "9":-1969.0313720703,
  "10":-264.9924316406,
  "11":-1969.0314941406,
  "12":-619.8770751953,
  "13":-609.6782226562,
  "14":-1891.9554443359,
  "15":-1891.9554443359,
  "16":-1969.03125
 },
 "Y":{
  "0":-1978.0897216797,
  "1":-1985.0053710938,
  "2":-1985.0053710938,
  "3":-2136.4189453125,
  "4":-2136.4189453125,
  "5":-2161.8637695312,
  "6":-2153.3608398438,
  "7":-1984.4031982422,
  "8":-1984.4031982422,
  "9":450.03125,
  "10":-2165.0776367188,
  "11":450.03125,
  "12":-1986.2960205078,
  "13":-1985.0812988281,
  "14":242.0318450928,
  "15":242.0318450928,
  "16":450.03125
 },
 "Z":{
  "0":-179.96875,
  "1":-179.96875,
  "2":-179.96875,
  "3":-179.96875,
  "4":-179.96875,
  "5":-173.6427001953,
  "6":-173.3935546875,
  "7":-179.96875,
  "8":-179.96875,
  "9":-159.96875,
  "10":-172.4502563477,
  "11":-159.96875,
  "12":-179.96875,
  "13":-179.96875,
  "14":-159.96875,
  "15":-159.96875,
  "16":-159.96875
 },
 "round":{
  "0":1,
  "1":3,
  "2":3,
  "3":4,
  "4":4,
  "5":12,
  "6":13,
  "7":14,
  "8":14,
  "9":15,
  "10":16,
  "11":18,
  "12":20,
  "13":20,
  "14":22,
  "15":22,
  "16":23
 }
}