{
 "tick":{
  "0":3480,
  "1":10512,
  "2":13136,
  "3":17211,
  "4":60252,
  "5":69834,
  "6":72458,
  "7":104885,
  "8":106523,
  "9":125011,
  "10":136056,
  "11":143413,
  "12":145629,
  "13":156213,
  "14":158837,
  "15":168643,
  "16":171267,
  "17":177532,
  "18":185240
 },
 "event":{
  "0":"planted",
  "1":"planted",
  "2":"exploded",
  "3":"planted",
  "4":"planted",
  "5":"planted",
  "6":"exploded",
  "7":"planted",
  "8":"defused",
  "9":"planted",
  "10":"planted",
  "11":"planted",
  "12":"defused",
  "13":"planted",
  "14":"exploded",
  "15":"planted",
  "16":"exploded",
  "17":"planted",
  "18":"planted"
 },
 "site":{
  "0":"BombsiteA",
  "1":"BombsiteB",
  "2":"BombsiteB",
  "3":"BombsiteA",
  "4":"BombsiteA",
  "5":"BombsiteA",
  "6":"BombsiteA",
  "7":"BombsiteA",
  "8":"BombsiteA",
  "9":"BombsiteB",
  "10":"BombsiteB",
  "11":"BombsiteB",
  "12":"BombsiteB",
  "13":"BombsiteB",
  "14":"BombsiteB",
  "15":"BombsiteA",
  "16":"BombsiteA",
  "17":"BombsiteB",
  "18":"BombsiteA"
 },
 "X":{
  "0":1093.7589111328,
  "1":-999.7044677734,
  "2":-999.7044677734,
  "3":1282.0953369141,
  "4":974.0317993164,
  "5":1283.7333984375,
  "6":1283.7333984375,
  "7":1130.130859375,
  "8":1163.7581787109,
  "9":-1068.1839599609,
  "10":-1050.2644042969,
  "11":-1040.1184082031,
  "12":-1012.5728759766,
  "13":-1210.7097167969,
  "14":-1210.7097167969,
  "15":1312.0306396484,
  "16":1312.0306396484,
  "17":-1024.0408935547,
  "18":1096.9166259766
 },
 "Y":{
  "0":1940.8220214844,
  "1":588.1542358398,
  "2":588.1542358398,
  "3":1865.3469238281,
  "4":1924.29296875,
  "5":1887.2612304688,
  "6":1887.2612304688,
  "7":1988.9576416016,
  "8":2020.8118896484,
  "9":776.0328369141,
  "10":597.8317871094,
  "11":599.9710083008,
  "12":547.4112548828,
  "13":855.9245605469,
  "14":855.9245605469,
  "15":2180.2680664062,
  "16":2180.2680664062,
  "17":578.2857666016,
  "18":1947.8194580078
 },
 "Z":{
  "0":-191.96875,
  "1":-3.96875,
  "2":-3.96875,
  "3":-191.96875,
  "4":-191.96875,
  "5":-191.96875,
  "6":-191.96875,
  "7":-191.96875,
  "8":-191.96875,
  "9":-1.96875,
  "10":-1.96875,
  "11":-1.96875,
  "12":0.0312490463,
  "13":0.0312519073,
  "14":0.0312519073,
  "15":-181.1170654297,
  "16":-181.1170654297,
  "17":-3.96875,
  "18":-191.96875
 },
 "round":{
  "0":1,
  "1":2,
  "2":2,
  "3":3,
  "4":9,
  "5":10,
  "6":10,
  "7":13,
  "8":13,
  "9":16,
  "10":17,
  "11":18,
  "12":18,
  "13":19,
  "14":19,
  "15":20,
  "16":20,
  "17":21,
  "18":22
 }
}