{
 "tick":{
  "0":3042,
  "1":4668,
  "2":12241,
  "3":17204,
  "4":19828,
  "5":33155,
  "6":45359,
  "7":61949,
  "8":87063,
  "9":89124,
  "10":94462,
  "11":115823,
  "12":130153,
  "13":140499,
  "14":143123,
  "15":151322,
  "16":153946
 },
 "event":{
  "0":"planted",
  "1":"defused",
  "2":"planted",
  "3":"planted",
  "4":"exploded",
  "5":"planted",
  "6":"planted",
  "7":"planted",
  "8":"planted",
  "9":"defused",
  "10":"planted",
  "11":"planted",
  "12":"planted",
  "13":"planted",
  "14":"exploded",
  "15":"planted",
  "16":"exploded"
 },
 "site":{
  "0":"BombsiteA",
  "1":"BombsiteA",
  "2":"BombsiteA",
  "3":"BombsiteB",
  "4":"BombsiteB",
  "5":"BombsiteA",
  "6":"BombsiteA",
  "7":"BombsiteB",
  "8":"BombsiteB",
  "9":"BombsiteB",
  "10":"BombsiteA",
  "11":"BombsiteA",
  "12":"BombsiteA",
  "13":"BombsiteB",
  "14":"BombsiteB",
  "15":"BombsiteA",
  "16":"BombsiteA"
 },
 "X":{
  "0":-359.4636230469,
  "1":-412.0793457031,
  "2":-87.2650756836,
  "3":-2216.0295410156,
  "4":-2216.0295410156,
  "5":-87.2133178711,
  "6":-284.5471801758,
  "7":-2328.5349121094,
  "8":-2216.03125,
  "9":-2228.9157714844,
  "10":-301.8728027344,
  "11":-349.4206542969,
  "12":-320.526550293,
  "13":-2216.03125,
  "14":-2216.03125,
  "15":-366.5194091797,
  "16":-366.5194091797
 },
 "Y":{
  "0":-685.5796508789,
  "1":-687.8627929688,
  "2":-732.0325317383,
  "3":912.1057739258,
  "4":912.1057739258,
  "5":-732.3123779297,
  "6":-713.0280151367,
  "7":888.6869506836,
  "8":875.2815551758,
  "9":815.4550170898,
  "10":-713.0302734375,
  "11":-683.4959106445,
  "12":-597.3548583984,
  "13":873.9718017578,
  "14":873.9718017578,
  "15":-687.1477050781,
  "16":-687.1477050781
 },
 "Z":{
  "0":11774.478515625,
  "1":11774.7646484375,
  "2":11776.03125,
  "3":11744.03125,
  "4":11744.03125,
  "5":11776.03125,
  "6":11776.03125,
  "7":11744.03125,
  "8":11744.03125,
  "9":11744.03125,
  "10":11776.03125,
  "11":11774.21875,
  "12":11774.03125,
  "13":11744.03125,
  "14":11744.03125,
  "15":11774.6748046875,
  "16":11774.6748046875
 },
 "round":{
  "0":1,
  "1":1,
  "2":2,
  "3":3,
  "4":3,
  "5":5,
  "6":6,
  "7":8,
  "8":11,
  "9":11,
  "10":12,
  "11":13,
  "12":15,
  "13":16,
  "14":16,
  "15":17,
  "16":17
 }
}