{
 "tick":{
  "0":6796,
  "1":14533,
  "2":25772,
  "3":27137,
  "4":34050,
  "5":59204,
  "6":61828,
  "7":77134,
  "8":79758,
  "9":103476,
  "10":105562,
  "11":112359,
  "12":114983,
  "13":131344,
  "14":132897,
  "15":149227,
  "16":156327,
  "17":158052
 },
 "event":{
  "0":"planted",
  "1":"planted",
  "2":"planted",
  "3":"defused",
  "4":"planted",
  "5":"planted",
  "6":"exploded",
  "7":"planted",
  "8":"exploded",
  "9":"planted",
  "10":"defused",
  "11":"planted",
  "12":"exploded",
  "13":"planted",
  "14":"defused",
  "15":"planted",
  "16":"planted",
  "17":"defused"
 },
 "site":{
  "0":"BombsiteA",
  "1":"BombsiteB",
  "2":"BombsiteA",
  "3":"BombsiteA",
  "4":"BombsiteA",
  "5":"BombsiteA",
  "6":"BombsiteA",
  "7":"BombsiteB",
  "8":"BombsiteB",
  "9":"BombsiteA",
  "10":"BombsiteA",
  "11":"BombsiteA",
  "12":"BombsiteA",
  "13":"BombsiteA",
  "14":"BombsiteA",
  "15":"BombsiteA",
  "16":"BombsiteA",
  "17":"BombsiteA"
 },
 "X":{
  "0":1235.9157714844,
  "1":-1649.189453125,
  "2":1074.8067626953,
  "3":1134.0830078125,
  "4":1092.0670166016,
  "5":1095.6092529297,
  "6":1095.6092529297,
  "7":-1684.0311279297,
  "8":-1684.0311279297,
  "9":987.9302978516,
  "10":990.3587036133,
  "11":986.6126708984,
  "12":986.6126708984,
  "13":1219.0654296875,
  "14":1193.0716552734,
  "15":1096.3952636719,
  "16":1094.1263427734,
  "17":1115.2369384766
 },
 "Y":{
  "0":2561.0297851562,
  "1":2484.3022460938,
  "2":2593.8603515625,
  "3":2595.2592773438,
  "4":2500.65234375,
  "5":2519.5002441406,
  "6":2519.5002441406,
  "7":2551.1086425781,
  "8":2551.1086425781,
  "9":2528.5593261719,
  "10":2588.9975585938,
  "11":2518.6535644531,
  "12":2518.6535644531,
  "13":2561.03125,
  "14":2595.2717285156,
  "15":2519.76171875,
  "16":2502.1389160156,
  "17":2558.0949707031
 },
 "Z":{
  "0":99.5991516113,
  "1":6.6637964249,
  "2":96.4114227295,
  "3":96.4232788086,
  "4":96.0565948486,
  "5":96.0482406616,
  "6":96.0482406616,
  "7":7.0775060654,
  "8":7.0775060654,
  "9":96.5312423706,
  "10":96.53125,
  "11":96.53125,
  "12":96.53125,
  "13":98.5559005737,
  "14":96.6080093384,
  "15":96.0479354858,
  "16":96.0544052124,
  "17":96.1083297729
 },
 "round":{
  "0":1,
  "1":2,
  "2":4,
  "3":4,
  "4":5,
  "5":8,
  "6":8,
  "7":10,
  "8":10,
  "9":13,
  "10":13,
  "11":14,
  "12":14,
  "13":16,
  "14":16,
  "15":19,
  "16":20,
  "17":20
 }
}