{
 "tick":{
  "0":2794,
  "1":9141,
  "2":15102,
  "3":17726,
  "4":26465,
  "5":27588,
  "6":33989,
  "7":36613,
  "8":40328,
  "9":42514,
  "10":57711,
  "11":64593,
  "12":67217,
  "13":72606,
  "14":75230,
  "15":95660,
  "16":116460,
  "17":121842,
  "18":146864,
  "19":165344
 },
 "event":{
  "0":"planted",
  "1":"planted",
  "2":"planted",
  "3":"exploded",
  "4":"planted",
  "5":"defused",
  "6":"planted",
  "7":"exploded",
  "8":"planted",
  "9":"defused",
  "10":"planted",
  "11":"planted",
  "12":"exploded",
  "13":"planted",
  "14":"exploded",
  "15":"planted",
  "16":"planted",
  "17":"planted",
  "18":"planted",
  "19":"planted"
 },
 "site":{
  "0":"BombsiteA",
  "1":"BombsiteA",
  "2":"BombsiteA",
  "3":"BombsiteA",
  "4":"BombsiteB",
  "5":"BombsiteB",
  "6":"BombsiteB",
  "7":"BombsiteB",
  "8":"BombsiteA",
  "9":"BombsiteA",
  "10":"BombsiteA",
  "11":"BombsiteA",
  "12":"BombsiteA",
  "13":"BombsiteB",
  "14":"BombsiteB",
  "15":"BombsiteA",
  "16":"BombsiteA",
  "17":"BombsiteA",
  "18":"BombsiteA",
  "19":"BombsiteB"
 },
 "X":{
  "0":-253.96875,
  "1":-253.96875,
  "2":-584.0560913086,
  "3":-584.0560913086,
  "4":-1888.0910644531,
  "5":-1831.1346435547,
  "6":-1987.0316162109,
  "7":-1987.0316162109,
  "8":-265.4504394531,
  "9":-255.1788330078,
  "10":-325.5317382812,
  "11":-490.0128173828,
  "12":-490.0128173828,
  "13":-1881.6918945312,
  "14":-1881.6918945312,
  "15":-281.6440429688,
  "16":-276.6661376953,
  "17":-349.6058349609,
  "18":-257.2733154297,
  "19":-1987.0325927734
 },
 "Y":{
  "0":-2134.0754394531,
  "1":-2134.0754394531,
  "2":-1980.8109130859,
  "3":-1980.8109130859,
  "4":247.6574554443,
  "5":233.1390838623,
  "6":406.8156433105,
  "7":406.8156433105,
  "8":-2212.0432128906,
  "9":-2153.1857910156,
  "10":-2037.3493652344,
  "11":-1999.9055175781,
  "12":-1999.9055175781,
  "13":242.0314788818,
  "14":242.0314788818,
  "15":-2158.3579101562,
  "16":-2157.0441894531,
  "17":-2043.73046875,
  "18":-2157.9426269531,
  "19":406.9635009766
 },
 "Z":{
  "0":-172.9469604492,
  "1":-172.9469604492,
  "2":-179.96875,
  "3":-179.96875,
  "4":-159.96875,
  "5":-164.1841430664,
  "6":-159.96875,
  "7":-159.96875,
  "8":-168.2958984375,
  "9":-173.0711669922,
  "10":-175.0091552734,
  "11":-179.96875,
  "12":-179.96875,
  "13":-159.96875,
  "14":-159.96875,
  "15":-173.7875976562,
  "16":-173.6831665039,
  "17":-177.4326782227,
  "18":-172.741394043,
  "19":-159.96875
 },
 "round":{
  "0":1,
  "1":2,
  "2":3,
  "3":3,
  "4":4,
  "5":4,
  "6":5,
  "7":5,
  "8":6,
  "9":6,
  "10":9,
  "11":10,
  "12":10,
  "13":11,
  "14":11,
  "15":13,
  "16":16,
  "17":17,
  "18":21,
  "19":23
 }
}