{
 "tick":{
  "0":13459,
  "1":16083,
  "2":22668,
  "3":39079,
  "4":41023,
  "5":79598,
  "6":82111,
  "7":108599,
  "8":112823,
  "9":119303,
  "10":121927,
  "11":146351
 },
 "event":{
  "0":"planted",
  "1":"exploded",
  "2":"planted",
  "3":"planted",
  "4":"defused",
  "5":"planted",
  "6":"defused",
  "7":"planted",
  "8":"planted",
  "9":"planted",
  "10":"exploded",
  "11":"planted"
 },
 "site":{
  "0":"BombsiteB",
  "1":"BombsiteB",
  "2":"BombsiteA",
  "3":"BombsiteA",
  "4":"BombsiteA",
  "5":"BombsiteA",
  "6":"BombsiteA",
  "7":"BombsiteA",
  "8":"BombsiteA",
  "9":"BombsiteA",
  "10":"BombsiteA",
  "11":"BombsiteA"
 },
 "X":{
  "0":-1969.03125,
  "1":-1969.03125,
  "2":-578.2758789062,
  "3":-582.7899780273,
  "4":-639.9432373047,
  "5":-331.4797363281,
  "6":-287.1818847656,
  "7":-278.7021484375,
  "8":-589.4867553711,
  "9":-437.7746582031,
  "10":-437.7746582031,
  "11":-502.1657714844
 },
 "Y":{
  "0":450.0313110352,
  "1":450.0313110352,
  "2":-1979.8502197266,
  "3":-2255.1154785156,
  "4":-2274.5300292969,
  "5":-2038.9259033203,
  "6":-1995.9326171875,
  "7":-2157.6760253906,
  "8":-2147.8608398438,
  "9":-1996.9409179688,
  "10":-1996.9409179688,
  "11":-1990.6162109375
 },
 "Z":{
  "0":-159.96875,
  "1":-159.96875,
  "2":-179.96875,
  "3":-178.5712280273,
  "4":-179.3856201172,
  "5":-175.6079711914,
  "6":-169.7595214844,
  "7":-173.7174682617,
  "8":-179.96875,
  "9":-179.96875,
  "10":-179.96875,
  "11":-179.96875
 },
 "round":{
  "0":2,
  "1":2,
  "2":3,
  "3":5,
  "4":5,
  "5":11,
  "6":11,
  "7":13,
  "8":14,
  "9":15,
  "10":15,
  "11":18
 }
}