{
 "tick":{
  "0":19447,
  "1":27364,
  "2":29988,
  "3":36439,
  "4":39063,
  "5":44895,
  "6":47519,
  "7":63626,
  "8":79584,
  "9":82208,
  "10":88713,
  "11":90840,
  "12":120505,
  "13":147034,
  "14":148778
 },
 "event":{
  "0":"planted",
  "1":"planted",
  "2":"exploded",
  "3":"planted",
  "4":"exploded",
  "5":"planted",
  "6":"exploded",
  "7":"planted",
  "8":"planted",
  "9":"exploded",
  "10":"planted",
  "11":"defused",
  "12":"planted",
  "13":"planted",
  "14":"defused"
 },
 "site":{
  "0":"BombsiteB",
  "1":"BombsiteB",
  "2":"BombsiteB",
  "3":"BombsiteB",
  "4":"BombsiteB",
  "5":"BombsiteB",
  "6":"BombsiteB",
  "7":"BombsiteA",
  "8":"BombsiteA",
  "9":"BombsiteA",
  "10":"BombsiteB",
  "11":"BombsiteB",
  "12":"BombsiteA",
  "13":"BombsiteB",
  "14":"BombsiteB"
 },
 "X":{
  "0":869.0313110352,
  "1":778.6325073242,
  "2":778.6325073242,
  "3":788.4739990234,
  "4":788.4739990234,
  "5":723.9685668945,
  "6":723.9685668945,
  "7":-1280.0313720703,
  "8":-1435.9016113281,
  "9":-1435.9016113281,
  "10":869.0313720703,
  "11":919.6188354492,
  "12":-1377.9266357422,
  "13":786.0169677734,
  "14":779.1691894531
 },
 "Y":{
  "0":45.4979896545,
  "1":4.603310585,
  "2":4.603310585,
  "3":4.9687008858,
  "4":4.9687008858,
  "5":110.0447311401,
  "6":110.0447311401,
  "7":776.2691650391,
  "8":714.7129516602,
  "9":714.7129516602,
  "10":48.7774276733,
  "11":17.948677063,
  "12":770.1617431641,
  "13":4.9696516991,
  "14":1.6839545965
 },
 "Z":{
  "0":130.9011077881,
  "1":130.9011230469,
  "2":130.9011230469,
  "3":130.9011230469,
  "4":130.9011230469,
  "5":130.03125,
  "6":130.03125,
  "7":54.03125,
  "8":56.03125,
  "9":56.03125,
  "10":130.9011077881,
  "11":130.03125,
  "12":54.03125,
  "13":130.9011230469,
  "14":130.9011230469
 },
 "round":{
  "0":3,
  "1":4,
  "2":4,
  "3":5,
  "4":5,
  "5":6,
  "6":6,
  "7":8,
  "8":10,
  "9":10,
  "10":11,
  "11":11,
  "12":13,
  "13":17,
  "14":17
 }
}