{
 "tick":{
  "0":12984,
  "1":15608,
  "2":23473,
  "3":26097,
  "4":31807,
  "5":39063,
  "6":41687,
  "7":51795,
  "8":54419,
  "9":63189,
  "10":65170,
  "11":78112,
  "12":80736,
  "13":95928,
  "14":133871,
  "15":144206,
  "16":146830,
  "17":152572,
  "18":155196
 },
 "event":{
  "0":"planted",
  "1":"exploded",
  "2":"planted",
  "3":"exploded",
  "4":"planted",
  "5":"planted",
  "6":"exploded",
  "7":"planted",
  "8":"exploded",
  "9":"planted",
  "10":"defused",
  "11":"planted",
  "12":"exploded",
  "13":"planted",
  "14":"planted",
  "15":"planted",
  "16":"exploded",
  "17":"planted",
  "18":"exploded"
 },
 "site":{
  "0":"BombsiteA",
  "1":"BombsiteA",
  "2":"BombsiteB",
  "3":"BombsiteB",
  "4":"BombsiteA",
  "5":"BombsiteB",
  "6":"BombsiteB",
  "7":"BombsiteB",
  "8":"BombsiteB",
  "9":"BombsiteB",
  "10":"BombsiteB",
  "11":"BombsiteB",
  "12":"BombsiteB",
  "13":"BombsiteB",
  "14":"BombsiteA",
  "15":"BombsiteA",
  "16":"BombsiteA",
  "17":"BombsiteB",
  "18":"BombsiteB"
 },
 "X":{
  "0":1312.0313720703,
  "1":1312.0313720703,
  "2":-1049.892578125,
  "3":-1049.892578125,
  "4":1236.7282714844,
  "5":-1049.9722900391,
  "6":-1049.9722900391,
  "7":-1049.4182128906,
  "8":-1049.4182128906,
  "9":-990.9843139648,
  "10":-1046.8247070312,
  "11":-1136.0313720703,
  "12":-1136.0313720703,
  "13":-1050.4539794922,
  "14":1309.9617919922,
  "15":1259.3663330078,
  "16":1259.3663330078,
  "17":-1083.0174560547,
  "18":-1083.0174560547
 },
 "Y":{
  "0":2178.9655761719,
  "1":2178.9655761719,
  "2":599.9681396484,
  "3":599.9681396484,
  "4":1815.0087890625,
  "5":599.9685058594,
  "6":599.9685058594,
  "7":599.9685058594,
  "8":599.9685058594,
  "9":819.4284667969,
  "10":800.8519287109,
  "11":685.98046875,
  "12":685.98046875,
  "13":599.9691772461,
  "14":1881.5952148438,
  "15":1977.6055908203,
  "16":1977.6055908203,
  "17":599.9686889648,
  "18":599.9686889648
 },
 "Z":{
  "0":-181.9854125977,
  "1":-181.9854125977,
  "2":-1.96875,
  "3":-1.96875,
  "4":-191.96875,
  "5":-1.96875,
  "6":-1.96875,
  "7":-1.96875,
  "8":-1.96875,
  "9":0.03125,
  "10":-3.96875,
  "11":-1.96875,
  "12":-1.96875,
  "13":-1.96875,
  "14":-191.96875,
  "15":-183.6040649414,
  "16":-183.6040649414,
  "17":-1.96875,
  "18":-1.96875
 },
 "round":{
  "0":3,
  "1":3,
  "2":4,
  "3":4,
  "4":5,
  "5":6,
  "6":6,
  "7":7,
  "8":7,
  "9":8,
  "10":8,
  "11":10,
  "12":10,
  "13":12,
  "14":17,
  "15":18,
  "16":18,
  "17":19,
  "18":19
 }
}