{
 "tick":{
  "0":4615,
  "1":6753,
  "2":13180,
  "3":15804,
  "4":34227,
  "5":36851,
  "6":65741,
  "7":68206,
  "8":74022,
  "9":76646,
  "10":81474,
  "11":84098,
  "12":105379,
  "13":108003,
  "14":114923,
  "15":117547,
  "16":125093,
  "17":127717,
  "18":142312,
  "19":144936,
  "20":152030
 },
 "event":{
  "0":"planted",
  "1":"defused",
  "2":"planted",
  "3":"exploded",
  "4":"planted",
  "5":"exploded",
  "6":"planted",
  "7":"defused",
  "8":"planted",
  "9":"exploded",
  "10":"planted",
  "11":"exploded",
  "12":"planted",
  "13":"exploded",
  "14":"planted",
  "15":"exploded",
  "16":"planted",
  "17":"exploded",
  "18":"planted",
  "19":"exploded",
  "20":"planted"
 },
 "site":{
  "0":"BombsiteB",
  "1":"BombsiteB",
  "2":"BombsiteA",
  "3":"BombsiteA",
  "4":"BombsiteB",
  "5":"BombsiteB",
  "6":"BombsiteA",
  "7":"BombsiteA",
  "8":"BombsiteA",
  "9":"BombsiteA",
  "10":"BombsiteA",
  "11":"BombsiteA",
  "12":"BombsiteB",
  "13":"BombsiteB",
  "14":"BombsiteB",
  "15":"BombsiteB",
  "16":"BombsiteA",
  "17":"BombsiteA",
  "18":"BombsiteA",
  "19":"BombsiteA",
  "20":"BombsiteB"
 },
 "X":{
  "0":556.6545410156,
  "1":553.4044189453,
  "2":1967.0653076172,
  "3":1967.0653076172,
  "4":241.0183868408,
  "5":241.0183868408,
  "6":1975.6279296875,
  "7":1966.2690429688,
  "8":1949.03125,
  "9":1949.03125,
  "10":1974.6486816406,
  "11":1974.6486816406,
  "12":520.7034301758,
  "13":520.7034301758,
  "14":547.9744873047,
  "15":547.9744873047,
  "16":1819.03125,
  "17":1819.03125,
  "18":1853.4197998047,
  "19":1853.4197998047,
  "20":545.9668579102
 },
 "Y":{
  "0":2883.970703125,
  "1":2848.4235839844,
  "2":721.9686279297,
  "3":721.9686279297,
  "4":2931.1149902344,
  "5":2931.1149902344,
  "6":361.4484863281,
  "7":301.8483276367,
  "8":696.9686279297,
  "9":696.9686279297,
  "10":715.4359741211,
  "11":715.4359741211,
  "12":2941.1791992188,
  "13":2941.1791992188,
  "14":2833.0769042969,
  "15":2833.0769042969,
  "16":693.96875,
  "17":693.96875,
  "18":693.9686279297,
  "19":693.9686279297,
  "20":2938.98046875
 },
 "Z":{
  "0":161.5312347412,
  "1":161.5312347412,
  "2":160.03125,
  "3":160.03125,
  "4":161.5312652588,
  "5":161.5312652588,
  "6":160.03125,
  "7":160.03125,
  "8":160.03125,
  "9":160.03125,
  "10":160.03125,
  "11":160.03125,
  "12":161.5312347412,
  "13":161.5312347412,
  "14":161.5312347412,
  "15":161.5312347412,
  "16":160.0095977783,
  "17":160.0095977783,
  "18":160.0184173584,
  "19":160.0184173584,
  "20":161.5312347412
 },
 "round":{
  "0":1,
  "1":1,
  "2":2,
  "3":2,
  "4":4,
  "5":4,
  "6":8,
  "7":8,
  "8":9,
  "9":9,
  "10":10,
  "11":10,
  "12":13,
  "13":13,
  "14":14,
  "15":14,
  "16":15,
  "17":15,
  "18":17,
  "19":17,
  "20":18
 }
}