{
 "tick":{
  "0":31587,
  "1":34211,
  "2":40567,
  "3":43191,
  "4":48093,
  "5":50717,
  "6":54771,
  "7":57395,
  "8":67469,
  "9":76223,
  "10":82214,
  "11":113086,
  "12":114054,
  "13":131399,
  "14":131997,
  "15":139031,
  "16":148411,
  "17":151035,
  "18":159274,
  "19":160976
 },
 "event":{
  "0":"planted",
  "1":"exploded",
  "2":"planted",
  "3":"exploded",
  "4":"planted",
  "5":"exploded",
  "6":"planted",
  "7":"exploded",
  "8":"planted",
  "9":"planted",
  "10":"planted",
  "11":"planted",
  "12":"defused",
  "13":"planted",
  "14":"defused",
  "15":"planted",
  "16":"planted",
  "17":"exploded",
  "18":"planted",
  "19":"defused"
 },
 "site":{
  "0":"BombsiteA",
  "1":"BombsiteA",
  "2":"BombsiteA",
  "3":"BombsiteA",
  "4":"BombsiteA",
  "5":"BombsiteA",
  "6":"BombsiteA",
  "7":"BombsiteA",
  "8":"BombsiteA",
  "9":"BombsiteB",
  "10":"BombsiteA",
  "11":"BombsiteB",
  "12":"BombsiteB",
  "13":"BombsiteB",
  "14":"BombsiteB",
  "15":"BombsiteA",
  "16":"BombsiteA",
  "17":"BombsiteA",
  "18":"BombsiteB",
  "19":"BombsiteB"
 },
 "X":{
  "0":601.3753051758,
  "1":601.3753051758,
  "2":518.7524414062,
  "3":518.7524414062,
  "4":519.4094848633,
  "5":519.4094848633,
  "6":612.4335327148,
  "7":612.4335327148,
  "8":767.2124023438,
  "9":624.1193847656,
  "10":688.9540405273,
  "11":340.0317382812,
  "12":397.8722229004,
  "13":804.8508300781,
  "14":835.5341796875,
  "15":744.538269043,
  "16":743.2845458984,
  "17":743.2845458984,
  "18":636.6292724609,
  "19":675.5624389648
 },
 "Y":{
  "0":-763.5316162109,
  "1":-763.5316162109,
  "2":-834.6431274414,
  "3":-834.6431274414,
  "4":-923.8126831055,
  "5":-923.8126831055,
  "6":-765.7313232422,
  "7":-765.7313232422,
  "8":-605.9696044922,
  "9":-1083.3447265625,
  "10":-511.1809082031,
  "11":-704.7780151367,
  "12":-686.349609375,
  "13":-1092.2099609375,
  "14":-1064.5228271484,
  "15":-942.1348876953,
  "16":-607.7011108398,
  "17":-607.7011108398,
  "18":-1322.6784667969,
  "19":-1275.7396240234
 },
 "Z":{
  "0":-399.96875,
  "1":-399.96875,
  "2":-399.96875,
  "3":-399.96875,
  "4":-408.1301269531,
  "5":-408.1301269531,
  "6":-399.96875,
  "7":-399.96875,
  "8":-399.9683227539,
  "9":-768.84375,
  "10":-414.96875,
  "11":-765.96875,
  "12":-765.96875,
  "13":-768.96875,
  "14":-765.96875,
  "15":-412.5521240234,
  "16":-399.9682617188,
  "17":-399.9682617188,
  "18":-765.96875,
  "19":-769.96875
 },
 "round":{
  "0":5,
  "1":5,
  "2":6,
  "3":6,
  "4":7,
  "5":7,
  "6":8,
  "7":8,
  "8":9,
  "9":10,
  "10":11,
  "11":15,
  "12":15,
  "13":17,
  "14":17,
  "15":18,
  "16":19,
  "17":19,
  "18":20,
  "19":20
 }
}