{
 "tick":{
  "0":27619,
  "1":30243,
  "2":46042,
  "3":53269,
  "4":60308,
  "5":70777,
  "6":80626,
  "7":83250,
  "8":91434,
  "9":110184,
  "10":123916
 },
 "event":{
  "0":"planted",
  "1":"exploded",
  "2":"planted",
  "3":"planted",
  "4":"planted",
  "5":"planted",
  "6":"planted",
  "7":"exploded",
  "8":"planted",
  "9":"planted",
  "10":"planted"
 },
 "site":{
  "0":"BombsiteB",
  "1":"BombsiteB",
  "2":"BombsiteA",
  "3":"BombsiteA",
  "4":"BombsiteA",
  "5":"BombsiteB",
  "6":"BombsiteA",
  "7":"BombsiteA",
  "8":"BombsiteA",
  "9":"BombsiteA",
  "10":"BombsiteA"
 },
 "X":{
  "0":559.9685668945,
  "1":559.9685668945,
  "2":850.1649169922,
  "3":771.3067626953,
  "4":544.9234619141,
  "5":641.0069580078,
  "6":564.5355834961,
  "7":564.5355834961,
  "8":558.6983642578,
  "9":639.8515014648,
  "10":706.5979003906
 },
 "Y":{
  "0":-1185.6544189453,
  "1":-1185.6544189453,
  "2":-694.6740722656,
  "3":-605.9684448242,
  "4":-854.0244750977,
  "5":-1283.7475585938,
  "6":-820.7069702148,
  "7":-820.7069702148,
  "8":-935.8522338867,
  "9":-931.6240844727,
  "10":-613.0717163086
 },
 "Z":{
  "0":-769.96875,
  "1":-769.96875,
  "2":-399.9682617188,
  "3":-399.9683227539,
  "4":-399.96875,
  "5":-769.96875,
  "6":-399.96875,
  "7":-399.96875,
  "8":-411.0356445312,
  "9":-414.96875,
  "10":-399.9685058594
 },
 "round":{
  "0":2,
  "1":2,
  "2":4,
  "3":5,
  "4":6,
  "5":7,
  "6":8,
  "7":8,
  "8":9,
  "9":11,
  "10":13
 }
}