{
 "tick":{
  "0":3034,
  "1":8881,
  "2":17827,
  "3":20451,
  "4":28059,
  "5":57051,
  "6":58037,
  "7":62741,
  "8":67260,
  "9":68406,
  "10":81617,
  "11":89097,
  "12":112081,
  "13":114705,
  "14":122322,
  "15":136430,
  "16":139054,
  "17":167500,
  "18":177286
 },
 "event":{
  "0":"planted",
  "1":"planted",
  "2":"planted",
  "3":"exploded",
  "4":"planted",
  "5":"planted",
  "6":"defused",
  "7":"planted",
  "8":"planted",
  "9":"defused",
  "10":"planted",
  "11":"planted",
  "12":"planted",
  "13":"exploded",
  "14":"planted",
  "15":"planted",
  "16":"exploded",
  "17":"planted",
  "18":"planted"
 },
 "site":{
  "0":"BombsiteA",
  "1":"BombsiteB",
  "2":"BombsiteA",
  "3":"BombsiteA",
  "4":"BombsiteA",
  "5":"BombsiteA",
  "6":"BombsiteA",
  "7":"BombsiteA",
  "8":"BombsiteA",
  "9":"BombsiteA",
  "10":"BombsiteA",
  "11":"BombsiteB",
  "12":"BombsiteB",
  "13":"BombsiteB",
  "14":"BombsiteA",
  "15":"BombsiteA",
  "16":"BombsiteA",
  "17":"BombsiteB",
  "18":"BombsiteA"
 },
 "X":{
  "0":-253.9686889648,
  "1":-1884.814453125,
  "2":-301.7009277344,
  "3":-301.7009277344,
  "4":-277.6145629883,
  "5":-297.5926513672,
  "6":-236.3118896484,
  "7":-494.1508789062,
  "8":-608.3435058594,
  "9":-637.8227539062,
  "10":-307.2202148438,
  "11":-1969.0313720703,
  "12":-2022.7646484375,
  "13":-2022.7646484375,
  "14":-493.4193115234,
  "15":-434.8970947266,
  "16":-434.8970947266,
  "17":-1969.03125,
  "18":-465.0546264648
 },
 "Y":{
  "0":-2134.0754394531,
  "1":242.0314788818,
  "2":-2015.6604003906,
  "3":-2015.6604003906,
  "4":-2162.7048339844,
  "5":-2162.5854492188,
  "6":-2155.955078125,
  "7":-2013.0731201172,
  "8":-2158.6906738281,
  "9":-2212.2370605469,
  "10":-2165.1389160156,
  "11":450.03125,
  "12":447.8589477539,
  "13":447.8589477539,
  "14":-2030.8614501953,
  "15":-1983.9603271484,
  "16":-1983.9603271484,
  "17":450.03125,
  "18":-2020.1614990234
 },
 "Z":{
  "0":-172.9469604492,
  "1":-159.96875,
  "2":-171.926940918,
  "3":-171.926940918,
  "4":-173.2221679688,
  "5":-174.1206665039,
  "6":-171.9864501953,
  "7":-179.96875,
  "8":-179.96875,
  "9":-179.96875,
  "10":-174.3215942383,
  "11":-159.96875,
  "12":-159.96875,
  "13":-159.96875,
  "14":-179.96875,
  "15":-179.96875,
  "16":-179.96875,
  "17":-159.96875,
  "18":-179.96875
 },
 "round":{
  "0":1,
  "1":2,
  "2":3,
  "3":3,
  "4":4,
  "5":8,
  "6":8,
  "7":9,
  "8":10,
  "9":10,
  "10":12,
  "11":13,
  "12":16,
  "13":16,
  "14":17,
  "15":19,
  "16":19,
  "17":23,
  "18":24
 }
}