{
 "tick":{
  "0":4032,
  "1":9461,
  "2":26576,
  "3":28768,
  "4":40682,
  "5":43306,
  "6":56533,
  "7":59157,
  "8":72851,
  "9":73773,
  "10":94721,
  "11":97345,
  "12":116439,
  "13":124606,
  "14":127230
 },
 "event":{
  "0":"planted",
  "1":"planted",
  "2":"planted",
  "3":"defused",
  "4":"planted",
  "5":"exploded",
  "6":"planted",
  "7":"exploded",
  "8":"planted",
  "9":"defused",
  "10":"planted",
  "11":"exploded",
  "12":"planted",
  "13":"planted",
  "14":"exploded"
 },
 "site":{
  "0":"BombsiteB",
  "1":"BombsiteB",
  "2":"BombsiteA",
  "3":"BombsiteA",
  "4":"BombsiteA",
  "5":"BombsiteA",
  "6":"BombsiteB",
  "7":"BombsiteB",
  "8":"BombsiteB",
  "9":"BombsiteB",
  "10":"BombsiteA",
  "11":"BombsiteA",
  "12":"BombsiteA",
  "13":"BombsiteA",
  "14":"BombsiteA"
 },
 "X":{
  "0":-1058.4022216797,
  "1":-888.3020019531,
  "2":1263.3864746094,
  "3":1303.2255859375,
  "4":1283.7584228516,
  "5":1283.7584228516,
  "6":-1043.5924072266,
  "7":-1043.5924072266,
  "8":-1136.0313720703,
  "9":-1179.6929931641,
  "10":1279.8347167969,
  "11":1279.8347167969,
  "12":1279.9396972656,
  "13":1089.7291259766,
  "14":1089.7291259766
 },
 "Y":{
  "0":599.9680175781,
  "1":733.8859863281,
  "2":1972.9760742188,
  "3":1946.0640869141,
  "4":1887.5949707031,
  "5":1887.5949707031,
  "6":599.9685058594,
  "7":599.9685058594,
  "8":653.2548217773,
  "9":612.8541870117,
  "10":1920.4461669922,
  "11":1920.4461669922,
  "12":1921.3647460938,
  "13":1909.2758789062,
  "14":1909.2758789062
 },
 "Z":{
  "0":-1.96875,
  "1":7.1974744797,
  "2":-191.96875,
  "3":-191.96875,
  "4":-191.96875,
  "5":-191.96875,
  "6":-1.96875,
  "7":-1.96875,
  "8":-1.96875,
  "9":-3.96875,
  "10":-179.2127685547,
  "11":-179.2127685547,
  "12":-179.3232421875,
  "13":-191.96875,
  "14":-191.96875
 },
 "round":{
  "0":1,
  "1":2,
  "2":4,
  "3":4,
  "4":6,
  "5":6,
  "6":8,
  "7":8,
  "8":10,
  "9":10,
  "10":13,
  "11":13,
  "12":16,
  "13":17,
  "14":17
 }
}