{
 "tick":{
  "0":4285,
  "1":6909,
  "2":26940,
  "3":29485,
  "4":67913,
  "5":70537,
  "6":78839,
  "7":81463,
  "8":88761,
  "9":99100,
  "10":137155,
  "11":139779,
  "12":144955,
  "13":147579,
  "14":165614,
  "15":168238,
  "16":178966,
  "17":181590,
  "18":194717,
  "19":200932,
  "20":203556
 },
 "event":{
  "0":"planted",
  "1":"exploded",
  "2":"planted",
  "3":"defused",
  "4":"planted",
  "5":"exploded",
  "6":"planted",
  "7":"exploded",
  "8":"planted",
  "9":"planted",
  "10":"planted",
  "11":"exploded",
  "12":"planted",
  "13":"exploded",
  "14":"planted",
  "15":"exploded",
  "16":"planted",
  "17":"exploded",
  "18":"planted",
  "19":"planted",
  "20":"exploded"
 },
 "site":{
  "0":"BombsiteA",
  "1":"BombsiteA",
  "2":"BombsiteB",
  "3":"BombsiteB",
  "4":"BombsiteB",
  "5":"BombsiteB",
  "6":"BombsiteA",
  "7":"BombsiteA",
  "8":"BombsiteA",
  "9":"BombsiteB",
  "10":"BombsiteB",
  "11":"BombsiteB",
  "12":"BombsiteA",
  "13":"BombsiteA",
  "14":"BombsiteA",
  "15":"BombsiteA",
  "16":"BombsiteA",
  "17":"BombsiteA",
  "18":"BombsiteA",
  "19":"BombsiteB",
  "20":"BombsiteB"
 },
 "X":{
  "0":2084.6735839844,
  "1":2084.6735839844,
  "2":488.746887207,
  "3":490.5685424805,
  "4":544.9190063477,
  "5":544.9190063477,
  "6":2090.4802246094,
  "7":2090.4802246094,
  "8":1827.0095214844,
  "9":525.6712646484,
  "10":540.3861083984,
  "11":540.3861083984,
  "12":2013.9686279297,
  "13":2013.9686279297,
  "14":2089.8513183594,
  "15":2089.8513183594,
  "16":1949.8841552734,
  "17":1949.8841552734,
  "18":2091.9846191406,
  "19":176.472442627,
  "20":176.472442627
 },
 "Y":{
  "0":183.1965179443,
  "1":183.1965179443,
  "2":2537.9487304688,
  "3":2598.2685546875,
  "4":2976.4223632812,
  "5":2976.4223632812,
  "6":182.3521118164,
  "7":182.3521118164,
  "8":693.9686279297,
  "9":2964.97265625,
  "10":2948.9665527344,
  "11":2948.9665527344,
  "12":721.96875,
  "13":721.96875,
  "14":181.8192749023,
  "15":181.8192749023,
  "16":696.9686889648,
  "17":696.9686889648,
  "18":182.1321563721,
  "19":2765.5817871094,
  "20":2765.5817871094
 },
 "Z":{
  "0":160.03125,
  "1":160.03125,
  "2":161.53125,
  "3":161.5312347412,
  "4":161.5312347412,
  "5":161.5312347412,
  "6":160.03125,
  "7":160.03125,
  "8":160.0175170898,
  "9":161.5312347412,
  "10":161.5312347412,
  "11":161.5312347412,
  "12":160.03125,
  "13":160.03125,
  "14":160.03125,
  "15":160.03125,
  "16":160.03125,
  "17":160.03125,
  "18":160.03125,
  "19":164.03125,
  "20":164.03125
 },
 "round":{
  "0":1,
  "1":1,
  "2":4,
  "3":4,
  "4":9,
  "5":9,
  "6":10,
  "7":10,
  "8":11,
  "9":12,
  "10":17,
  "11":17,
  "12":18,
  "13":18,
  "14":20,
  "15":20,
  "16":21,
  "17":21,
  "18":23,
  "19":24,
  "20":24
 }
}