{
 "tick":{
  "0":17625,
  "1":23132,
  "2":33333,
  "3":35591,
  "4":46155,
  "5":54713,
  "6":76533,
  "7":79157,
  "8":110992,
  "9":120749,
  "10":123373,
  "11":129447,
  "12":135603,
  "13":137194,
  "14":161057,
  "15":163681,
  "16":199414,
  "17":201353
 },
 "event":{
  "0":"planted",
  "1":"planted",
  "2":"planted",
  "3":"defused",
  "4":"planted",
  "5":"planted",
  "6":"planted",
  "7":"exploded",
  "8":"planted",
  "9":"planted",
  "10":"exploded",
  "11":"planted",
  "12":"planted",
  "13":"defused",
  "14":"planted",
  "15":"exploded",
  "16":"planted",
  "17":"defused"
 },
 "site":{
  "0":"BombsiteB",
  "1":"BombsiteA",
  "2":"BombsiteA",
  "3":"BombsiteA",
  "4":"BombsiteA",
  "5":"BombsiteA",
  "6":"BombsiteB",
  "7":"BombsiteB",
  "8":"BombsiteA",
  "9":"BombsiteA",
  "10":"BombsiteA",
  "11":"BombsiteA",
  "12":"BombsiteA",
  "13":"BombsiteA",
  "14":"BombsiteB",
  "15":"BombsiteB",
  "16":"BombsiteA",
  "17":"BombsiteA"
 },
 "X":{
  "0":-1987.0311279297,
  "1":-495.9293823242,
  "2":-529.4190673828,
  "3":-480.1988525391,
  "4":-269.6735839844,
  "5":-579.8839111328,
  "6":-1900.0491943359,
  "7":-1900.0491943359,
  "8":-253.96875,
  "9":-453.2568359375,
  "10":-453.2568359375,
  "11":-476.8453979492,
  "12":-253.9686889648,
  "13":-302.5020751953,
  "14":-1989.7277832031,
  "15":-1989.7277832031,
  "16":-457.2583007812,
  "17":-395.4768066406
 },
 "Y":{
  "0":406.3821716309,
  "1":-2029.8200683594,
  "2":-1972.96875,
  "3":-1997.0592041016,
  "4":-2155.4040527344,
  "5":-1979.7393798828,
  "6":242.0319366455,
  "7":242.0319366455,
  "8":-2134.0754394531,
  "9":-1981.8809814453,
  "10":-1981.8809814453,
  "11":-2006.2575683594,
  "12":-2134.8200683594,
  "13":-2167.9619140625,
  "14":423.7055969238,
  "15":423.7055969238,
  "16":-1987.1827392578,
  "17":-1990.1782226562
 },
 "Z":{
  "0":-159.96875,
  "1":-179.96875,
  "2":-179.96875,
  "3":-179.96875,
  "4":-173.5181884766,
  "5":-179.96875,
  "6":-159.96875,
  "7":-159.96875,
  "8":-172.9469604492,
  "9":-179.96875,
  "10":-179.96875,
  "11":-179.96875,
  "12":-172.9800415039,
  "13":-173.8609619141,
  "14":-159.96875,
  "15":-159.96875,
  "16":-179.96875,
  "17":-179.1300048828
 },
 "round":{
  "0":3,
  "1":4,
  "2":5,
  "3":5,
  "4":6,
  "5":7,
  "6":10,
  "7":10,
  "8":13,
  "9":15,
  "10":15,
  "11":16,
  "12":17,
  "13":17,
  "14":20,
  "15":20,
  "16":24,
  "17":24
 }
}