{
 "tick":{
  "0":2082,
  "1":29498,
  "2":30644,
  "3":70706,
  "4":72492,
  "5":80233,
  "6":92725,
  "7":93677,
  "8":103640,
  "9":110779
 },
 "event":{
  "0":"planted",
  "1":"planted",
  "2":"defused",
  "3":"planted",
  "4":"defused",
  "5":"planted",
  "6":"planted",
  "7":"defused",
  "8":"planted",
  "9":"planted"
 },
 "site":{
  "0":"BombsiteA",
  "1":"BombsiteB",
  "2":"BombsiteB",
  "3":"BombsiteB",
  "4":"BombsiteB",
  "5":"BombsiteA",
  "6":"BombsiteA",
  "7":"BombsiteA",
  "8":"BombsiteA",
  "9":"BombsiteA"
 },
 "X":{
  "0":-253.96875,
  "1":-1894.9196777344,
  "2":-1955.5014648438,
  "3":-1926.0883789062,
  "4":-1970.5604248047,
  "5":-418.1342773438,
  "6":-253.9686279297,
  "7":-305.4224853516,
  "8":-300.7224731445,
  "9":-253.9722290039
 },
 "Y":{
  "0":-2134.0754394531,
  "1":242.0275268555,
  "2":250.2186737061,
  "3":242.0317382812,
  "4":251.5771331787,
  "5":-2063.0627441406,
  "6":-2135.5825195312,
  "7":-2164.6623535156,
  "8":-2163.4167480469,
  "9":-2134.2404785156
 },
 "Z":{
  "0":-172.9469604492,
  "1":-159.96875,
  "2":-159.96875,
  "3":-159.96875,
  "4":-159.96875,
  "5":-179.96875,
  "6":-173.0139160156,
  "7":-174.2840576172,
  "8":-174.1859130859,
  "9":-172.9545898438
 },
 "round":{
  "0":1,
  "1":5,
  "2":5,
  "3":11,
  "4":11,
  "5":12,
  "6":14,
  "7":14,
  "8":16,
  "9":17
 }
}