{
 "tick":{
  "0":6289,
  "1":8913,
  "2":14113,
  "3":20789,
  "4":29413,
  "5":39134,
  "6":46814,
  "7":53090,
  "8":61240,
  "9":65741
 },
 "event":{
  "0":"planted",
  "1":"exploded",
  "2":"planted",
  "3":"planted",
  "4":"planted",
  "5":"planted",
  "6":"planted",
  "7":"planted",
  "8":"planted",
  "9":"planted"
 },
 "site":{
  "0":"BombsiteB",
  "1":"BombsiteB",
  "2":"BombsiteA",
  "3":"BombsiteB",
  "4":"BombsiteB",
  "5":"BombsiteA",
  "6":"BombsiteB",
  "7":"BombsiteA",
  "8":"BombsiteB",
  "9":"BombsiteB"
 },
 "X":{
  "0":-2346.8859863281,
  "1":-2346.8859863281,
  "2":-449.4224853516,
  "3":-2216.03125,
  "4":-2283.0622558594,
  "5":-309.0073852539,
  "6":-2216.02734375,
  "7":-349.4143066406,
  "8":-2252.3537597656,
  "9":-2335.6723632812
 },
 "Y":{
  "0":740.8845825195,
  "1":740.8845825195,
  "2":-587.3158569336,
  "3":869.0949707031,
  "4":887.0658569336,
  "5":-713.1481323242,
  "6":862.303527832,
  "7":-683.3463745117,
  "8":669.680847168,
  "9":875.5490112305
 },
 "Z":{
  "0":11744.03125,
  "1":11744.03125,
  "2":11774.03125,
  "3":11744.03125,
  "4":11744.03125,
  "5":11776.03125,
  "6":11744.03125,
  "7":11774.2001953125,
  "8":11744.03125,
  "9":11744.03125
 },
 "round":{
  "0":1,
  "1":1,
  "2":2,
  "3":3,
  "4":4,
  "5":5,
  "6":6,
  "7":7,
  "8":8,
  "9":9
 }
}