{
 "tick":{
  "0":41531,
  "1":44155,
  "2":94472,
  "3":95816,
  "4":124843,
  "5":132060
 },
 "event":{
  "0":"planted",
  "1":"exploded",
  "2":"planted",
  "3":"defused",
  "4":"planted",
  "5":"planted"
 },
 "site":{
  "0":"BombsiteA",
  "1":"BombsiteA",
  "2":"BombsiteB",
  "3":"BombsiteB",
  "4":"BombsiteA",
  "5":"BombsiteB"
 },
 "X":{
  "0":544.2679443359,
  "1":544.2679443359,
  "2":369.7389831543,
  "3":390.6411132812,
  "4":705.4593505859,
  "5":391.25390625
 },
 "Y":{
  "0":-906.9688720703,
  "1":-906.9688720703,
  "2":-893.6063232422,
  "3":-838.0975341797,
  "4":-774.1778564453,
  "5":-706.3011474609
 },
 "Z":{
  "0":-404.0639648438,
  "1":-404.0639648438,
  "2":-771.96875,
  "3":-771.96875,
  "4":-399.9685668945,
  "5":-765.96875
 },
 "round":{
  "0":3,
  "1":3,
  "2":10,
  "3":10,
  "4":13,
  "5":14
 }
}