{
 "tick":{
  "0":27639,
  "1":28722,
  "2":37190,
  "3":39814,
  "4":49356,
  "5":89922,
  "6":129334,
  "7":131958,
  "8":139488,
  "9":142112,
  "10":146693,
  "11":149317,
  "12":156500
 },
 "event":{
  "0":"planted",
  "1":"defused",
  "2":"planted",
  "3":"exploded",
  "4":"planted",
  "5":"planted",
  "6":"planted",
  "7":"exploded",
  "8":"planted",
  "9":"exploded",
  "10":"planted",
  "11":"exploded",
  "12":"planted"
 },
 "site":{
  "0":"BombsiteB",
  "1":"BombsiteB",
  "2":"BombsiteB",
  "3":"BombsiteB",
  "4":"BombsiteA",
  "5":"BombsiteB",
  "6":"BombsiteB",
  "7":"BombsiteB",
  "8":"BombsiteB",
  "9":"BombsiteB",
  "10":"BombsiteA",
  "11":"BombsiteA",
  "12":"BombsiteB"
 },
 "X":{
  "0":754.2277832031,
  "1":706.6597900391,
  "2":637.2984619141,
  "3":637.2984619141,
  "4":756.5858764648,
  "5":400.9258422852,
  "6":720.0315551758,
  "7":720.0315551758,
  "8":845.1423950195,
  "9":845.1423950195,
  "10":655.7366333008,
  "11":655.7366333008,
  "12":643.5448608398
 },
 "Y":{
  "0":-905.5710449219,
  "1":-940.6467285156,
  "2":-1319.7915039062,
  "3":-1319.7915039062,
  "4":-770.0314941406,
  "5":-705.190612793,
  "6":-1161.0947265625,
  "7":-1161.0947265625,
  "8":-930.8010253906,
  "9":-930.8010253906,
  "10":-607.9686279297,
  "11":-607.9686279297,
  "12":-1256.0313720703
 },
 "Z":{
  "0":-771.96875,
  "1":-771.96875,
  "2":-765.96875,
  "3":-765.96875,
  "4":-399.9682617188,
  "5":-765.96875,
  "6":-768.96875,
  "7":-768.96875,
  "8":-771.96875,
  "9":-771.96875,
  "10":-415.96875,
  "11":-415.96875,
  "12":-768.84375
 },
 "round":{
  "0":5,
  "1":5,
  "2":6,
  "3":6,
  "4":7,
  "5":12,
  "6":17,
  "7":17,
  "8":18,
  "9":18,
  "10":19,
  "11":19,
  "12":20
 }
}