{
 "tick":{
  "0":5592,
  "1":13617,
  "2":33459,
  "3":56314,
  "4":69354,
  "5":71978,
  "6":109870,
  "7":111719,
  "8":118678,
  "9":121212,
  "10":161359,
  "11":163495
 },
 "event":{
  "0":"planted",
  "1":"planted",
  "2":"planted",
  "3":"planted",
  "4":"planted",
  "5":"exploded",
  "6":"planted",
  "7":"defused",
  "8":"planted",
  "9":"defused",
  "10":"planted",
  "11":"defused"
 },
 "site":{
  "0":"BombsiteA",
  "1":"BombsiteB",
  "2":"BombsiteA",
  "3":"BombsiteB",
  "4":"BombsiteB",
  "5":"BombsiteB",
  "6":"BombsiteB",
  "7":"BombsiteB",
  "8":"BombsiteB",
  "9":"BombsiteB",
  "10":"BombsiteA",
  "11":"BombsiteA"
 },
 "X":{
  "0":1819.0318603516,
  "1":535.1259765625,
  "2":2013.96875,
  "3":545.9772949219,
  "4":546.44921875,
  "5":546.44921875,
  "6":545.7857666016,
  "7":487.5800476074,
  "8":286.8576660156,
  "9":256.8280029297,
  "10":1819.03125,
  "11":1873.9320068359
 },
 "Y":{
  "0":692.481628418,
  "1":2911.7192382812,
  "2":721.96875,
  "3":2940.6474609375,
  "4":2944.5283203125,
  "5":2944.5283203125,
  "6":2976.7055664062,
  "7":2996.9367675781,
  "8":2557.6691894531,
  "9":2580.333984375,
  "10":273.6863098145,
  "11":300.6175842285
 },
 "Z":{
  "0":160.006652832,
  "1":161.5312347412,
  "2":160.03125,
  "3":161.5312347412,
  "4":161.5312347412,
  "5":161.5312347412,
  "6":161.5312347412,
  "7":161.53125,
  "8":161.53125,
  "9":161.5312652588,
  "10":161.0312194824,
  "11":161.0312042236
 },
 "round":{
  "0":1,
  "1":2,
  "2":5,
  "3":7,
  "4":9,
  "5":9,
  "6":13,
  "7":13,
  "8":14,
  "9":14,
  "10":19,
  "11":19
 }
}