{
 "tick":{
  "0":6581,
  "1":8154,
  "2":26388,
  "3":33339,
  "4":34171,
  "5":63628,
  "6":66252,
  "7":111880,
  "8":114504
 },
 "event":{
  "0":"planted",
  "1":"defused",
  "2":"planted",
  "3":"planted",
  "4":"defused",
  "5":"planted",
  "6":"exploded",
  "7":"planted",
  "8":"exploded"
 },
 "site":{
  "0":"BombsiteA",
  "1":"BombsiteA",
  "2":"BombsiteB",
  "3":"BombsiteB",
  "4":"BombsiteB",
  "5":"BombsiteB",
  "6":"BombsiteB",
  "7":"BombsiteB",
  "8":"BombsiteB"
 },
 "X":{
  "0":677.2461547852,
  "1":676.1647338867,
  "2":711.8313598633,
  "3":640.6252441406,
  "4":682.6494140625,
  "5":684.2458496094,
  "6":684.2458496094,
  "7":638.6356201172,
  "8":638.6356201172
 },
 "Y":{
  "0":-771.0997924805,
  "1":-829.4910888672,
  "2":-1130.2032470703,
  "3":-1324.2299804688,
  "4":-1290.5200195312,
  "5":-1101.3537597656,
  "6":-1101.3537597656,
  "7":-1288.7088623047,
  "8":-1288.7088623047
 },
 "Z":{
  "0":-414.7096557617,
  "1":-415.7910766602,
  "2":-752.96875,
  "3":-765.96875,
  "4":-769.96875,
  "5":-752.96875,
  "6":-752.96875,
  "7":-769.96875,
  "8":-769.96875
 },
 "round":{
  "0":1,
  "1":1,
  "2":3,
  "3":4,
  "4":4,
  "5":8,
  "6":8,
  "7":14,
  "8":14
 }
}