{
 "tick":{
  "0":2397,
  "1":12096,
  "2":13181,
  "3":17264,
  "4":47612,
  "5":49666,
  "6":56322,
  "7":66073,
  "8":68697,
  "9":86637,
  "10":116610,
  "11":126663,
  "12":129287,
  "13":136881,
  "14":137925,
  "15":143848,
  "16":146295,
  "17":175237,
  "18":177861
 },
 "event":{
  "0":"planted",
  "1":"planted",
  "2":"defused",
  "3":"planted",
  "4":"planted",
  "5":"defused",
  "6":"planted",
  "7":"planted",
  "8":"exploded",
  "9":"planted",
  "10":"planted",
  "11":"planted",
  "12":"exploded",
  "13":"planted",
  "14":"defused",
  "15":"planted",
  "16":"defused",
  "17":"planted",
  "18":"exploded"
 },
 "site":{
  "0":"BombsiteB",
  "1":"BombsiteB",
  "2":"BombsiteB",
  "3":"BombsiteB",
  "4":"BombsiteB",
  "5":"Water",
  "6":"BombsiteA",
  "7":"BombsiteA",
  "8":"BombsiteA",
  "9":"BombsiteA",
  "10":"BombsiteA",
  "11":"BombsiteA",
  "12":"BombsiteA",
  "13":"BombsiteB",
  "14":"BombsiteB",
  "15":"BombsiteB",
  "16":"BombsiteB",
  "17":"BombsiteB",
  "18":"BombsiteB"
 },
 "X":{
  "0":-1008.9307250977,
  "1":-947.9612426758,
  "2":-929.905090332,
  "3":-1251.9660644531,
  "4":-1166.2764892578,
  "5":-1146.8177490234,
  "6":-2581.9665527344,
  "7":-2536.1850585938,
  "8":-2536.1850585938,
  "9":-2557.2172851562,
  "10":-2591.5778808594,
  "11":-2590.8674316406,
  "12":-2590.8674316406,
  "13":-957.0938720703,
  "14":-1004.6156005859,
  "15":-947.7240600586,
  "16":-1005.5771484375,
  "17":-1070.6779785156,
  "18":-1070.6779785156
 },
 "Y":{
  "0":-24.0261230469,
  "1":163.0834197998,
  "2":167.1376800537,
  "3":15.4242801666,
  "4":-76.653503418,
  "5":-92.2747192383,
  "6":617.2328491211,
  "7":642.7595825195,
  "8":642.7595825195,
  "9":644.0240478516,
  "10":638.5786743164,
  "11":635.0839233398,
  "12":635.0839233398,
  "13":164.5902709961,
  "14":153.8979492188,
  "15":-33.9957275391,
  "16":-56.2021484375,
  "17":-80.2579956055,
  "18":-80.2579956055
 },
 "Z":{
  "0":103.53125,
  "1":100.0312423706,
  "2":100.03125,
  "3":103.5312423706,
  "4":103.8210754395,
  "5":103.531288147,
  "6":484.0312194824,
  "7":484.03125,
  "8":484.03125,
  "9":484.03125,
  "10":484.0312194824,
  "11":484.0312805176,
  "12":484.0312805176,
  "13":100.0312423706,
  "14":103.53125,
  "15":100.0312423706,
  "16":103.53125,
  "17":103.53125,
  "18":103.53125
 },
 "round":{
  "0":1,
  "1":3,
  "2":3,
  "3":4,
  "4":8,
  "5":8,
  "6":9,
  "7":10,
  "8":10,
  "9":12,
  "10":16,
  "11":17,
  "12":17,
  "13":18,
  "14":18,
  "15":19,
  "16":19,
  "17":22,
  "18":22
 }
}