{
 "tick":{
  "0":3914,
  "1":5489,
  "2":9699,
  "3":12323,
  "4":20516,
  "5":23140,
  "6":28189,
  "7":30813,
  "8":45877,
  "9":48501,
  "10":83652,
  "11":92079,
  "12":94001,
  "13":119884,
  "14":122508,
  "15":127244,
  "16":129868,
  "17":134222,
  "18":149215,
  "19":157836
 },
 "event":{
  "0":"planted",
  "1":"defused",
  "2":"planted",
  "3":"exploded",
  "4":"planted",
  "5":"exploded",
  "6":"planted",
  "7":"exploded",
  "8":"planted",
  "9":"exploded",
  "10":"planted",
  "11":"planted",
  "12":"defused",
  "13":"planted",
  "14":"exploded",
  "15":"planted",
  "16":"exploded",
  "17":"planted",
  "18":"planted",
  "19":"planted"
 },
 "site":{
  "0":"BombsiteB",
  "1":"BombsiteB",
  "2":"BombsiteB",
  "3":"BombsiteB",
  "4":"BombsiteA",
  "5":"BombsiteA",
  "6":"BombsiteB",
  "7":"BombsiteB",
  "8":"BombsiteA",
  "9":"BombsiteA",
  "10":"BombsiteA",
  "11":"BombsiteB",
  "12":"BombsiteB",
  "13":"BombsiteB",
  "14":"BombsiteB",
  "15":"BombsiteB",
  "16":"BombsiteB",
  "17":"BombsiteB",
  "18":"BombsiteB",
  "19":"BombsiteB"
 },
 "X":{
  "0":-1054.8724365234,
  "1":-1099.1234130859,
  "2":-1040.2554931641,
  "3":-1040.2554931641,
  "4":1312.0317382812,
  "5":1312.0317382812,
  "6":-1136.0313720703,
  "7":-1136.0313720703,
  "8":1100.3514404297,
  "9":1100.3514404297,
  "10":1273.1610107422,
  "11":-1136.0313720703,
  "12":-1152.2397460938,
  "13":-1037.5361328125,
  "14":-1037.5361328125,
  "15":-1061.4477539062,
  "16":-1061.4477539062,
  "17":-1055.8255615234,
  "18":-1067.3294677734,
  "19":-1136.02734375
 },
 "Y":{
  "0":599.9678955078,
  "1":557.3502197266,
  "2":599.9669189453,
  "3":599.9669189453,
  "4":2170.8403320312,
  "5":2170.8403320312,
  "6":677.2347412109,
  "7":677.2347412109,
  "8":1954.6339111328,
  "9":1954.6339111328,
  "10":1971.3614501953,
  "11":699.96875,
  "12":643.5321044922,
  "13":599.9686279297,
  "14":599.9686279297,
  "15":599.9677124023,
  "16":599.9677124023,
  "17":599.9686279297,
  "18":599.969543457,
  "19":699.9694213867
 },
 "Z":{
  "0":-1.96875,
  "1":-3.5292358398,
  "2":-1.96875,
  "3":-1.96875,
  "4":-187.4022216797,
  "5":-187.4022216797,
  "6":-1.96875,
  "7":-1.96875,
  "8":-191.96875,
  "9":-191.96875,
  "10":-191.96875,
  "11":-1.96875,
  "12":-3.96875,
  "13":-1.96875,
  "14":-1.96875,
  "15":-1.96875,
  "16":-1.96875,
  "17":-1.96875,
  "18":-1.96875,
  "19":-1.96875
 },
 "round":{
  "0":1,
  "1":1,
  "2":2,
  "3":2,
  "4":3,
  "5":3,
  "6":4,
  "7":4,
  "8":6,
  "9":6,
  "10":11,
  "11":12,
  "12":12,
  "13":16,
  "14":16,
  "15":17,
  "16":17,
  "17":18,
  "18":20,
  "19":21
 }
}