{
 "tick":{
  "0":7624,
  "1":19699,
  "2":27633,
  "3":59718,
  "4":61417,
  "5":66443,
  "6":68515,
  "7":76397,
  "8":83344,
  "9":90564,
  "10":92867,
  "11":131602,
  "12":134226
 },
 "event":{
  "0":"planted",
  "1":"planted",
  "2":"planted",
  "3":"planted",
  "4":"defused",
  "5":"planted",
  "6":"defused",
  "7":"planted",
  "8":"planted",
  "9":"planted",
  "10":"defused",
  "11":"planted",
  "12":"exploded"
 },
 "site":{
  "0":"BombsiteB",
  "1":"BombsiteB",
  "2":"BombsiteB",
  "3":"BombsiteA",
  "4":"BombsiteA",
  "5":"BombsiteA",
  "6":"BombsiteA",
  "7":"BombsiteB",
  "8":"BombsiteB",
  "9":"BombsiteB",
  "10":"BombsiteB",
  "11":"BombsiteB",
  "12":"BombsiteB"
 },
 "X":{
  "0":1045.6303710938,
  "1":869.0313720703,
  "2":802.9155273438,
  "3":-1280.0290527344,
  "4":-1337.1110839844,
  "5":-1280.1607666016,
  "6":-1274.3546142578,
  "7":775.9610595703,
  "8":831.5228271484,
  "9":793.0038452148,
  "10":731.497253418,
  "11":802.1647949219,
  "12":802.1647949219
 },
 "Y":{
  "0":-45.7738647461,
  "1":70.5153503418,
  "2":154.7883758545,
  "3":766.2888793945,
  "4":785.7351074219,
  "5":769.8890991211,
  "6":710.9303588867,
  "7":4.9683279991,
  "8":152.0314025879,
  "9":4.9686284065,
  "10":1.7376351357,
  "11":4.9692077637,
  "12":4.9692077637
 },
 "Z":{
  "0":134.03125,
  "1":130.9011077881,
  "2":130.9011077881,
  "3":54.03125,
  "4":54.0312538147,
  "5":54.03125,
  "6":56.03125,
  "7":130.9011230469,
  "8":130.9011077881,
  "9":130.9011230469,
  "10":130.03125,
  "11":130.9011230469,
  "12":130.9011230469
 },
 "round":{
  "0":2,
  "1":4,
  "2":5,
  "3":9,
  "4":9,
  "5":10,
  "6":10,
  "7":11,
  "8":12,
  "9":13,
  "10":13,
  "11":19,
  "12":19
 }
}