{
 "tick":{
  "0":146838,
  "1":154163,
  "2":156787,
  "3":160780,
  "4":162412,
  "5":172624,
  "6":184463,
  "7":216822,
  "8":217558,
  "9":226267,
  "10":228115,
  "11":233209,
  "12":234395,
  "13":242082,
  "14":244706,
  "15":249623,
  "16":252247,
  "17":260306,
  "18":262429
 },
 "event":{
  "0":"planted",
  "1":"planted",
  "2":"exploded",
  "3":"planted",
  "4":"defused",
  "5":"planted",
  "6":"planted",
  "7":"planted",
  "8":"defused",
  "9":"planted",
  "10":"defused",
  "11":"planted",
  "12":"defused",
  "13":"planted",
  "14":"exploded",
  "15":"planted",
  "16":"exploded",
  "17":"planted",
  "18":"defused"
 },
 "site":{
  "0":"BombsiteB",
  "1":"BombsiteA",
  "2":"BombsiteA",
  "3":"BombsiteA",
  "4":"BombsiteA",
  "5":"BombsiteB",
  "6":"BombsiteB",
  "7":"BombsiteA",
  "8":"BombsiteA",
  "9":"BombsiteB",
  "10":"BombsiteB",
  "11":"BombsiteB",
  "12":"BombsiteB",
  "13":"BombsiteB",
  "14":"BombsiteB",
  "15":"BombsiteA",
  "16":"BombsiteA",
  "17":"BombsiteA",
  "18":"BombsiteA"
 },
 "X":{
  "0":-2194.6613769531,
  "1":-615.5093383789,
  "2":-615.5093383789,
  "3":-617.7517089844,
  "4":-660.5803222656,
  "5":-2027.5626220703,
  "6":-1989.3869628906,
  "7":-257.6005859375,
  "8":-289.3530273438,
  "9":-1926.2357177734,
  "10":-1865.8939208984,
  "11":-1987.0313720703,
  "12":-1997.7840576172,
  "13":-1929.5625,
  "14":-1929.5625,
  "15":-440.9052124023,
  "16":-440.9052124023,
  "17":-277.3661499023,
  "18":-252.6227416992
 },
 "Y":{
  "0":100.6600036621,
  "1":-1986.0529785156,
  "2":-1986.0529785156,
  "3":-2205.4929199219,
  "4":-2250.0263671875,
  "5":448.7831115723,
  "6":436.323638916,
  "7":-2155.3840332031,
  "8":-2197.5546875,
  "9":248.6050567627,
  "10":245.2637176514,
  "11":421.3842163086,
  "12":362.2154541016,
  "13":242.0335235596,
  "14":242.0335235596,
  "15":-1981.359375,
  "16":-1981.359375,
  "17":-2161.9853515625,
  "18":-2197.6123046875
 },
 "Z":{
  "0":-159.96875,
  "1":-179.96875,
  "2":-179.96875,
  "3":-179.96875,
  "4":-179.96875,
  "5":-159.96875,
  "6":-159.96875,
  "7":-172.9833984375,
  "8":-170.6461181641,
  "9":-159.96875,
  "10":-159.96875,
  "11":-159.96875,
  "12":-159.96875,
  "13":-159.96875,
  "14":-159.96875,
  "15":-179.96875,
  "16":-179.96875,
  "17":-173.2750244141,
  "18":-169.0085449219
 },
 "round":{
  "0":5,
  "1":6,
  "2":6,
  "3":7,
  "4":7,
  "5":9,
  "6":11,
  "7":16,
  "8":16,
  "9":17,
  "10":17,
  "11":18,
  "12":18,
  "13":19,
  "14":19,
  "15":20,
  "16":20,
  "17":21,
  "18":21
 }
}