{
 "tick":{
  "0":66822,
  "1":79324,
  "2":89450,
  "3":94011,
  "4":96635,
  "5":101387,
  "6":104011,
  "7":124518,
  "8":126635,
  "9":132334,
  "10":134958,
  "11":150805,
  "12":152280,
  "13":168160,
  "14":170784,
  "15":194908,
  "16":196199
 },
 "event":{
  "0":"planted",
  "1":"planted",
  "2":"planted",
  "3":"planted",
  "4":"exploded",
  "5":"planted",
  "6":"exploded",
  "7":"planted",
  "8":"defused",
  "9":"planted",
  "10":"exploded",
  "11":"planted",
  "12":"defused",
  "13":"planted",
  "14":"exploded",
  "15":"planted",
  "16":"defused"
 },
 "site":{
  "0":"BombsiteA",
  "1":"BombsiteB",
  "2":"BombsiteB",
  "3":"BombsiteA",
  "4":"BombsiteA",
  "5":"BombsiteB",
  "6":"BombsiteB",
  "7":"BombsiteB",
  "8":"BombsiteB",
  "9":"BombsiteB",
  "10":"BombsiteB",
  "11":"BombsiteA",
  "12":"BombsiteA",
  "13":"BombsiteA",
  "14":"BombsiteA",
  "15":"BombsiteA",
  "16":"BombsiteA"
 },
 "X":{
  "0":970.1273803711,
  "1":-1136.0313720703,
  "2":-1151.1831054688,
  "3":1300.6677246094,
  "4":1300.6677246094,
  "5":-1098.3801269531,
  "6":-1098.3801269531,
  "7":-1017.5666503906,
  "8":-1011.2426147461,
  "9":-1136.03125,
  "10":-1136.03125,
  "11":995.2862548828,
  "12":1051.6719970703,
  "13":1283.6055908203,
  "14":1283.6055908203,
  "15":1280.0318603516,
  "16":1285.2398681641
 },
 "Y":{
  "0":1746.1872558594,
  "1":699.96875,
  "2":756.0315551758,
  "3":1899.7005615234,
  "4":1899.7005615234,
  "5":776.2120361328,
  "6":776.2120361328,
  "7":599.9699707031,
  "8":540.9270629883,
  "9":699.96875,
  "10":699.96875,
  "11":1974.1558837891,
  "12":1950.1467285156,
  "13":1885.7817382812,
  "14":1885.7817382812,
  "15":1916.9658203125,
  "16":1977.1467285156
 },
 "Z":{
  "0":-191.96875,
  "1":-1.96875,
  "2":-3.96875,
  "3":-191.96875,
  "4":-191.96875,
  "5":-1.96875,
  "6":-1.96875,
  "7":-1.96875,
  "8":0.03125,
  "9":-1.96875,
  "10":-1.96875,
  "11":-191.96875,
  "12":-191.96875,
  "13":-191.96875,
  "14":-191.96875,
  "15":-179.3981933594,
  "16":-191.96875
 },
 "round":{
  "0":6,
  "1":8,
  "2":9,
  "3":10,
  "4":10,
  "5":11,
  "6":11,
  "7":14,
  "8":14,
  "9":15,
  "10":15,
  "11":17,
  "12":17,
  "13":19,
  "14":19,
  "15":21,
  "16":21
 }
}