{
 "tick":{
  "0":14594,
  "1":16815,
  "2":28005,
  "3":29224,
  "4":53688,
  "5":59112,
  "6":61736,
  "7":68145,
  "8":70769,
  "9":76233,
  "10":78857,
  "11":95290,
  "12":97606,
  "13":124660,
  "14":126085,
  "15":138427,
  "16":146296,
  "17":154147,
  "18":160340,
  "19":162964
 },
 "event":{
  "0":"planted",
  "1":"defused",
  "2":"planted",
  "3":"defused",
  "4":"planted",
  "5":"planted",
  "6":"exploded",
  "7":"planted",
  "8":"exploded",
  "9":"planted",
  "10":"exploded",
  "11":"planted",
  "12":"defused",
  "13":"planted",
  "14":"defused",
  "15":"planted",
  "16":"planted",
  "17":"planted",
  "18":"planted",
  "19":"exploded"
 },
 "site":{
  "0":"BombsiteB",
  "1":"BombsiteB",
  "2":"BombsiteA",
  "3":"BombsiteA",
  "4":"BombsiteB",
  "5":"BombsiteA",
  "6":"BombsiteA",
  "7":"BombsiteA",
  "8":"BombsiteA",
  "9":"BombsiteB",
  "10":"BombsiteB",
  "11":"BombsiteB",
  "12":"BombsiteB",
  "13":"BombsiteB",
  "14":"BombsiteB",
  "15":"BombsiteB",
  "16":"BombsiteB",
  "17":"BombsiteB",
  "18":"BombsiteA",
  "19":"BombsiteA"
 },
 "X":{
  "0":869.0313720703,
  "1":870.8760986328,
  "2":-1566.2121582031,
  "3":-1622.9847412109,
  "4":662.2033691406,
  "5":-1260.1551513672,
  "6":-1260.1551513672,
  "7":-1250.8857421875,
  "8":-1250.8857421875,
  "9":869.0313110352,
  "10":869.0313110352,
  "11":795.7269287109,
  "12":798.2788696289,
  "13":790.9011230469,
  "14":851.7529907227,
  "15":1110.7746582031,
  "16":785.8306884766,
  "17":869.0313720703,
  "18":-1248.7451171875,
  "19":-1248.7451171875
 },
 "Y":{
  "0":82.9674301147,
  "1":21.5158081055,
  "2":697.7783203125,
  "3":716.544921875,
  "4":209.2045440674,
  "5":718.1106567383,
  "6":718.1106567383,
  "7":722.9403686523,
  "8":722.9403686523,
  "9":82.96875,
  "10":82.96875,
  "11":4.9706554413,
  "12":4.9686293602,
  "13":4.968184948,
  "14":-3.2092285156,
  "15":59.3160934448,
  "16":205.5044403076,
  "17":75.5721588135,
  "18":729.9678344727,
  "19":729.9678344727
 },
 "Z":{
  "0":130.9011077881,
  "1":130.9011230469,
  "2":56.03125,
  "3":52.03125,
  "4":134.03125,
  "5":56.03125,
  "6":56.03125,
  "7":56.03125,
  "8":56.03125,
  "9":130.9011077881,
  "10":130.9011077881,
  "11":130.9011230469,
  "12":130.9011230469,
  "13":130.9011230469,
  "14":130.9011230469,
  "15":134.03125,
  "16":134.03125,
  "17":130.9011077881,
  "18":56.03125,
  "19":56.03125
 },
 "round":{
  "0":3,
  "1":3,
  "2":5,
  "3":5,
  "4":9,
  "5":10,
  "6":10,
  "7":11,
  "8":11,
  "9":12,
  "10":12,
  "11":14,
  "12":14,
  "13":18,
  "14":18,
  "15":20,
  "16":21,
  "17":22,
  "18":23,
  "19":23
 }
}