{
 "tick":{
  "0":4676,
  "1":6082,
  "2":55318,
  "3":57493,
  "4":65875,
  "5":68499,
  "6":88735,
  "7":89925,
  "8":96466,
  "9":99090,
  "10":103957
 },
 "event":{
  "0":"planted",
  "1":"defused",
  "2":"planted",
  "3":"defused",
  "4":"planted",
  "5":"exploded",
  "6":"planted",
  "7":"defused",
  "8":"planted",
  "9":"exploded",
  "10":"planted"
 },
 "site":{
  "0":"BombsiteB",
  "1":"BombsiteB",
  "2":"BombsiteA",
  "3":"BombsiteA",
  "4":"BombsiteA",
  "5":"BombsiteA",
  "6":"BombsiteA",
  "7":"BombsiteA",
  "8":"BombsiteB",
  "9":"BombsiteB",
  "10":"BombsiteB"
 },
 "X":{
  "0":-1078.2387695312,
  "1":-1055.1497802734,
  "2":1247.0185546875,
  "3":1282.6257324219,
  "4":1511.9686279297,
  "5":1511.9686279297,
  "6":1172.5113525391,
  "7":1190.1761474609,
  "8":-1093.4621582031,
  "9":-1093.4621582031,
  "10":-1136.0313720703
 },
 "Y":{
  "0":776.0313110352,
  "1":776.2637939453,
  "2":1815.5344238281,
  "3":1866.23046875,
  "4":2194.0642089844,
  "5":2194.0642089844,
  "6":2000.9752197266,
  "7":2047.1697998047,
  "8":599.9706420898,
  "9":599.9706420898,
  "10":699.96875
 },
 "Z":{
  "0":-1.96875,
  "1":-1.96875,
  "2":-191.96875,
  "3":-191.96875,
  "4":-171.9196166992,
  "5":-171.9196166992,
  "6":-191.96875,
  "7":-191.96875,
  "8":-1.96875,
  "9":-1.96875,
  "10":-1.96875
 },
 "round":{
  "0":1,
  "1":1,
  "2":9,
  "3":9,
  "4":10,
  "5":10,
  "6":13,
  "7":13,
  "8":14,
  "9":14,
  "10":15
 }
}