{
 "tick":{
  "0":14974,
  "1":72908,
  "2":74901,
  "3":80418
 },
 "event":{
  "0":"planted",
  "1":"planted",
  "2":"defused",
  "3":"planted"
 },
 "site":{
  "0":"BombsiteB",
  "1":"BombsiteA",
  "2":"BombsiteA",
  "3":"BombsiteA"
 },
 "X":{
  "0":857.7037353516,
  "1":853.8387451172,
  "2":844.8087768555,
  "3":803.1463623047
 },
 "Y":{
  "0":-968.9448242188,
  "1":-670.528503418,
  "2":-729.5639038086,
  "3":-486.3366699219
 },
 "Z":{
  "0":-765.96875,
  "1":-399.9682617188,
  "2":-399.9682617188,
  "3":-415.96875
 },
 "round":{
  "0":3,
  "1":12,
  "2":12,
  "3":13
 }
}