{
 "tick":{
  "0":5737,
  "1":7118,
  "2":14224,
  "3":16848,
  "4":24069,
  "5":26693,
  "6":30390,
  "7":37497,
  "8":40121,
  "9":44931,
  "10":47555,
  "11":54554,
  "12":57178,
  "13":75614
 },
 "event":{
  "0":"planted",
  "1":"defused",
  "2":"planted",
  "3":"exploded",
  "4":"planted",
  "5":"exploded",
  "6":"planted",
  "7":"planted",
  "8":"exploded",
  "9":"planted",
  "10":"exploded",
  "11":"planted",
  "12":"exploded",
  "13":"planted"
 },
 "site":{
  "0":"BombsiteB",
  "1":"BombsiteB",
  "2":"BombsiteA",
  "3":"BombsiteA",
  "4":"BombsiteB",
  "5":"BombsiteB",
  "6":"BombsiteB",
  "7":"BombsiteA",
  "8":"BombsiteA",
  "9":"BombsiteA",
  "10":"BombsiteA",
  "11":"BombsiteB",
  "12":"BombsiteB",
  "13":"BombsiteB"
 },
 "X":{
  "0":-1136.03125,
  "1":-1154.1177978516,
  "2":1274.6000976562,
  "3":1274.6000976562,
  "4":-929.4854125977,
  "5":-929.4854125977,
  "6":-1044.0950927734,
  "7":1302.5943603516,
  "8":1302.5943603516,
  "9":1511.9691162109,
  "10":1511.9691162109,
  "11":-1037.7045898438,
  "12":-1037.7045898438,
  "13":-1136.0499267578
 },
 "Y":{
  "0":699.96875,
  "1":642.6884155273,
  "2":1843.0092773438,
  "3":1843.0092773438,
  "4":708.6136474609,
  "5":708.6136474609,
  "6":599.9654541016,
  "7":1895.0446777344,
  "8":1895.0446777344,
  "9":2020.7194824219,
  "10":2020.7194824219,
  "11":585.9214477539,
  "12":585.9214477539,
  "13":699.9684448242
 },
 "Z":{
  "0":-1.96875,
  "1":-3.96875,
  "2":-191.96875,
  "3":-191.96875,
  "4":-3.96875,
  "5":-3.96875,
  "6":-1.96875,
  "7":-191.96875,
  "8":-191.96875,
  "9":-184.5977172852,
  "10":-184.5977172852,
  "11":-3.96875,
  "12":-3.96875,
  "13":-1.96875
 },
 "round":{
  "0":1,
  "1":1,
  "2":2,
  "3":2,
  "4":3,
  "5":3,
  "6":4,
  "7":5,
  "8":5,
  "9":6,
  "10":6,
  "11":7,
  "12":7,
  "13":9
 }
}