{
 "tick":{
  "0":20018,
  "1":22642,
  "2":39883,
  "3":67912,
  "4":91889,
  "5":93074,
  "6":112215,
  "7":114839,
  "8":141706,
  "9":172419,
  "10":173412
 },
 "event":{
  "0":"planted",
  "1":"exploded",
  "2":"planted",
  "3":"planted",
  "4":"planted",
  "5":"defused",
  "6":"planted",
  "7":"exploded",
  "8":"planted",
  "9":"planted",
  "10":"defused"
 },
 "site":{
  "0":"BombsiteB",
  "1":"BombsiteB",
  "2":"BombsiteB",
  "3":"BombsiteB",
  "4":"BombsiteA",
  "5":"BombsiteA",
  "6":"BombsiteA",
  "7":"BombsiteA",
  "8":"BombsiteA",
  "9":"BombsiteB",
  "10":"BombsiteB"
 },
 "X":{
  "0":1104.5988769531,
  "1":1104.5988769531,
  "2":791.214050293,
  "3":785.9602050781,
  "4":-1573.4426269531,
  "5":-1520.1108398438,
  "6":-1261.5270996094,
  "7":-1261.5270996094,
  "8":-1551.6065673828,
  "9":795.4893188477,
  "10":850.7222290039
 },
 "Y":{
  "0":35.9544219971,
  "1":35.9544219971,
  "2":4.9685387611,
  "3":4.765106678,
  "4":715.3966674805,
  "5":687.5842285156,
  "6":718.4989013672,
  "7":718.4989013672,
  "8":708.2305908203,
  "9":4.96844244,
  "10":-19.0560913086
 },
 "Z":{
  "0":134.03125,
  "1":134.03125,
  "2":130.9011230469,
  "3":130.9011230469,
  "4":56.03125,
  "5":56.03125,
  "6":56.03125,
  "7":56.03125,
  "8":56.03125,
  "9":130.9011230469,
  "10":130.03125
 },
 "round":{
  "0":3,
  "1":3,
  "2":5,
  "3":9,
  "4":12,
  "5":12,
  "6":15,
  "7":15,
  "8":17,
  "9":21,
  "10":21
 }
}