{
 "tick":{
  "0":8483,
  "1":35782,
  "2":44465,
  "3":47089,
  "4":67782,
  "5":91208,
  "6":93157,
  "7":110198,
  "8":140057,
  "9":147493,
  "10":150117,
  "11":158989,
  "12":161613,
  "13":184150,
  "14":186050,
  "15":194969,
  "16":215395,
  "17":216831,
  "18":234298,
  "19":234967,
  "20":242464
 },
 "event":{
  "0":"planted",
  "1":"planted",
  "2":"planted",
  "3":"exploded",
  "4":"planted",
  "5":"planted",
  "6":"defused",
  "7":"planted",
  "8":"planted",
  "9":"planted",
  "10":"exploded",
  "11":"planted",
  "12":"exploded",
  "13":"planted",
  "14":"defused",
  "15":"planted",
  "16":"planted",
  "17":"defused",
  "18":"planted",
  "19":"defused",
  "20":"planted"
 },
 "site":{
  "0":"BombsiteA",
  "1":"BombsiteB",
  "2":"BombsiteB",
  "3":"BombsiteB",
  "4":"BombsiteB",
  "5":"BombsiteB",
  "6":"BombsiteB",
  "7":"BombsiteA",
  "8":"BombsiteA",
  "9":"BombsiteA",
  "10":"BombsiteA",
  "11":"BombsiteB",
  "12":"BombsiteB",
  "13":"BombsiteA",
  "14":"BombsiteA",
  "15":"BombsiteB",
  "16":"BombsiteB",
  "17":"BombsiteB",
  "18":"BombsiteB",
  "19":"BombsiteB",
  "20":"BombsiteA"
 },
 "X":{
  "0":1275.7208251953,
  "1":-1074.2038574219,
  "2":-1071.6340332031,
  "3":-1071.6340332031,
  "4":-1050.3210449219,
  "5":-1136.03125,
  "6":-1155.9982910156,
  "7":1082.740234375,
  "8":1312.0313720703,
  "9":1279.2531738281,
  "10":1279.2531738281,
  "11":-885.9614257812,
  "12":-885.9614257812,
  "13":981.2108154297,
  "14":990.0350952148,
  "15":-1040.1358642578,
  "16":-1026.5224609375,
  "17":-971.6428833008,
  "18":-1136.03125,
  "19":-1195.8699951172,
  "20":964.0313720703
 },
 "Y":{
  "0":1969.7080078125,
  "1":599.9686279297,
  "2":599.9686279297,
  "3":599.9686279297,
  "4":599.965637207,
  "5":699.96875,
  "6":647.376159668,
  "7":1751.3360595703,
  "8":2148.6984863281,
  "9":1951.0358886719,
  "10":1951.0358886719,
  "11":652.1213989258,
  "12":652.1213989258,
  "13":1746.8045654297,
  "14":1769.4191894531,
  "15":599.9707641602,
  "16":599.9686889648,
  "17":571.6653442383,
  "18":699.96875,
  "19":684.2083740234,
  "20":1729.30859375
 },
 "Z":{
  "0":-191.96875,
  "1":-1.96875,
  "2":-1.96875,
  "3":-1.96875,
  "4":-1.96875,
  "5":-1.96875,
  "6":-3.96875,
  "7":-191.96875,
  "8":-191.96875,
  "9":-191.96875,
  "10":-191.96875,
  "11":0.0312504768,
  "12":0.0312504768,
  "13":-191.96875,
  "14":-191.96875,
  "15":-1.96875,
  "16":-1.96875,
  "17":-3.96875,
  "18":-1.96875,
  "19":0.03125,
  "20":-181.5657958984
 },
 "round":{
  "0":2,
  "1":6,
  "2":7,
  "3":7,
  "4":10,
  "5":13,
  "6":13,
  "7":17,
  "8":20,
  "9":21,
  "10":21,
  "11":22,
  "12":22,
  "13":24,
  "14":24,
  "15":25,
  "16":28,
  "17":28,
  "18":30,
  "19":30,
  "20":31
 }
}