{
 "tick":{
  "0":4711,
  "1":7335,
  "2":13738,
  "3":16362,
  "4":24469,
  "5":27093,
  "6":34432,
  "7":44490,
  "8":53804,
  "9":57497,
  "10":80880,
  "11":87898,
  "12":109232,
  "13":115902,
  "14":118526,
  "15":124878,
  "16":133949,
  "17":134988,
  "18":142979
 },
 "event":{
  "0":"planted",
  "1":"exploded",
  "2":"planted",
  "3":"exploded",
  "4":"planted",
  "5":"exploded",
  "6":"planted",
  "7":"planted",
  "8":"planted",
  "9":"planted",
  "10":"planted",
  "11":"planted",
  "12":"planted",
  "13":"planted",
  "14":"exploded",
  "15":"planted",
  "16":"planted",
  "17":"defused",
  "18":"planted"
 },
 "site":{
  "0":"BombsiteB",
  "1":"BombsiteB",
  "2":"BombsiteA",
  "3":"BombsiteA",
  "4":"BombsiteA",
  "5":"BombsiteA",
  "6":"BombsiteB",
  "7":"BombsiteA",
  "8":"BombsiteB",
  "9":"BombsiteB",
  "10":"BombsiteA",
  "11":"BombsiteA",
  "12":"BombsiteA",
  "13":"BombsiteA",
  "14":"BombsiteA",
  "15":"BombsiteA",
  "16":"BombsiteA",
  "17":"BombsiteA",
  "18":"BombsiteA"
 },
 "X":{
  "0":-1366.0321044922,
  "1":-1366.0321044922,
  "2":1235.96875,
  "3":1235.96875,
  "4":1104.2545166016,
  "5":1104.2545166016,
  "6":-1367.0257568359,
  "7":1067.5362548828,
  "8":-1684.0316162109,
  "9":-1366.0313720703,
  "10":991.3146362305,
  "11":1221.0278320312,
  "12":987.9682617188,
  "13":984.7119750977,
  "14":984.7119750977,
  "15":987.3354492188,
  "16":1091.4260253906,
  "17":1125.4436035156,
  "18":1223.3638916016
 },
 "Y":{
  "0":2500.3967285156,
  "1":2500.3967285156,
  "2":2561.0314941406,
  "3":2561.0314941406,
  "4":2519.2624511719,
  "5":2519.2624511719,
  "6":2550.7045898438,
  "7":2582.8742675781,
  "8":2549.2219238281,
  "9":2550.9875488281,
  "10":2540.2060546875,
  "11":2497.2045898438,
  "12":2518.7236328125,
  "13":2519.9194335938,
  "14":2519.9194335938,
  "15":2526.8251953125,
  "16":2488.5241699219,
  "17":2536.1635742188,
  "18":2561.03125
 },
 "Z":{
  "0":5.1620664597,
  "1":5.1620664597,
  "2":99.602432251,
  "3":99.602432251,
  "4":96.0436935425,
  "5":96.0436935425,
  "6":4.788228035,
  "7":96.3183135986,
  "8":7.1596231461,
  "9":4.8371081352,
  "10":96.53125,
  "11":172.03125,
  "12":96.53125,
  "13":96.53125,
  "14":96.53125,
  "15":96.53125,
  "16":96.0572738647,
  "17":96.023765564,
  "18":98.8220367432
 },
 "round":{
  "0":1,
  "1":1,
  "2":2,
  "3":2,
  "4":3,
  "5":3,
  "6":4,
  "7":5,
  "8":6,
  "9":7,
  "10":10,
  "11":11,
  "12":14,
  "13":15,
  "14":15,
  "15":16,
  "16":17,
  "17":17,
  "18":18
 }
}