{
 "tick":{
  "0":7120,
  "1":18600,
  "2":24488,
  "3":43342,
  "4":45966,
  "5":52141,
  "6":54765,
  "7":59949,
  "8":66268,
  "9":76526,
  "10":86395,
  "11":88690,
  "12":93318,
  "13":95942,
  "14":106171,
  "15":112732
 },
 "event":{
  "0":"planted",
  "1":"planted",
  "2":"planted",
  "3":"planted",
  "4":"exploded",
  "5":"planted",
  "6":"exploded",
  "7":"planted",
  "8":"planted",
  "9":"planted",
  "10":"planted",
  "11":"defused",
  "12":"planted",
  "13":"exploded",
  "14":"planted",
  "15":"planted"
 },
 "site":{
  "0":"BombsiteA",
  "1":"BombsiteA",
  "2":"BombsiteB",
  "3":"BombsiteA",
  "4":"BombsiteA",
  "5":"BombsiteB",
  "6":"BombsiteB",
  "7":"BombsiteB",
  "8":"BombsiteA",
  "9":"BombsiteA",
  "10":"BombsiteB",
  "11":"BombsiteB",
  "12":"BombsiteA",
  "13":"BombsiteA",
  "14":"BombsiteA",
  "15":"BombsiteA"
 },
 "X":{
  "0":2092.6774902344,
  "1":1949.03125,
  "2":575.5374755859,
  "3":1830.3366699219,
  "4":1830.3366699219,
  "5":548.9528808594,
  "6":548.9528808594,
  "7":529.1817626953,
  "8":2069.33203125,
  "9":2087.3720703125,
  "10":436.2813110352,
  "11":416.6026916504,
  "12":1819.0358886719,
  "13":1819.0358886719,
  "14":2080.8347167969,
  "15":1915.9475097656
 },
 "Y":{
  "0":182.0319976807,
  "1":696.9686889648,
  "2":2795.4912109375,
  "3":361.7893066406,
  "4":361.7893066406,
  "5":2973.3249511719,
  "6":2973.3249511719,
  "7":2696.3723144531,
  "8":182.2463226318,
  "9":182.8037109375,
  "10":2957.8046875,
  "11":2944.40234375,
  "12":273.6866149902,
  "13":273.6866149902,
  "14":183.7538909912,
  "15":289.6206970215
 },
 "Z":{
  "0":160.03125,
  "1":160.03125,
  "2":161.5312347412,
  "3":161.1312103271,
  "4":161.1312103271,
  "5":161.5312347412,
  "6":161.5312347412,
  "7":161.5312347412,
  "8":160.03125,
  "9":160.03125,
  "10":161.53125,
  "11":161.53125,
  "12":161.0312194824,
  "13":161.0312194824,
  "14":160.03125,
  "15":161.03125
 },
 "round":{
  "0":1,
  "1":2,
  "2":3,
  "3":5,
  "4":5,
  "5":6,
  "6":6,
  "7":7,
  "8":8,
  "9":9,
  "10":10,
  "11":10,
  "12":11,
  "13":11,
  "14":12,
  "15":13
 }
}