{
 "tick":{
  "0":1686,
  "1":12559,
  "2":17336,
  "3":33263,
  "4":41580,
  "5":44204,
  "6":50365,
  "7":52989,
  "8":82255,
  "9":96129,
  "10":113435,
  "11":115328,
  "12":126494,
  "13":129118,
  "14":133904,
  "15":147463,
  "16":151157,
  "17":153781,
  "18":165523
 },
 "event":{
  "0":"planted",
  "1":"planted",
  "2":"planted",
  "3":"planted",
  "4":"planted",
  "5":"exploded",
  "6":"planted",
  "7":"exploded",
  "8":"planted",
  "9":"planted",
  "10":"planted",
  "11":"defused",
  "12":"planted",
  "13":"exploded",
  "14":"planted",
  "15":"planted",
  "16":"planted",
  "17":"exploded",
  "18":"planted"
 },
 "site":{
  "0":"BombsiteA",
  "1":"BombsiteA",
  "2":"BombsiteB",
  "3":"BombsiteB",
  "4":"BombsiteB",
  "5":"BombsiteB",
  "6":"BombsiteB",
  "7":"BombsiteB",
  "8":"BombsiteA",
  "9":"BombsiteB",
  "10":"BombsiteB",
  "11":"BombsiteB",
  "12":"BombsiteB",
  "13":"BombsiteB",
  "14":"BombsiteB",
  "15":"BombsiteB",
  "16":"BombsiteB",
  "17":"BombsiteB",
  "18":"BombsiteB"
 },
 "X":{
  "0":1109.7797851562,
  "1":1102.4859619141,
  "2":-1044.3012695312,
  "3":-1136.03125,
  "4":-1136.0302734375,
  "5":-1136.0302734375,
  "6":-1136.0313720703,
  "7":-1136.0313720703,
  "8":1280.0313720703,
  "9":-1136.0313720703,
  "10":-919.7437133789,
  "11":-915.6652832031,
  "12":-1055.4549560547,
  "13":-1055.4549560547,
  "14":-1073.3212890625,
  "15":-1202.1665039062,
  "16":-1136.03125,
  "17":-1136.03125,
  "18":-1036.8254394531
 },
 "Y":{
  "0":1973.3426513672,
  "1":1958.8681640625,
  "2":599.9684448242,
  "3":699.96875,
  "4":699.96875,
  "5":699.96875,
  "6":699.96875,
  "7":699.96875,
  "8":1909.3491210938,
  "9":699.96875,
  "10":573.8915405273,
  "11":633.2887573242,
  "12":599.9720458984,
  "13":599.9720458984,
  "14":599.9686279297,
  "15":530.5190429688,
  "16":699.96875,
  "17":699.96875,
  "18":599.9685668945
 },
 "Z":{
  "0":-191.96875,
  "1":-191.96875,
  "2":-1.96875,
  "3":-1.96875,
  "4":-1.96875,
  "5":-1.96875,
  "6":-1.96875,
  "7":-1.96875,
  "8":-179.3977661133,
  "9":-1.96875,
  "10":-3.96875,
  "11":-3.96875,
  "12":-1.96875,
  "13":-1.96875,
  "14":-1.96875,
  "15":0.0312495232,
  "16":-1.96875,
  "17":-1.96875,
  "18":-1.96875
 },
 "round":{
  "0":1,
  "1":2,
  "2":3,
  "3":5,
  "4":6,
  "5":6,
  "6":7,
  "7":7,
  "8":11,
  "9":13,
  "10":16,
  "11":16,
  "12":18,
  "13":18,
  "14":19,
  "15":20,
  "16":21,
  "17":21,
  "18":23
 }
}