{
 "tick":{
  "0":9388,
  "1":16877,
  "2":46587,
  "3":49211,
  "4":88974,
  "5":97550,
  "6":105378,
  "7":107449,
  "8":124839,
  "9":137522,
  "10":140146,
  "11":143784,
  "12":146408,
  "13":156438,
  "14":159062,
  "15":167004,
  "16":191145
 },
 "event":{
  "0":"planted",
  "1":"planted",
  "2":"planted",
  "3":"exploded",
  "4":"planted",
  "5":"planted",
  "6":"planted",
  "7":"defused",
  "8":"planted",
  "9":"planted",
  "10":"exploded",
  "11":"planted",
  "12":"exploded",
  "13":"planted",
  "14":"exploded",
  "15":"planted",
  "16":"planted"
 },
 "site":{
  "0":"BombsiteA",
  "1":"BombsiteA",
  "2":"BombsiteA",
  "3":"BombsiteA",
  "4":"BombsiteB",
  "5":"BombsiteB",
  "6":"BombsiteB",
  "7":"BombsiteB",
  "8":"BombsiteA",
  "9":"BombsiteB",
  "10":"BombsiteB",
  "11":"BombsiteB",
  "12":"BombsiteB",
  "13":"BombsiteA",
  "14":"BombsiteA",
  "15":"BombsiteA",
  "16":"BombsiteA"
 },
 "X":{
  "0":2099.9887695312,
  "1":1994.7548828125,
  "2":2095.0927734375,
  "3":2095.0927734375,
  "4":276.6179199219,
  "5":532.2767333984,
  "6":484.7417297363,
  "7":468.1196594238,
  "8":2096.9938964844,
  "9":543.9843139648,
  "10":543.9843139648,
  "11":569.7015991211,
  "12":569.7015991211,
  "13":2092.0656738281,
  "14":2092.0656738281,
  "15":2013.96875,
  "16":2094.4899902344
 },
 "Y":{
  "0":180.9685821533,
  "1":501.403717041,
  "2":181.680557251,
  "3":181.680557251,
  "4":2915.5083007812,
  "5":2950.6547851562,
  "6":2974.6750488281,
  "7":3014.5422363281,
  "8":181.4027404785,
  "9":2900.830078125,
  "10":2900.830078125,
  "11":2881.59375,
  "12":2881.59375,
  "13":181.876739502,
  "14":181.876739502,
  "15":721.96875,
  "16":181.7683105469
 },
 "Z":{
  "0":160.03125,
  "1":160.03125,
  "2":160.03125,
  "3":160.03125,
  "4":164.03125,
  "5":161.5312347412,
  "6":161.53125,
  "7":160.8104095459,
  "8":160.03125,
  "9":161.5312347412,
  "10":161.5312347412,
  "11":168.0312347412,
  "12":168.0312347412,
  "13":160.03125,
  "14":160.03125,
  "15":160.03125,
  "16":160.03125
 },
 "round":{
  "0":1,
  "1":2,
  "2":6,
  "3":6,
  "4":11,
  "5":12,
  "6":13,
  "7":13,
  "8":16,
  "9":17,
  "10":17,
  "11":18,
  "12":18,
  "13":19,
  "14":19,
  "15":20,
  "16":23
 }
}