{
 "tick":{
  "0":2465,
  "1":30510,
  "2":40740,
  "3":45349,
  "4":54411,
  "5":56161,
  "6":60308,
  "7":62932,
  "8":68845,
  "9":73610,
  "10":76234,
  "11":94364,
  "12":95366,
  "13":122023,
  "14":123242
 },
 "event":{
  "0":"planted",
  "1":"planted",
  "2":"planted",
  "3":"planted",
  "4":"planted",
  "5":"defused",
  "6":"planted",
  "7":"exploded",
  "8":"planted",
  "9":"planted",
  "10":"exploded",
  "11":"planted",
  "12":"defused",
  "13":"planted",
  "14":"defused"
 },
 "site":{
  "0":"BombsiteA",
  "1":"BombsiteB",
  "2":"BombsiteB",
  "3":"BombsiteA",
  "4":"BombsiteA",
  "5":"BombsiteA",
  "6":"BombsiteB",
  "7":"BombsiteB",
  "8":"BombsiteA",
  "9":"BombsiteB",
  "10":"BombsiteB",
  "11":"BombsiteA",
  "12":"BombsiteA",
  "13":"BombsiteB",
  "14":"BombsiteB"
 },
 "X":{
  "0":-1217.2253417969,
  "1":983.489074707,
  "2":896.5352783203,
  "3":-1575.7733154297,
  "4":-1227.8665771484,
  "5":-1260.9436035156,
  "6":869.03125,
  "7":869.03125,
  "8":-1574.3168945312,
  "9":723.9708251953,
  "10":723.9708251953,
  "11":-1280.0317382812,
  "12":-1285.7464599609,
  "13":795.2098999023,
  "14":793.0814819336
 },
 "Y":{
  "0":893.0315551758,
  "1":80.8504867554,
  "2":136.3407440186,
  "3":699.4855957031,
  "4":926.4851074219,
  "5":952.9379882812,
  "6":82.9686203003,
  "7":82.9686203003,
  "8":715.0769042969,
  "9":80.7205352783,
  "10":80.7205352783,
  "11":786.998840332,
  "12":729.768737793,
  "13":4.9680857658,
  "14":-17.0006103516
 },
 "Z":{
  "0":62.03125,
  "1":130.9011077881,
  "2":130.03125,
  "3":56.03125,
  "4":56.03125,
  "5":54.0312461853,
  "6":130.9011077881,
  "7":130.9011077881,
  "8":56.03125,
  "9":130.9011077881,
  "10":130.9011077881,
  "11":54.03125,
  "12":56.0312461853,
  "13":130.9011230469,
  "14":130.9011077881
 },
 "round":{
  "0":1,
  "1":6,
  "2":7,
  "3":8,
  "4":9,
  "5":9,
  "6":10,
  "7":10,
  "8":11,
  "9":12,
  "10":12,
  "11":16,
  "12":16,
  "13":17,
  "14":17
 }
}