{
 "tick":{
  "0":1780,
  "1":9435,
  "2":14582,
  "3":17206,
  "4":22396,
  "5":25020,
  "6":32850,
  "7":35474,
  "8":62512,
  "9":65136,
  "10":73578,
  "11":76202,
  "12":85738,
  "13":87587,
  "14":100379,
  "15":108892,
  "16":111516,
  "17":123192,
  "18":125816,
  "19":133187
 },
 "event":{
  "0":"planted",
  "1":"planted",
  "2":"planted",
  "3":"exploded",
  "4":"planted",
  "5":"exploded",
  "6":"planted",
  "7":"exploded",
  "8":"planted",
  "9":"exploded",
  "10":"planted",
  "11":"exploded",
  "12":"planted",
  "13":"defused",
  "14":"planted",
  "15":"planted",
  "16":"exploded",
  "17":"planted",
  "18":"exploded",
  "19":"planted"
 },
 "site":{
  "0":"BombsiteB",
  "1":"BombsiteB",
  "2":"BombsiteA",
  "3":"BombsiteA",
  "4":"BombsiteA",
  "5":"BombsiteA",
  "6":"BombsiteB",
  "7":"BombsiteB",
  "8":"BombsiteB",
  "9":"BombsiteB",
  "10":"BombsiteA",
  "11":"BombsiteA",
  "12":"BombsiteB",
  "13":"BombsiteB",
  "14":"BombsiteB",
  "15":"BombsiteB",
  "16":"BombsiteB",
  "17":"BombsiteA",
  "18":"BombsiteA",
  "19":"BombsiteB"
 },
 "X":{
  "0":-1136.0313720703,
  "1":-1077.0063476562,
  "2":1327.6318359375,
  "3":1327.6318359375,
  "4":1496.4423828125,
  "5":1496.4423828125,
  "6":-1136.0313720703,
  "7":-1136.0313720703,
  "8":-1136.0313720703,
  "9":-1136.0313720703,
  "10":1315.1729736328,
  "11":1315.1729736328,
  "12":-1136.0313720703,
  "13":-1192.6156005859,
  "14":-1050.9406738281,
  "15":-1136.0313720703,
  "16":-1136.0313720703,
  "17":1466.4260253906,
  "18":1466.4260253906,
  "19":-1041.6281738281
 },
 "Y":{
  "0":699.96875,
  "1":599.967590332,
  "2":2162.2866210938,
  "3":2162.2866210938,
  "4":2177.4887695312,
  "5":2177.4887695312,
  "6":699.9686279297,
  "7":699.9686279297,
  "8":699.96875,
  "9":699.96875,
  "10":1896.1440429688,
  "11":1896.1440429688,
  "12":699.96875,
  "13":676.809387207,
  "14":599.9675292969,
  "15":699.96875,
  "16":699.96875,
  "17":2184.2993164062,
  "18":2184.2993164062,
  "19":599.9680175781
 },
 "Z":{
  "0":-1.96875,
  "1":-1.96875,
  "2":-191.96875,
  "3":-191.96875,
  "4":-182.969909668,
  "5":-182.969909668,
  "6":-1.96875,
  "7":-1.96875,
  "8":-1.96875,
  "9":-1.96875,
  "10":-190.1518554688,
  "11":-190.1518554688,
  "12":-1.96875,
  "13":0.03125,
  "14":-1.96875,
  "15":-1.96875,
  "16":-1.96875,
  "17":-178.4295654297,
  "18":-178.4295654297,
  "19":-1.96875
 },
 "round":{
  "0":1,
  "1":2,
  "2":3,
  "3":3,
  "4":4,
  "5":4,
  "6":5,
  "7":5,
  "8":8,
  "9":8,
  "10":9,
  "11":9,
  "12":10,
  "13":10,
  "14":12,
  "15":13,
  "16":13,
  "17":15,
  "18":15,
  "19":16
 }
}