{
 "tick":{
  "0":7970,
  "1":14172,
  "2":16796,
  "3":23844,
  "4":35749,
  "5":38373,
  "6":65322,
  "7":66540,
  "8":73351,
  "9":75975,
  "10":109967,
  "11":111228
 },
 "event":{
  "0":"planted",
  "1":"planted",
  "2":"exploded",
  "3":"planted",
  "4":"planted",
  "5":"exploded",
  "6":"planted",
  "7":"defused",
  "8":"planted",
  "9":"exploded",
  "10":"planted",
  "11":"defused"
 },
 "site":{
  "0":"BombsiteB",
  "1":"BombsiteA",
  "2":"BombsiteA",
  "3":"BombsiteB",
  "4":"BombsiteB",
  "5":"BombsiteB",
  "6":"BombsiteB",
  "7":"BombsiteB",
  "8":"BombsiteB",
  "9":"BombsiteB",
  "10":"BombsiteB",
  "11":"BombsiteB"
 },
 "X":{
  "0":753.7803955078,
  "1":648.1714477539,
  "2":648.1714477539,
  "3":643.7098999023,
  "4":562.9094238281,
  "5":562.9094238281,
  "6":718.6079711914,
  "7":768.2766113281,
  "8":808.0468139648,
  "9":808.0468139648,
  "10":340.322479248,
  "11":345.0215454102
 },
 "Y":{
  "0":-1140.7095947266,
  "1":-602.6778564453,
  "2":-602.6778564453,
  "3":-1274.9981689453,
  "4":-1207.4458007812,
  "5":-1207.4458007812,
  "6":-1152.5191650391,
  "7":-1118.0054931641,
  "8":-1057.5526123047,
  "9":-1057.5526123047,
  "10":-697.5634765625,
  "11":-689.0856323242
 },
 "Z":{
  "0":-768.96875,
  "1":-415.96875,
  "2":-415.96875,
  "3":-769.96875,
  "4":-752.84375,
  "5":-752.84375,
  "6":-752.84375,
  "7":-768.96875,
  "8":-771.96875,
  "9":-771.96875,
  "10":-765.96875,
  "11":-765.96875
 },
 "round":{
  "0":2,
  "1":3,
  "2":3,
  "3":4,
  "4":6,
  "5":6,
  "6":9,
  "7":9,
  "8":10,
  "9":10,
  "10":13,
  "11":13
 }
}