{
 "tick":{
  "0":21365,
  "1":29346,
  "2":42407,
  "3":44310,
  "4":68383,
  "5":71007,
  "6":89907,
  "7":90656,
  "8":106414,
  "9":113423,
  "10":116047,
  "11":129972,
  "12":131574,
  "13":148657,
  "14":151281,
  "15":159248
 },
 "event":{
  "0":"planted",
  "1":"planted",
  "2":"planted",
  "3":"defused",
  "4":"planted",
  "5":"exploded",
  "6":"planted",
  "7":"defused",
  "8":"planted",
  "9":"planted",
  "10":"exploded",
  "11":"planted",
  "12":"defused",
  "13":"planted",
  "14":"exploded",
  "15":"planted"
 },
 "site":{
  "0":"BombsiteA",
  "1":"BombsiteB",
  "2":"BombsiteB",
  "3":"BombsiteB",
  "4":"BombsiteB",
  "5":"BombsiteB",
  "6":"BombsiteA",
  "7":"BombsiteA",
  "8":"BombsiteA",
  "9":"BombsiteA",
  "10":"BombsiteA",
  "11":"BombsiteA",
  "12":"BombsiteA",
  "13":"BombsiteB",
  "14":"BombsiteB",
  "15":"BombsiteB"
 },
 "X":{
  "0":1093.9432373047,
  "1":-1077.6959228516,
  "2":-1136.03125,
  "3":-1143.431640625,
  "4":-1136.0313720703,
  "5":-1136.0313720703,
  "6":1293.4193115234,
  "7":1287.6854248047,
  "8":1106.7485351562,
  "9":1266.2120361328,
  "10":1266.2120361328,
  "11":1225.5401611328,
  "12":1188.4366455078,
  "13":-1045.2009277344,
  "14":-1045.2009277344,
  "15":-1030.7277832031
 },
 "Y":{
  "0":1943.2867431641,
  "1":599.9685668945,
  "2":699.96875,
  "3":676.1505126953,
  "4":675.3801269531,
  "5":675.3801269531,
  "6":1875.7529296875,
  "7":1936.5775146484,
  "8":1968.6370849609,
  "9":1836.5725097656,
  "10":1836.5725097656,
  "11":1998.1878662109,
  "12":2027.4326171875,
  "13":599.896484375,
  "14":599.896484375,
  "15":599.971862793
 },
 "Z":{
  "0":-191.96875,
  "1":-1.96875,
  "2":-1.96875,
  "3":-1.96875,
  "4":-1.96875,
  "5":-1.96875,
  "6":-191.96875,
  "7":-191.96875,
  "8":-191.96875,
  "9":-191.96875,
  "10":-191.96875,
  "11":-191.96875,
  "12":-191.96875,
  "13":-1.96875,
  "14":-1.96875,
  "15":-1.96875
 },
 "round":{
  "0":3,
  "1":4,
  "2":6,
  "3":6,
  "4":9,
  "5":9,
  "6":11,
  "7":11,
  "8":13,
  "9":14,
  "10":14,
  "11":16,
  "12":16,
  "13":18,
  "14":18,
  "15":19
 }
}