{
 "tick":{
  "0":1686,
  "1":3827,
  "2":10290,
  "3":11994,
  "4":18950,
  "5":21574,
  "6":28203,
  "7":30103,
  "8":51161,
  "9":88303,
  "10":94941,
  "11":96210,
  "12":103353,
  "13":105977,
  "14":144810,
  "15":160629,
  "16":161275,
  "17":166780,
  "18":168073
 },
 "event":{
  "0":"planted",
  "1":"defused",
  "2":"planted",
  "3":"defused",
  "4":"planted",
  "5":"exploded",
  "6":"planted",
  "7":"defused",
  "8":"planted",
  "9":"planted",
  "10":"planted",
  "11":"defused",
  "12":"planted",
  "13":"exploded",
  "14":"planted",
  "15":"planted",
  "16":"defused",
  "17":"planted",
  "18":"defused"
 },
 "site":{
  "0":"BombsiteA",
  "1":"BombsiteA",
  "2":"BombsiteB",
  "3":"BombsiteB",
  "4":"BombsiteB",
  "5":"BombsiteB",
  "6":"BombsiteB",
  "7":"BombsiteB",
  "8":"BombsiteB",
  "9":"BombsiteA",
  "10":"BombsiteA",
  "11":"BombsiteA",
  "12":"BombsiteB",
  "13":"BombsiteB",
  "14":"BombsiteB",
  "15":"BombsiteA",
  "16":"BombsiteA",
  "17":"BombsiteA",
  "18":"BombsiteA"
 },
 "X":{
  "0":-1280.03125,
  "1":-1336.9742431641,
  "2":805.9967651367,
  "3":755.3149414062,
  "4":803.6284179688,
  "5":803.6284179688,
  "6":792.8197021484,
  "7":852.8608398438,
  "8":784.2618408203,
  "9":-1255.6000976562,
  "10":-1564.7810058594,
  "11":-1528.6707763672,
  "12":801.0178833008,
  "13":801.0178833008,
  "14":869.0313720703,
  "15":-1280.0313720703,
  "16":-1289.6500244141,
  "17":-1272.2529296875,
  "18":-1303.5383300781
 },
 "Y":{
  "0":793.9686279297,
  "1":817.9300537109,
  "2":4.8633108139,
  "3":-28.8334350586,
  "4":4.9717092514,
  "5":4.9717092514,
  "6":-5.8600463867,
  "7":2.6465377808,
  "8":4.9688792229,
  "9":729.9685668945,
  "10":703.048034668,
  "11":751.1802368164,
  "12":4.9684157372,
  "13":4.9684157372,
  "14":77.8503265381,
  "15":792.6970825195,
  "16":732.1806640625,
  "17":728.8572387695,
  "18":779.0455322266
 },
 "Z":{
  "0":54.03125,
  "1":54.0312461853,
  "2":130.9011230469,
  "3":130.03125,
  "4":130.9011230469,
  "5":130.9011230469,
  "6":130.9011230469,
  "7":130.9011230469,
  "8":130.9011230469,
  "9":56.03125,
  "10":56.03125,
  "11":54.0312461853,
  "12":130.9011230469,
  "13":130.9011230469,
  "14":130.9011077881,
  "15":54.03125,
  "16":54.944606781,
  "17":56.03125,
  "18":54.03125
 },
 "round":{
  "0":1,
  "1":1,
  "2":2,
  "3":2,
  "4":3,
  "5":3,
  "6":4,
  "7":4,
  "8":7,
  "9":12,
  "10":13,
  "11":13,
  "12":14,
  "13":14,
  "14":19,
  "15":21,
  "16":21,
  "17":22,
  "18":22
 }
}