{
 "tick":{
  "0":3656,
  "1":22508,
  "2":43954,
  "3":46578,
  "4":54330,
  "5":55775,
  "6":109621,
  "7":110510,
  "8":119599,
  "9":128753,
  "10":131377,
  "11":150762,
  "12":153386,
  "13":157458,
  "14":160082,
  "15":198707,
  "16":200024,
  "17":207980,
  "18":215899
 },
 "event":{
  "0":"planted",
  "1":"planted",
  "2":"planted",
  "3":"exploded",
  "4":"planted",
  "5":"defused",
  "6":"planted",
  "7":"defused",
  "8":"planted",
  "9":"planted",
  "10":"exploded",
  "11":"planted",
  "12":"exploded",
  "13":"planted",
  "14":"exploded",
  "15":"planted",
  "16":"defused",
  "17":"planted",
  "18":"planted"
 },
 "site":{
  "0":"BombsiteB",
  "1":"BombsiteA",
  "2":"BombsiteA",
  "3":"BombsiteA",
  "4":"BombsiteB",
  "5":"BombsiteB",
  "6":"BombsiteB",
  "7":"BombsiteB",
  "8":"BombsiteB",
  "9":"BombsiteA",
  "10":"BombsiteA",
  "11":"BombsiteB",
  "12":"BombsiteB",
  "13":"BombsiteB",
  "14":"BombsiteB",
  "15":"BombsiteA",
  "16":"BombsiteA",
  "17":"BombsiteA",
  "18":"BombsiteA"
 },
 "X":{
  "0":-2094.9714355469,
  "1":-278.4342041016,
  "2":-465.2911987305,
  "3":-465.2911987305,
  "4":-2040.2485351562,
  "5":-2050.9645996094,
  "6":-1920.4592285156,
  "7":-1977.7702636719,
  "8":-2094.9719238281,
  "9":-617.7889404297,
  "10":-617.7889404297,
  "11":-1921.4790039062,
  "12":-1921.4790039062,
  "13":-1987.0291748047,
  "14":-1987.0291748047,
  "15":-410.2312011719,
  "16":-464.3442382812,
  "17":-450.8869628906,
  "18":-488.3441162109
 },
 "Y":{
  "0":433.9884643555,
  "1":-2157.5090332031,
  "2":-2002.2778320312,
  "3":-2002.2778320312,
  "4":64.3058547974,
  "5":121.6519012451,
  "6":242.0312957764,
  "7":256.5579223633,
  "8":409.1859741211,
  "9":-1986.4339599609,
  "10":-1986.4339599609,
  "11":242.0297546387,
  "12":242.0297546387,
  "13":422.5489807129,
  "14":422.5489807129,
  "15":-1990.7243652344,
  "16":-1995.6916503906,
  "17":-1987.9475097656,
  "18":-2008.779296875
 },
 "Z":{
  "0":-159.96875,
  "1":-173.7204589844,
  "2":-179.96875,
  "3":-179.96875,
  "4":-159.96875,
  "5":-159.96875,
  "6":-159.96875,
  "7":-159.96875,
  "8":-159.96875,
  "9":-179.96875,
  "10":-179.96875,
  "11":-159.96875,
  "12":-159.96875,
  "13":-159.96875,
  "14":-159.96875,
  "15":-179.96875,
  "16":-179.96875,
  "17":-179.96875,
  "18":-179.96875
 },
 "round":{
  "0":1,
  "1":3,
  "2":6,
  "3":6,
  "4":7,
  "5":7,
  "6":13,
  "7":13,
  "8":14,
  "9":16,
  "10":16,
  "11":18,
  "12":18,
  "13":19,
  "14":19,
  "15":22,
  "16":22,
  "17":23,
  "18":24
 }
}