{
 "tick":{
  "0":9600,
  "1":10764,
  "2":26317,
  "3":31621,
  "4":34245,
  "5":43346,
  "6":49183,
  "7":51807,
  "8":60072,
  "9":70525,
  "10":73149,
  "11":89915,
  "12":104429,
  "13":105664,
  "14":109891,
  "15":112515,
  "16":128393
 },
 "event":{
  "0":"planted",
  "1":"defused",
  "2":"planted",
  "3":"planted",
  "4":"exploded",
  "5":"planted",
  "6":"planted",
  "7":"exploded",
  "8":"planted",
  "9":"planted",
  "10":"exploded",
  "11":"planted",
  "12":"planted",
  "13":"defused",
  "14":"planted",
  "15":"exploded",
  "16":"planted"
 },
 "site":{
  "0":"BombsiteA",
  "1":"BombsiteA",
  "2":"BombsiteB",
  "3":"BombsiteB",
  "4":"BombsiteB",
  "5":"BombsiteB",
  "6":"BombsiteA",
  "7":"BombsiteA",
  "8":"BombsiteA",
  "9":"BombsiteA",
  "10":"BombsiteA",
  "11":"BombsiteB",
  "12":"BombsiteB",
  "13":"BombsiteB",
  "14":"BombsiteB",
  "15":"BombsiteB",
  "16":"BombsiteB"
 },
 "X":{
  "0":-1211.8634033203,
  "1":-1228.3972167969,
  "2":789.0756835938,
  "3":869.0317993164,
  "4":869.0317993164,
  "5":806.3591918945,
  "6":-1256.4091796875,
  "7":-1256.4091796875,
  "8":-1215.3927001953,
  "9":-1258.8264160156,
  "10":-1258.8264160156,
  "11":793.5973510742,
  "12":802.7192993164,
  "13":766.9716796875,
  "14":869.0280151367,
  "15":869.0280151367,
  "16":869.0313720703
 },
 "Y":{
  "0":729.9685058594,
  "1":672.849609375,
  "2":4.9697022438,
  "3":65.0982894897,
  "4":65.0982894897,
  "5":4.9675211906,
  "6":729.9686279297,
  "7":729.9686279297,
  "8":729.9685058594,
  "9":729.96875,
  "10":729.96875,
  "11":4.9682245255,
  "12":4.968650341,
  "13":-17.408203125,
  "14":76.9195251465,
  "15":76.9195251465,
  "16":74.5016326904
 },
 "Z":{
  "0":56.03125,
  "1":58.7203330994,
  "2":130.9011230469,
  "3":130.9011077881,
  "4":130.9011077881,
  "5":130.9011230469,
  "6":56.03125,
  "7":56.03125,
  "8":56.03125,
  "9":56.03125,
  "10":56.03125,
  "11":130.9011230469,
  "12":130.9011230469,
  "13":130.03125,
  "14":130.9011077881,
  "15":130.9011077881,
  "16":130.9011077881
 },
 "round":{
  "0":2,
  "1":2,
  "2":4,
  "3":5,
  "4":5,
  "5":6,
  "6":7,
  "7":7,
  "8":8,
  "9":10,
  "10":10,
  "11":12,
  "12":14,
  "13":14,
  "14":15,
  "15":15,
  "16":18
 }
}