{
 "tick":{
  "0":8097,
  "1":16015,
  "2":18401,
  "3":45475,
  "4":46375,
  "5":52441,
  "6":65471,
  "7":67082,
  "8":71772,
  "9":73521,
  "10":123680,
  "11":133994
 },
 "event":{
  "0":"planted",
  "1":"planted",
  "2":"defused",
  "3":"planted",
  "4":"defused",
  "5":"planted",
  "6":"planted",
  "7":"defused",
  "8":"planted",
  "9":"defused",
  "10":"planted",
  "11":"planted"
 },
 "site":{
  "0":"BombsiteB",
  "1":"BombsiteB",
  "2":"BombsiteB",
  "3":"BombsiteB",
  "4":"BombsiteB",
  "5":"BombsiteB",
  "6":"BombsiteB",
  "7":"BombsiteB",
  "8":"BombsiteA",
  "9":"BombsiteA",
  "10":"BombsiteB",
  "11":"BombsiteB"
 },
 "X":{
  "0":812.2747802734,
  "1":868.5671386719,
  "2":903.9051513672,
  "3":792.2169799805,
  "4":850.9156494141,
  "5":793.8161010742,
  "6":805.5769042969,
  "7":744.8771362305,
  "8":-1570.9018554688,
  "9":-1554.1279296875,
  "10":869.0313720703,
  "11":829.9498901367
 },
 "Y":{
  "0":4.9686288834,
  "1":-94.7461547852,
  "2":-144.6663818359,
  "3":4.9686303139,
  "4":-8.5254516602,
  "5":4.9683861732,
  "6":4.9686923027,
  "7":4.8765029907,
  "8":707.3900756836,
  "9":765.8106079102,
  "10":61.5552482605,
  "11":212.1068878174
 },
 "Z":{
  "0":130.9011230469,
  "1":134.03125,
  "2":130.53125,
  "3":130.9011230469,
  "4":130.03125,
  "5":130.9011230469,
  "6":130.9011230469,
  "7":130.03125,
  "8":56.03125,
  "9":56.03125,
  "10":130.9011077881,
  "11":134.03125
 },
 "round":{
  "0":1,
  "1":2,
  "2":2,
  "3":6,
  "4":6,
  "5":7,
  "6":9,
  "7":9,
  "8":10,
  "9":10,
  "10":16,
  "11":17
 }
}