{
 "tick":{
  "0":5463,
  "1":7512,
  "2":31814,
  "3":34438,
  "4":43051,
  "5":45675,
  "6":63438,
  "7":66062,
  "8":99183,
  "9":101807,
  "10":117051,
  "11":137555,
  "12":152926
 },
 "event":{
  "0":"planted",
  "1":"defused",
  "2":"planted",
  "3":"exploded",
  "4":"planted",
  "5":"exploded",
  "6":"planted",
  "7":"exploded",
  "8":"planted",
  "9":"exploded",
  "10":"planted",
  "11":"planted",
  "12":"planted"
 },
 "site":{
  "0":"BombsiteB",
  "1":"BombsiteB",
  "2":"BombsiteB",
  "3":"BombsiteB",
  "4":"BombsiteB",
  "5":"BombsiteB",
  "6":"BombsiteB",
  "7":"BombsiteB",
  "8":"BombsiteA",
  "9":"BombsiteA",
  "10":"BombsiteB",
  "11":"BombsiteA",
  "12":"BombsiteA"
 },
 "X":{
  "0":547.7484741211,
  "1":496.4092407227,
  "2":544.8852539062,
  "3":544.8852539062,
  "4":314.9686584473,
  "5":314.9686584473,
  "6":548.5950317383,
  "7":548.5950317383,
  "8":1819.03125,
  "9":1819.03125,
  "10":382.5537719727,
  "11":1980.4484863281,
  "12":1966.03125
 },
 "Y":{
  "0":2959.4421386719,
  "1":2957.0268554688,
  "2":2973.6782226562,
  "3":2973.6782226562,
  "4":2772.0744628906,
  "5":2772.0744628906,
  "6":2969.9392089844,
  "7":2969.9392089844,
  "8":693.96875,
  "9":693.96875,
  "10":2545.3127441406,
  "11":711.5454711914,
  "12":721.96875
 },
 "Z":{
  "0":161.5312347412,
  "1":161.5312652588,
  "2":161.5312347412,
  "3":161.5312347412,
  "4":184.2997589111,
  "5":184.2997589111,
  "6":161.5312347412,
  "7":161.5312347412,
  "8":160.0095977783,
  "9":160.0095977783,
  "10":161.53125,
  "11":160.03125,
  "12":160.03125
 },
 "round":{
  "0":1,
  "1":1,
  "2":4,
  "3":4,
  "4":5,
  "5":5,
  "6":7,
  "7":7,
  "8":11,
  "9":11,
  "10":13,
  "11":16,
  "12":18
 }
}