{
 "tick":{
  "0":4065,
  "1":33091,
  "2":35323,
  "3":43643,
  "4":52173,
  "5":54797,
  "6":65927,
  "7":89511,
  "8":90599,
  "9":108196,
  "10":113860,
  "11":120273,
  "12":122897,
  "13":129929,
  "14":132553,
  "15":138273
 },
 "event":{
  "0":"planted",
  "1":"planted",
  "2":"defused",
  "3":"planted",
  "4":"planted",
  "5":"exploded",
  "6":"planted",
  "7":"planted",
  "8":"defused",
  "9":"planted",
  "10":"planted",
  "11":"planted",
  "12":"exploded",
  "13":"planted",
  "14":"exploded",
  "15":"planted"
 },
 "site":{
  "0":"BombsiteA",
  "1":"BombsiteA",
  "2":"BombsiteA",
  "3":"BombsiteB",
  "4":"BombsiteB",
  "5":"BombsiteB",
  "6":"BombsiteB",
  "7":"BombsiteA",
  "8":"BombsiteA",
  "9":"BombsiteA",
  "10":"BombsiteB",
  "11":"BombsiteA",
  "12":"BombsiteA",
  "13":"BombsiteB",
  "14":"BombsiteB",
  "15":"BombsiteB"
 },
 "X":{
  "0":-493.5672607422,
  "1":-271.6411132812,
  "2":-289.3726806641,
  "3":-1878.9205322266,
  "4":-2055.9392089844,
  "5":-2055.9392089844,
  "6":-1890.8059082031,
  "7":-253.9686279297,
  "8":-276.9708251953,
  "9":-527.1202392578,
  "10":-1987.0290527344,
  "11":-599.7756958008,
  "12":-599.7756958008,
  "13":-1987.0317382812,
  "14":-1987.0317382812,
  "15":-1987.0279541016
 },
 "Y":{
  "0":-2027.2678222656,
  "1":-2158.7348632812,
  "2":-2217.2912597656,
  "3":242.0313415527,
  "4":446.3589782715,
  "5":446.3589782715,
  "6":242.0303497314,
  "7":-2139.1513671875,
  "8":-2175.3620605469,
  "9":-1972.9713134766,
  "10":437.8482666016,
  "11":-1973.837890625,
  "12":-1973.837890625,
  "13":395.566192627,
  "14":395.566192627,
  "15":398.1579589844
 },
 "Z":{
  "0":-179.96875,
  "1":-173.3095703125,
  "2":-168.892578125,
  "3":-159.96875,
  "4":-159.96875,
  "5":-159.96875,
  "6":-159.96875,
  "7":-173.1725463867,
  "8":-172.0684814453,
  "9":-179.96875,
  "10":-159.96875,
  "11":-179.96875,
  "12":-179.96875,
  "13":-159.96875,
  "14":-159.96875,
  "15":-159.96875
 },
 "round":{
  "0":1,
  "1":6,
  "2":6,
  "3":7,
  "4":8,
  "5":8,
  "6":9,
  "7":10,
  "8":10,
  "9":13,
  "10":14,
  "11":15,
  "12":15,
  "13":16,
  "14":16,
  "15":17
 }
}