{
 "tick":{
  "0":34266,
  "1":39874,
  "2":42498,
  "3":46793,
  "4":69841,
  "5":81904,
  "6":86178,
  "7":95867,
  "8":110040,
  "9":140993,
  "10":142868
 },
 "event":{
  "0":"planted",
  "1":"planted",
  "2":"exploded",
  "3":"planted",
  "4":"planted",
  "5":"planted",
  "6":"planted",
  "7":"planted",
  "8":"planted",
  "9":"planted",
  "10":"defused"
 },
 "site":{
  "0":"BombsiteA",
  "1":"BombsiteB",
  "2":"BombsiteB",
  "3":"BombsiteA",
  "4":"BombsiteA",
  "5":"BombsiteB",
  "6":"BombsiteA",
  "7":"BombsiteB",
  "8":"BombsiteB",
  "9":"BombsiteA",
  "10":"BombsiteA"
 },
 "X":{
  "0":1089.1170654297,
  "1":-1625.0432128906,
  "2":-1625.0432128906,
  "3":985.4104614258,
  "4":996.2022094727,
  "5":-1628.4641113281,
  "6":1224.4383544922,
  "7":-1630.6856689453,
  "8":-1684.0318603516,
  "9":1089.1293945312,
  "10":1117.6525878906
 },
 "Y":{
  "0":2488.6850585938,
  "1":2490.9716796875,
  "2":2490.9716796875,
  "3":2497.6486816406,
  "4":2558.0275878906,
  "5":2490.96875,
  "6":2460.970703125,
  "7":2490.9682617188,
  "8":2521.5041503906,
  "9":2488.7814941406,
  "10":2543.0190429688
 },
 "Z":{
  "0":96.0597229004,
  "1":3.5631165504,
  "2":3.5631165504,
  "3":96.5312423706,
  "4":96.53125,
  "5":3.9918308258,
  "6":97.6297225952,
  "7":4.2572746277,
  "8":8.5147428513,
  "9":96.0597076416,
  "10":96.0299377441
 },
 "round":{
  "0":1,
  "1":2,
  "2":2,
  "3":3,
  "4":6,
  "5":8,
  "6":9,
  "7":10,
  "8":12,
  "9":17,
  "10":17
 }
}