{
 "tick":{
  "0":22528,
  "1":32012,
  "2":41469,
  "3":46410,
  "4":76111,
  "5":77304,
  "6":82514,
  "7":84452,
  "8":94447,
  "9":105288,
  "10":113743,
  "11":116367,
  "12":119720,
  "13":122344,
  "14":130099,
  "15":132723,
  "16":141132,
  "17":142555
 },
 "event":{
  "0":"planted",
  "1":"planted",
  "2":"planted",
  "3":"planted",
  "4":"planted",
  "5":"defused",
  "6":"planted",
  "7":"defused",
  "8":"planted",
  "9":"planted",
  "10":"planted",
  "11":"exploded",
  "12":"planted",
  "13":"exploded",
  "14":"planted",
  "15":"exploded",
  "16":"planted",
  "17":"defused"
 },
 "site":{
  "0":"BombsiteA",
  "1":"BombsiteA",
  "2":"BombsiteA",
  "3":"BombsiteA",
  "4":"BombsiteA",
  "5":"BombsiteA",
  "6":"BombsiteA",
  "7":"BombsiteA",
  "8":"BombsiteA",
  "9":"BombsiteB",
  "10":"BombsiteB",
  "11":"BombsiteB",
  "12":"BombsiteA",
  "13":"BombsiteA",
  "14":"BombsiteB",
  "15":"BombsiteB",
  "16":"BombsiteB",
  "17":"BombsiteB"
 },
 "X":{
  "0":-282.5130615234,
  "1":-621.9555664062,
  "2":-497.9512329102,
  "3":-266.2785644531,
  "4":-552.951965332,
  "5":-517.8158569336,
  "6":-490.9686279297,
  "7":-458.5790405273,
  "8":-625.4898071289,
  "9":-1969.03125,
  "10":-1969.0302734375,
  "11":-1969.0302734375,
  "12":-256.0084838867,
  "13":-256.0084838867,
  "14":-1982.5430908203,
  "15":-1982.5430908203,
  "16":-2094.9682617188,
  "17":-2090.4350585938
 },
 "Y":{
  "0":-2158.5905761719,
  "1":-1987.6651611328,
  "2":-1999.46875,
  "3":-2154.2875976562,
  "4":-2186.1545410156,
  "5":-2137.37109375,
  "6":-2075.6904296875,
  "7":-2026.9665527344,
  "8":-1990.2692871094,
  "9":450.03125,
  "10":454.9893493652,
  "11":454.9893493652,
  "12":-2193.3850097656,
  "13":-2193.3850097656,
  "14":450.0314025879,
  "15":450.0314025879,
  "16":412.1440734863,
  "17":471.7124023438
 },
 "Z":{
  "0":-173.8055419922,
  "1":-179.96875,
  "2":-179.96875,
  "3":-173.4665527344,
  "4":-179.96875,
  "5":-179.96875,
  "6":-179.96875,
  "7":-179.96875,
  "8":-179.96875,
  "9":-159.96875,
  "10":-159.96875,
  "11":-159.96875,
  "12":-169.5347290039,
  "13":-169.5347290039,
  "14":-159.96875,
  "15":-159.96875,
  "16":-159.96875,
  "17":-159.96875
 },
 "round":{
  "0":3,
  "1":4,
  "2":6,
  "3":7,
  "4":10,
  "5":10,
  "6":11,
  "7":11,
  "8":13,
  "9":14,
  "10":15,
  "11":15,
  "12":16,
  "13":16,
  "14":17,
  "15":17,
  "16":18,
  "17":18
 }
}