{
 "tick":{
  "0":11374,
  "1":27532,
  "2":43902,
  "3":129320,
  "4":136481,
  "5":139105,
  "6":145337,
  "7":147961,
  "8":160314,
  "9":162309,
  "10":173034,
  "11":175658,
  "12":185225
 },
 "event":{
  "0":"planted",
  "1":"planted",
  "2":"planted",
  "3":"planted",
  "4":"planted",
  "5":"exploded",
  "6":"planted",
  "7":"exploded",
  "8":"planted",
  "9":"defused",
  "10":"planted",
  "11":"exploded",
  "12":"planted"
 },
 "site":{
  "0":"BombsiteA",
  "1":"BombsiteB",
  "2":"BombsiteB",
  "3":"BombsiteA",
  "4":"BombsiteA",
  "5":"BombsiteA",
  "6":"BombsiteA",
  "7":"BombsiteA",
  "8":"BombsiteB",
  "9":"BombsiteB",
  "10":"BombsiteA",
  "11":"BombsiteA",
  "12":"BombsiteB"
 },
 "X":{
  "0":-365.4490966797,
  "1":-2268.2143554688,
  "2":-2216.0310058594,
  "3":-307.6158447266,
  "4":-362.8601074219,
  "5":-362.8601074219,
  "6":-347.03125,
  "7":-347.03125,
  "8":-2221.4846191406,
  "9":-2216.03125,
  "10":-368.5025634766,
  "11":-368.5025634766,
  "12":-2216.0283203125
 },
 "Y":{
  "0":-686.9081420898,
  "1":654.2144165039,
  "2":845.8748168945,
  "3":-713.03125,
  "4":-688.3237915039,
  "5":-688.3237915039,
  "6":-682.8146972656,
  "7":-682.8146972656,
  "8":861.9255981445,
  "9":909.5319824219,
  "10":-687.5885009766,
  "11":-687.5885009766,
  "12":854.871887207
 },
 "Z":{
  "0":11774.64453125,
  "1":11744.03125,
  "2":11744.03125,
  "3":11776.03125,
  "4":11774.822265625,
  "5":11774.822265625,
  "6":11774.1337890625,
  "7":11774.1337890625,
  "8":11744.03125,
  "9":11744.03125,
  "10":11774.73046875,
  "11":11774.73046875,
  "12":11744.03125
 },
 "round":{
  "0":1,
  "1":3,
  "2":5,
  "3":14,
  "4":15,
  "5":15,
  "6":16,
  "7":16,
  "8":18,
  "9":18,
  "10":20,
  "11":20,
  "12":22
 }
}