{
 "tick":{
  "0":3963,
  "1":9262,
  "2":21999,
  "3":61465,
  "4":64089,
  "5":68596,
  "6":71220,
  "7":76010,
  "8":88158,
  "9":90782,
  "10":113688,
  "11":119274,
  "12":120288,
  "13":127481,
  "14":128456
 },
 "event":{
  "0":"planted",
  "1":"planted",
  "2":"planted",
  "3":"planted",
  "4":"exploded",
  "5":"planted",
  "6":"exploded",
  "7":"planted",
  "8":"planted",
  "9":"exploded",
  "10":"planted",
  "11":"planted",
  "12":"defused",
  "13":"planted",
  "14":"defused"
 },
 "site":{
  "0":"BombsiteA",
  "1":"BombsiteA",
  "2":"BombsiteA",
  "3":"BombsiteA",
  "4":"BombsiteA",
  "5":"BombsiteA",
  "6":"BombsiteA",
  "7":"BombsiteA",
  "8":"BombsiteB",
  "9":"BombsiteB",
  "10":"BombsiteA",
  "11":"BombsiteB",
  "12":"BombsiteB",
  "13":"BombsiteB",
  "14":"BombsiteB"
 },
 "X":{
  "0":857.1112060547,
  "1":833.5847167969,
  "2":754.9120483398,
  "3":768.5642089844,
  "4":768.5642089844,
  "5":718.9730224609,
  "6":718.9730224609,
  "7":776.6419067383,
  "8":559.9686279297,
  "9":559.9686279297,
  "10":812.236328125,
  "11":810.6987915039,
  "12":865.6849975586,
  "13":638.4996337891,
  "14":579.6389770508
 },
 "Y":{
  "0":-550.2130737305,
  "1":-629.6412963867,
  "2":-770.0293579102,
  "3":-605.9708251953,
  "4":-605.9708251953,
  "5":-784.7698974609,
  "6":-784.7698974609,
  "7":-770.594543457,
  "8":-1174.0173339844,
  "9":-1174.0173339844,
  "10":-591.168762207,
  "11":-918.9082641602,
  "12":-947.5357055664,
  "13":-1314.5983886719,
  "14":-1305.78515625
 },
 "Z":{
  "0":-399.9683837891,
  "1":-399.9682617188,
  "2":-399.9682617188,
  "3":-399.9683227539,
  "4":-399.9683227539,
  "5":-399.9682617188,
  "6":-399.9682617188,
  "7":-399.9682617188,
  "8":-769.96875,
  "9":-769.96875,
  "10":-399.9682617188,
  "11":-771.96875,
  "12":-765.96875,
  "13":-765.96875,
  "14":-765.96875
 },
 "round":{
  "0":1,
  "1":2,
  "2":5,
  "3":10,
  "4":10,
  "5":11,
  "6":11,
  "7":12,
  "8":14,
  "9":14,
  "10":18,
  "11":19,
  "12":19,
  "13":20,
  "14":20
 }
}