{
 "tick":{
  "0":3647,
  "1":5114,
  "2":35276,
  "3":37900,
  "4":45020,
  "5":47644,
  "6":56437,
  "7":121888,
  "8":124512,
  "9":140954,
  "10":142881
 },
 "event":{
  "0":"planted",
  "1":"defused",
  "2":"planted",
  "3":"exploded",
  "4":"planted",
  "5":"exploded",
  "6":"planted",
  "7":"planted",
  "8":"exploded",
  "9":"planted",
  "10":"defused"
 },
 "site":{
  "0":"BombsiteA",
  "1":"BombsiteA",
  "2":"BombsiteA",
  "3":"BombsiteA",
  "4":"BombsiteA",
  "5":"BombsiteA",
  "6":"BombsiteA",
  "7":"BombsiteA",
  "8":"BombsiteA",
  "9":"BombsiteB",
  "10":"BombsiteB"
 },
 "X":{
  "0":-360.9102783203,
  "1":-407.5855712891,
  "2":-114.638671875,
  "3":-114.638671875,
  "4":-362.1428222656,
  "5":-362.1428222656,
  "6":-299.6672363281,
  "7":-94.0068359375,
  "8":-94.0068359375,
  "9":-2216.03125,
  "10":-2277.041015625
 },
 "Y":{
  "0":-685.9011230469,
  "1":-724.9928588867,
  "2":-540.0316162109,
  "3":-540.0316162109,
  "4":-686.1751708984,
  "5":-686.1751708984,
  "6":-713.0289916992,
  "7":-732.0316772461,
  "8":-732.0316772461,
  "9":878.1383056641,
  "10":880.341003418
 },
 "Z":{
  "0":11774.51953125,
  "1":11776.03125,
  "2":11776.03125,
  "3":11776.03125,
  "4":11774.5537109375,
  "5":11774.5537109375,
  "6":11776.03125,
  "7":11776.03125,
  "8":11776.03125,
  "9":11744.03125,
  "10":11744.03125
 },
 "round":{
  "0":1,
  "1":1,
  "2":6,
  "3":6,
  "4":7,
  "5":7,
  "6":8,
  "7":17,
  "8":17,
  "9":20,
  "10":20
 }
}