{
 "tick":{
  "0":3757,
  "1":9579,
  "2":12203,
  "3":53152,
  "4":55776,
  "5":86823,
  "6":87343,
  "7":93471,
  "8":107874,
  "9":124989
 },
 "event":{
  "0":"planted",
  "1":"planted",
  "2":"exploded",
  "3":"planted",
  "4":"exploded",
  "5":"planted",
  "6":"defused",
  "7":"planted",
  "8":"planted",
  "9":"planted"
 },
 "site":{
  "0":"BombsiteA",
  "1":"BombsiteB",
  "2":"BombsiteB",
  "3":"BombsiteB",
  "4":"BombsiteB",
  "5":"BombsiteA",
  "6":"BombsiteA",
  "7":"BombsiteA",
  "8":"BombsiteA",
  "9":"BombsiteB"
 },
 "X":{
  "0":-2151.1938476562,
  "1":-1166.3316650391,
  "2":-1166.3316650391,
  "3":-1193.9685058594,
  "4":-1193.9685058594,
  "5":-2578.0375976562,
  "6":-2633.3901367188,
  "7":-2112.4147949219,
  "8":-2503.1684570312,
  "9":-1166.1619873047
 },
 "Y":{
  "0":569.3366699219,
  "1":-74.8115844727,
  "2":-74.8115844727,
  "3":217.5840911865,
  "4":217.5840911865,
  "5":635.276184082,
  "6":614.2569580078,
  "7":588.9561157227,
  "8":798.0313110352,
  "9":12.2809286118
 },
 "Z":{
  "0":522.1077270508,
  "1":104.147102356,
  "2":104.147102356,
  "3":103.53125,
  "4":103.53125,
  "5":484.0312805176,
  "6":484.0312194824,
  "7":522.2529907227,
  "8":476.53125,
  "9":103.53125
 },
 "round":{
  "0":1,
  "1":2,
  "2":2,
  "3":8,
  "4":8,
  "5":12,
  "6":12,
  "7":13,
  "8":15,
  "9":17
 }
}