{
 "tick":{
  "0":23693,
  "1":26317,
  "2":34672,
  "3":37296,
  "4":53567,
  "5":55222,
  "6":68970,
  "7":70531,
  "8":85881,
  "9":87133,
  "10":93216,
  "11":94788,
  "12":101365,
  "13":103234,
  "14":141819
 },
 "event":{
  "0":"planted",
  "1":"exploded",
  "2":"planted",
  "3":"exploded",
  "4":"planted",
  "5":"defused",
  "6":"planted",
  "7":"defused",
  "8":"planted",
  "9":"defused",
  "10":"planted",
  "11":"defused",
  "12":"planted",
  "13":"defused",
  "14":"planted"
 },
 "site":{
  "0":"BombsiteA",
  "1":"BombsiteA",
  "2":"BombsiteA",
  "3":"BombsiteA",
  "4":"BombsiteA",
  "5":"BombsiteA",
  "6":"BombsiteB",
  "7":"BombsiteB",
  "8":"BombsiteB",
  "9":"BombsiteB",
  "10":"BombsiteB",
  "11":"BombsiteB",
  "12":"BombsiteB",
  "13":"BombsiteB",
  "14":"BombsiteA"
 },
 "X":{
  "0":1312.0316162109,
  "1":1312.0316162109,
  "2":1263.1096191406,
  "3":1263.1096191406,
  "4":1284.2730712891,
  "5":1279.6678466797,
  "6":-1136.03125,
  "7":-1147.2243652344,
  "8":-1036.4359130859,
  "9":-1036.7761230469,
  "10":-1136.03125,
  "11":-1153.3216552734,
  "12":-1023.3827514648,
  "13":-1084.5728759766,
  "14":1270.7144775391
 },
 "Y":{
  "0":2186.5791015625,
  "1":2186.5791015625,
  "2":1819.7066650391,
  "3":1819.7066650391,
  "4":1900.0512695312,
  "5":1961.4619140625,
  "6":699.96875,
  "7":640.8004150391,
  "8":599.9685668945,
  "9":538.1214599609,
  "10":699.96875,
  "11":642.6207885742,
  "12":599.9676513672,
  "13":597.159362793,
  "14":1843.6300048828
 },
 "Z":{
  "0":-176.9097290039,
  "1":-176.9097290039,
  "2":-191.96875,
  "3":-191.96875,
  "4":-183.3870239258,
  "5":-191.96875,
  "6":-1.96875,
  "7":-3.96875,
  "8":-1.96875,
  "9":0.0312514305,
  "10":-1.96875,
  "11":-3.96875,
  "12":-1.96875,
  "13":-1.96875,
  "14":-188.3196411133
 },
 "round":{
  "0":3,
  "1":3,
  "2":4,
  "3":4,
  "4":6,
  "5":6,
  "6":8,
  "7":8,
  "8":10,
  "9":10,
  "10":11,
  "11":11,
  "12":12,
  "13":12,
  "14":17
 }
}