{
 "tick":{
  "0":9437,
  "1":11844,
  "2":20740,
  "3":22729,
  "4":45395,
  "5":48019,
  "6":56151,
  "7":57807,
  "8":63004,
  "9":72383,
  "10":76672,
  "11":79296,
  "12":90928,
  "13":111778,
  "14":135224,
  "15":137848,
  "16":145906,
  "17":160931,
  "18":169134
 },
 "event":{
  "0":"planted",
  "1":"defused",
  "2":"planted",
  "3":"defused",
  "4":"planted",
  "5":"exploded",
  "6":"planted",
  "7":"defused",
  "8":"planted",
  "9":"planted",
  "10":"planted",
  "11":"exploded",
  "12":"planted",
  "13":"planted",
  "14":"planted",
  "15":"exploded",
  "16":"planted",
  "17":"planted",
  "18":"planted"
 },
 "site":{
  "0":"BombsiteB",
  "1":"BombsiteB",
  "2":"BombsiteB",
  "3":"BombsiteB",
  "4":"BombsiteB",
  "5":"BombsiteB",
  "6":"BombsiteA",
  "7":"BombsiteA",
  "8":"BombsiteA",
  "9":"BombsiteA",
  "10":"BombsiteB",
  "11":"BombsiteB",
  "12":"BombsiteB",
  "13":"BombsiteA",
  "14":"BombsiteB",
  "15":"BombsiteB",
  "16":"BombsiteA",
  "17":"BombsiteA",
  "18":"BombsiteA"
 },
 "X":{
  "0":-1975.2705078125,
  "1":-1992.9654541016,
  "2":-1899.3560791016,
  "3":-1837.5164794922,
  "4":-1969.03125,
  "5":-1969.03125,
  "6":-619.7597045898,
  "7":-561.8477172852,
  "8":-606.7579956055,
  "9":-554.9685668945,
  "10":-1902.7102050781,
  "11":-1902.7102050781,
  "12":-1899.072265625,
  "13":-285.1267089844,
  "14":-1987.0313720703,
  "15":-1987.0313720703,
  "16":-306.3936767578,
  "17":-386.0313720703,
  "18":-270.5202636719
 },
 "Y":{
  "0":450.032043457,
  "1":391.7210693359,
  "2":242.0321655273,
  "3":239.2980499268,
  "4":450.0315246582,
  "5":450.0315246582,
  "6":-1986.76171875,
  "7":-1966.1552734375,
  "8":-1984.5943603516,
  "9":-2116.3093261719,
  "10":242.0289459229,
  "11":242.0289459229,
  "12":242.7373504639,
  "13":-2159.2802734375,
  "14":416.5550231934,
  "15":416.5550231934,
  "16":-2165.3056640625,
  "17":-2010.8992919922,
  "18":-2155.4113769531
 },
 "Z":{
  "0":-159.96875,
  "1":-159.96875,
  "2":-159.96875,
  "3":-162.588684082,
  "4":-159.96875,
  "5":-159.96875,
  "6":-179.96875,
  "7":-179.96875,
  "8":-179.96875,
  "9":-179.96875,
  "10":-159.96875,
  "11":-159.96875,
  "12":-159.96875,
  "13":-173.8604125977,
  "14":-159.96875,
  "15":-159.96875,
  "16":-174.2700195312,
  "17":-179.2113647461,
  "18":-173.5551757812
 },
 "round":{
  "0":2,
  "1":2,
  "2":3,
  "3":3,
  "4":6,
  "5":6,
  "6":7,
  "7":7,
  "8":8,
  "9":9,
  "10":10,
  "11":10,
  "12":12,
  "13":15,
  "14":18,
  "15":18,
  "16":19,
  "17":21,
  "18":22
 }
}