{
 "tick":{
  "0":5024,
  "1":11957,
  "2":27881,
  "3":30505,
  "4":41266,
  "5":42474,
  "6":50692,
  "7":53316,
  "8":61730,
  "9":63237,
  "10":91918,
  "11":93444,
  "12":99455,
  "13":111625,
  "14":113597,
  "15":122322,
  "16":133543,
  "17":146098,
  "18":148722,
  "19":159386
 },
 "event":{
  "0":"planted",
  "1":"planted",
  "2":"planted",
  "3":"exploded",
  "4":"planted",
  "5":"defused",
  "6":"planted",
  "7":"exploded",
  "8":"planted",
  "9":"defused",
  "10":"planted",
  "11":"defused",
  "12":"planted",
  "13":"planted",
  "14":"defused",
  "15":"planted",
  "16":"planted",
  "17":"planted",
  "18":"exploded",
  "19":"planted"
 },
 "site":{
  "0":"BombsiteB",
  "1":"BombsiteB",
  "2":"BombsiteB",
  "3":"BombsiteB",
  "4":"BombsiteA",
  "5":"BombsiteA",
  "6":"BombsiteA",
  "7":"BombsiteA",
  "8":"BombsiteB",
  "9":"BombsiteB",
  "10":"BombsiteB",
  "11":"BombsiteB",
  "12":"BombsiteA",
  "13":"BombsiteA",
  "14":"BombsiteA",
  "15":"BombsiteA",
  "16":"BombsiteA",
  "17":"BombsiteB",
  "18":"BombsiteB",
  "19":"BombsiteB"
 },
 "X":{
  "0":-1104.9267578125,
  "1":-1073.2092285156,
  "2":-1051.5295410156,
  "3":-1051.5295410156,
  "4":1270.8063964844,
  "5":1295.8994140625,
  "6":1264.1572265625,
  "7":1264.1572265625,
  "8":-1043.2593994141,
  "9":-983.5791015625,
  "10":-1005.1789550781,
  "11":-1064.4162597656,
  "12":1231.1995849609,
  "13":1312.0313720703,
  "14":1319.0589599609,
  "15":1275.5537109375,
  "16":1106.6701660156,
  "17":-1207.6395263672,
  "18":-1207.6395263672,
  "19":-1075.888671875
 },
 "Y":{
  "0":599.9721069336,
  "1":776.0313720703,
  "2":599.9685058594,
  "3":599.9685058594,
  "4":1971.4780273438,
  "5":1916.2784423828,
  "6":1972.0803222656,
  "7":1972.0803222656,
  "8":599.9682006836,
  "9":588.7288818359,
  "10":599.96875,
  "11":589.6442871094,
  "12":1995.3641357422,
  "13":2157.439453125,
  "14":2177.416015625,
  "15":1957.0892333984,
  "16":1967.1121826172,
  "17":855.7806396484,
  "18":855.7806396484,
  "19":599.9686279297
 },
 "Z":{
  "0":-1.96875,
  "1":-1.96875,
  "2":-1.96875,
  "3":-1.96875,
  "4":-191.96875,
  "5":-191.96875,
  "6":-191.96875,
  "7":-191.96875,
  "8":-1.96875,
  "9":-3.96875,
  "10":-1.96875,
  "11":-3.96875,
  "12":-191.96875,
  "13":-191.96875,
  "14":-183.0184326172,
  "15":-191.96875,
  "16":-191.7623901367,
  "17":0.03125,
  "18":0.03125,
  "19":-1.96875
 },
 "round":{
  "0":1,
  "1":2,
  "2":5,
  "3":5,
  "4":6,
  "5":6,
  "6":7,
  "7":7,
  "8":8,
  "9":8,
  "10":12,
  "11":12,
  "12":13,
  "13":15,
  "14":15,
  "15":16,
  "16":17,
  "17":19,
  "18":19,
  "19":20
 }
}