{
 "tick":{
  "0":4131,
  "1":12436,
  "2":15060,
  "3":20794,
  "4":23418,
  "5":55922,
  "6":65584,
  "7":72154,
  "8":74778,
  "9":85763,
  "10":88387,
  "11":101525,
  "12":104149
 },
 "event":{
  "0":"planted",
  "1":"planted",
  "2":"exploded",
  "3":"planted",
  "4":"exploded",
  "5":"planted",
  "6":"planted",
  "7":"planted",
  "8":"exploded",
  "9":"planted",
  "10":"exploded",
  "11":"planted",
  "12":"exploded"
 },
 "site":{
  "0":"BombsiteA",
  "1":"BombsiteA",
  "2":"BombsiteA",
  "3":"BombsiteB",
  "4":"BombsiteB",
  "5":"BombsiteA",
  "6":"BombsiteB",
  "7":"BombsiteA",
  "8":"BombsiteA",
  "9":"BombsiteA",
  "10":"BombsiteA",
  "11":"BombsiteB",
  "12":"BombsiteB"
 },
 "X":{
  "0":2171.3640136719,
  "1":1961.4829101562,
  "2":1961.4829101562,
  "3":559.147277832,
  "4":559.147277832,
  "5":1957.0369873047,
  "6":534.3233642578,
  "7":1966.0313720703,
  "8":1966.0313720703,
  "9":2013.96875,
  "10":2013.96875,
  "11":543.9686279297,
  "12":543.9686279297
 },
 "Y":{
  "0":705.8951416016,
  "1":696.9686889648,
  "2":696.9686889648,
  "3":2883.9692382812,
  "4":2883.9692382812,
  "5":696.9686279297,
  "6":2926.0954589844,
  "7":721.96875,
  "8":721.96875,
  "9":721.96875,
  "10":721.96875,
  "11":2896.1608886719,
  "12":2896.1608886719
 },
 "Z":{
  "0":160.03125,
  "1":160.03125,
  "2":160.03125,
  "3":161.5312347412,
  "4":161.5312347412,
  "5":160.03125,
  "6":161.5312347412,
  "7":160.03125,
  "8":160.03125,
  "9":160.03125,
  "10":160.03125,
  "11":161.5312347412,
  "12":161.5312347412
 },
 "round":{
  "0":1,
  "1":3,
  "2":3,
  "3":4,
  "4":4,
  "5":9,
  "6":10,
  "7":11,
  "8":11,
  "9":13,
  "10":13,
  "11":15,
  "12":15
 }
}