{
 "tick":{
  "0":4284,
  "1":11755,
  "2":14379,
  "3":22106,
  "4":24730,
  "5":33532,
  "6":43809,
  "7":56524,
  "8":63396,
  "9":66020,
  "10":103400,
  "11":106024,
  "12":111676
 },
 "event":{
  "0":"planted",
  "1":"planted",
  "2":"exploded",
  "3":"planted",
  "4":"exploded",
  "5":"planted",
  "6":"planted",
  "7":"planted",
  "8":"planted",
  "9":"exploded",
  "10":"planted",
  "11":"exploded",
  "12":"planted"
 },
 "site":{
  "0":"BombsiteB",
  "1":"BombsiteA",
  "2":"BombsiteA",
  "3":"BombsiteA",
  "4":"BombsiteA",
  "5":"BombsiteA",
  "6":"BombsiteB",
  "7":"BombsiteB",
  "8":"BombsiteA",
  "9":"BombsiteA",
  "10":"BombsiteB",
  "11":"BombsiteB",
  "12":"BombsiteA"
 },
 "X":{
  "0":-2216.8603515625,
  "1":-306.7302246094,
  "2":-306.7302246094,
  "3":-298.3448486328,
  "4":-298.3448486328,
  "5":-83.3090820312,
  "6":-2318.2270507812,
  "7":-2216.03125,
  "8":-362.5231933594,
  "9":-362.5231933594,
  "10":-2216.03125,
  "11":-2216.03125,
  "12":-298.377746582
 },
 "Y":{
  "0":861.2424926758,
  "1":-715.2833862305,
  "2":-715.2833862305,
  "3":-718.7665405273,
  "4":-718.7665405273,
  "5":-732.0319213867,
  "6":863.2104492188,
  "7":850.0048217773,
  "8":-686.2596435547,
  "9":-686.2596435547,
  "10":881.4153442383,
  "11":881.4153442383,
  "12":-713.0316162109
 },
 "Z":{
  "0":11744.03125,
  "1":11776.03125,
  "2":11776.03125,
  "3":11776.03125,
  "4":11776.03125,
  "5":11776.03125,
  "6":11744.03125,
  "7":11744.03125,
  "8":11774.5634765625,
  "9":11774.5634765625,
  "10":11744.03125,
  "11":11744.03125,
  "12":11776.03125
 },
 "round":{
  "0":1,
  "1":2,
  "2":2,
  "3":3,
  "4":3,
  "5":4,
  "6":5,
  "7":7,
  "8":8,
  "9":8,
  "10":14,
  "11":14,
  "12":15
 }
}