{
 "tick":{
  "0":9021,
  "1":11645,
  "2":14346,
  "3":16970,
  "4":41207,
  "5":48651,
  "6":51275,
  "7":56464,
  "8":65018,
  "9":72744,
  "10":74143,
  "11":78849,
  "12":85473,
  "13":94587,
  "14":95681
 },
 "event":{
  "0":"planted",
  "1":"exploded",
  "2":"planted",
  "3":"exploded",
  "4":"planted",
  "5":"planted",
  "6":"exploded",
  "7":"planted",
  "8":"planted",
  "9":"planted",
  "10":"defused",
  "11":"planted",
  "12":"planted",
  "13":"planted",
  "14":"defused"
 },
 "site":{
  "0":"BombsiteB",
  "1":"BombsiteB",
  "2":"BombsiteB",
  "3":"BombsiteB",
  "4":"BombsiteA",
  "5":"BombsiteB",
  "6":"BombsiteB",
  "7":"BombsiteA",
  "8":"BombsiteB",
  "9":"BombsiteB",
  "10":"BombsiteB",
  "11":"BombsiteB",
  "12":"BombsiteA",
  "13":"BombsiteA",
  "14":"BombsiteA"
 },
 "X":{
  "0":441.0184020996,
  "1":441.0184020996,
  "2":650.5055541992,
  "3":650.5055541992,
  "4":661.3956298828,
  "5":341.4923706055,
  "6":341.4923706055,
  "7":855.2912597656,
  "8":645.2766113281,
  "9":633.9114379883,
  "10":637.9460449219,
  "11":640.8840942383,
  "12":751.2358398438,
  "13":743.2634887695,
  "14":803.8006591797
 },
 "Y":{
  "0":-1296.1342773438,
  "1":-1296.1342773438,
  "2":-1316.7315673828,
  "3":-1316.7315673828,
  "4":-771.6607055664,
  "5":-692.1384887695,
  "6":-692.1384887695,
  "7":-518.2055664062,
  "8":-1296.9466552734,
  "9":-1315.380859375,
  "10":-1290.6207275391,
  "11":-1302.6081542969,
  "12":-772.3294677734,
  "13":-772.2850952148,
  "14":-772.3231201172
 },
 "Z":{
  "0":-765.96875,
  "1":-765.96875,
  "2":-765.96875,
  "3":-765.96875,
  "4":-415.96875,
  "5":-765.96875,
  "6":-765.96875,
  "7":-407.6422119141,
  "8":-765.96875,
  "9":-765.96875,
  "10":-769.96875,
  "11":-765.96875,
  "12":-399.9682617188,
  "13":-397.4693603516,
  "14":-399.9682617188
 },
 "round":{
  "0":2,
  "1":2,
  "2":3,
  "3":3,
  "4":7,
  "5":8,
  "6":8,
  "7":9,
  "8":10,
  "9":11,
  "10":11,
  "11":12,
  "12":13,
  "13":15,
  "14":15
 }
}