{
 "tick":{
  "0":22500,
  "1":39149,
  "2":41773,
  "3":81420,
  "4":107032,
  "5":109656,
  "6":116544
 },
 "event":{
  "0":"planted",
  "1":"planted",
  "2":"exploded",
  "3":"planted",
  "4":"planted",
  "5":"exploded",
  "6":"planted"
 },
 "site":{
  "0":"BombsiteA",
  "1":"BombsiteA",
  "2":"BombsiteA",
  "3":"BombsiteA",
  "4":"BombsiteA",
  "5":"BombsiteA",
  "6":"BombsiteA"
 },
 "X":{
  "0":1235.96875,
  "1":1095.9166259766,
  "2":1095.9166259766,
  "3":1093.4630126953,
  "4":982.496887207,
  "5":982.496887207,
  "6":987.9684448242
 },
 "Y":{
  "0":2561.0258789062,
  "1":2576.2211914062,
  "2":2576.2211914062,
  "3":2489.3383789062,
  "4":2493.3703613281,
  "5":2493.3703613281,
  "6":2492.3041992188
 },
 "Z":{
  "0":99.602432251,
  "1":96.2619400024,
  "2":96.2619400024,
  "3":96.0551223755,
  "4":96.53125,
  "5":96.53125,
  "6":96.5312576294
 },
 "round":{
  "0":5,
  "1":7,
  "2":7,
  "3":13,
  "4":16,
  "5":16,
  "6":17
 }
}