{
 "tick":{
  "0":4102,
  "1":6726,
  "2":12643,
  "3":29586,
  "4":35336,
  "5":103937,
  "6":106561,
  "7":127180,
  "8":129804,
  "9":134682,
  "10":137306,
  "11":141546
 },
 "event":{
  "0":"planted",
  "1":"exploded",
  "2":"planted",
  "3":"planted",
  "4":"planted",
  "5":"planted",
  "6":"exploded",
  "7":"planted",
  "8":"exploded",
  "9":"planted",
  "10":"exploded",
  "11":"planted"
 },
 "site":{
  "0":"BombsiteA",
  "1":"BombsiteA",
  "2":"BombsiteA",
  "3":"BombsiteA",
  "4":"BombsiteB",
  "5":"BombsiteA",
  "6":"BombsiteA",
  "7":"BombsiteA",
  "8":"BombsiteA",
  "9":"BombsiteB",
  "10":"BombsiteB",
  "11":"BombsiteA"
 },
 "X":{
  "0":-541.5670166016,
  "1":-541.5670166016,
  "2":-278.1688232422,
  "3":-459.0526733398,
  "4":-2198.96875,
  "5":-378.4291992188,
  "6":-378.4291992188,
  "7":-622.7217407227,
  "8":-622.7217407227,
  "9":-1987.0286865234,
  "10":-1987.0286865234,
  "11":-253.96875
 },
 "Y":{
  "0":-2169.2854003906,
  "1":-2169.2854003906,
  "2":-2164.5810546875,
  "3":-2046.7603759766,
  "4":89.0312423706,
  "5":-2137.8786621094,
  "6":-2137.8786621094,
  "7":-1988.2312011719,
  "8":-1988.2312011719,
  "9":400.3235168457,
  "10":400.3235168457,
  "11":-2134.0754394531
 },
 "Z":{
  "0":-179.96875,
  "1":-179.96875,
  "2":-173.0800170898,
  "3":-179.96875,
  "4":-159.96875,
  "5":-179.9095458984,
  "6":-179.9095458984,
  "7":-179.96875,
  "8":-179.96875,
  "9":-159.96875,
  "10":-159.96875,
  "11":-172.9469604492
 },
 "round":{
  "0":1,
  "1":1,
  "2":2,
  "3":5,
  "4":6,
  "5":15,
  "6":15,
  "7":18,
  "8":18,
  "9":19,
  "10":19,
  "11":20
 }
}