{
 "tick":{
  "0":3905,
  "1":33724,
  "2":36348,
  "3":48018,
  "4":50642,
  "5":59311,
  "6":131212
 },
 "event":{
  "0":"planted",
  "1":"planted",
  "2":"exploded",
  "3":"planted",
  "4":"exploded",
  "5":"planted",
  "6":"planted"
 },
 "site":{
  "0":"BombsiteA",
  "1":"BombsiteA",
  "2":"BombsiteA",
  "3":"BombsiteA",
  "4":"BombsiteA",
  "5":"BombsiteA",
  "6":"BombsiteA"
 },
 "X":{
  "0":715.6615600586,
  "1":644.4037475586,
  "2":644.4037475586,
  "3":742.9983520508,
  "4":742.9983520508,
  "5":498.3440856934,
  "6":744.0215454102
 },
 "Y":{
  "0":-615.2428588867,
  "1":-769.3624267578,
  "2":-769.3624267578,
  "3":-919.6730957031,
  "4":-919.6730957031,
  "5":-950.9170532227,
  "6":-782.032043457
 },
 "Z":{
  "0":-399.9683837891,
  "1":-415.96875,
  "2":-415.96875,
  "3":-407.1301269531,
  "4":-407.1301269531,
  "5":-415.4387817383,
  "6":-399.9682617188
 },
 "round":{
  "0":1,
  "1":6,
  "2":6,
  "3":7,
  "4":7,
  "5":8,
  "6":19
 }
}