{
 "tick":{
  "0":15071,
  "1":17695,
  "2":25207,
  "3":29970,
  "4":32594,
  "5":42894,
  "6":51390,
  "7":54014,
  "8":60285,
  "9":69903,
  "10":75936,
  "11":83159,
  "12":85401
 },
 "event":{
  "0":"planted",
  "1":"exploded",
  "2":"planted",
  "3":"planted",
  "4":"exploded",
  "5":"planted",
  "6":"planted",
  "7":"exploded",
  "8":"planted",
  "9":"planted",
  "10":"planted",
  "11":"planted",
  "12":"defused"
 },
 "site":{
  "0":"BombsiteA",
  "1":"BombsiteA",
  "2":"BombsiteA",
  "3":"BombsiteB",
  "4":"BombsiteB",
  "5":"BombsiteA",
  "6":"BombsiteB",
  "7":"BombsiteB",
  "8":"BombsiteA",
  "9":"BombsiteB",
  "10":"BombsiteA",
  "11":"BombsiteB",
  "12":"BombsiteB"
 },
 "X":{
  "0":1503.0670166016,
  "1":1503.0670166016,
  "2":1283.7834472656,
  "3":-1056.2774658203,
  "4":-1056.2774658203,
  "5":1280.0278320312,
  "6":-1085.1993408203,
  "7":-1085.1993408203,
  "8":1092.1870117188,
  "9":-959.96875,
  "10":1508.1096191406,
  "11":-1136.0299072266,
  "12":-1155.3400878906
 },
 "Y":{
  "0":2027.3582763672,
  "1":2027.3582763672,
  "2":1916.7487792969,
  "3":599.9677124023,
  "4":599.9677124023,
  "5":1902.9794921875,
  "6":599.2476196289,
  "7":599.2476196289,
  "8":1939.1330566406,
  "9":645.96875,
  "10":2018.6790771484,
  "11":699.96875,
  "12":641.8294067383
 },
 "Z":{
  "0":-190.4989013672,
  "1":-190.4989013672,
  "2":-182.9265136719,
  "3":-1.96875,
  "4":-1.96875,
  "5":-179.3944091797,
  "6":-1.96875,
  "7":-1.96875,
  "8":-191.96875,
  "9":-1.96875,
  "10":-182.7840576172,
  "11":-1.96875,
  "12":-3.96875
 },
 "round":{
  "0":3,
  "1":3,
  "2":4,
  "3":5,
  "4":5,
  "5":7,
  "6":8,
  "7":8,
  "8":9,
  "9":11,
  "10":12,
  "11":13,
  "12":13
 }
}