{
 "tick":{
  "0":11441,
  "1":14065,
  "2":46744,
  "3":49368,
  "4":73075,
  "5":74527,
  "6":78891,
  "7":86805,
  "8":107432
 },
 "event":{
  "0":"planted",
  "1":"exploded",
  "2":"planted",
  "3":"exploded",
  "4":"planted",
  "5":"defused",
  "6":"planted",
  "7":"planted",
  "8":"planted"
 },
 "site":{
  "0":"BombsiteB",
  "1":"BombsiteB",
  "2":"BombsiteB",
  "3":"BombsiteB",
  "4":"BombsiteA",
  "5":"BombsiteA",
  "6":"BombsiteB",
  "7":"BombsiteB",
  "8":"BombsiteA"
 },
 "X":{
  "0":805.9205322266,
  "1":805.9205322266,
  "2":869.0493774414,
  "3":869.0493774414,
  "4":-1280.03125,
  "5":-1339.8966064453,
  "6":794.6411132812,
  "7":1102.859375,
  "8":-1212.1082763672
 },
 "Y":{
  "0":4.8246088028,
  "1":4.8246088028,
  "2":82.9685516357,
  "3":82.9685516357,
  "4":793.9702758789,
  "5":796.1710205078,
  "6":4.7270207405,
  "7":36.2056617737,
  "8":729.9685058594
 },
 "Z":{
  "0":130.9011230469,
  "1":130.9011230469,
  "2":130.9011077881,
  "3":130.9011077881,
  "4":54.03125,
  "5":54.03125,
  "6":130.9011230469,
  "7":134.03125,
  "8":56.03125
 },
 "round":{
  "0":3,
  "1":3,
  "2":9,
  "3":9,
  "4":12,
  "5":12,
  "6":13,
  "7":14,
  "8":17
 }
}