{
 "tick":{
  "0":7229,
  "1":21037,
  "2":22926,
  "3":31414,
  "4":34038,
  "5":39901,
  "6":42525,
  "7":64096,
  "8":69838,
  "9":80189,
  "10":89999,
  "11":92623,
  "12":98098,
  "13":117919,
  "14":120543,
  "15":143383,
  "16":146007,
  "17":153529,
  "18":159214,
  "19":166598
 },
 "event":{
  "0":"planted",
  "1":"planted",
  "2":"defused",
  "3":"planted",
  "4":"exploded",
  "5":"planted",
  "6":"exploded",
  "7":"planted",
  "8":"planted",
  "9":"planted",
  "10":"planted",
  "11":"exploded",
  "12":"planted",
  "13":"planted",
  "14":"exploded",
  "15":"planted",
  "16":"exploded",
  "17":"planted",
  "18":"planted",
  "19":"planted"
 },
 "site":{
  "0":"BombsiteA",
  "1":"BombsiteA",
  "2":"BombsiteA",
  "3":"BombsiteB",
  "4":"BombsiteB",
  "5":"BombsiteB",
  "6":"BombsiteB",
  "7":"BombsiteA",
  "8":"BombsiteA",
  "9":"BombsiteB",
  "10":"BombsiteA",
  "11":"BombsiteA",
  "12":"BombsiteA",
  "13":"BombsiteA",
  "14":"BombsiteA",
  "15":"BombsiteA",
  "16":"BombsiteA",
  "17":"BombsiteB",
  "18":"BombsiteA",
  "19":"BombsiteA"
 },
 "X":{
  "0":-492.8022460938,
  "1":-253.5249023438,
  "2":-197.4802856445,
  "3":-1892.8358154297,
  "4":-1892.8358154297,
  "5":-1987.0319824219,
  "6":-1987.0319824219,
  "7":-547.6232299805,
  "8":-262.8894042969,
  "9":-1969.03125,
  "10":-583.2608642578,
  "11":-583.2608642578,
  "12":-590.3612670898,
  "13":-592.7039794922,
  "14":-592.7039794922,
  "15":-297.4104003906,
  "16":-297.4104003906,
  "17":-2188.009765625,
  "18":-621.03125,
  "19":-476.0634765625
 },
 "Y":{
  "0":-2045.7430419922,
  "1":-2150.9069824219,
  "2":-2128.337890625,
  "3":242.0280914307,
  "4":242.0280914307,
  "5":431.5141906738,
  "6":431.5141906738,
  "7":-2176.2741699219,
  "8":-2157.8483886719,
  "9":450.03125,
  "10":-2209.5380859375,
  "11":-2209.5380859375,
  "12":-1981.8616943359,
  "13":-1982.251953125,
  "14":-1982.251953125,
  "15":-2162.5363769531,
  "16":-2162.5363769531,
  "17":322.9685058594,
  "18":-1986.9841308594,
  "19":-2044.7586669922
 },
 "Z":{
  "0":-179.96875,
  "1":-173.2001953125,
  "2":-167.96875,
  "3":-159.96875,
  "4":-159.96875,
  "5":-159.96875,
  "6":-159.96875,
  "7":-179.96875,
  "8":-172.9993896484,
  "9":-159.96875,
  "10":-179.96875,
  "11":-179.96875,
  "12":-179.96875,
  "13":-179.96875,
  "14":-179.96875,
  "15":-174.1169433594,
  "16":-174.1169433594,
  "17":-159.96875,
  "18":-179.96875,
  "19":-179.96875
 },
 "round":{
  "0":1,
  "1":3,
  "2":3,
  "3":4,
  "4":4,
  "5":5,
  "6":5,
  "7":8,
  "8":9,
  "9":10,
  "10":11,
  "11":11,
  "12":12,
  "13":15,
  "14":15,
  "15":18,
  "16":18,
  "17":19,
  "18":20,
  "19":21
 }
}