{
 "tick":{
  "0":6147,
  "1":22539,
  "2":30054,
  "3":32678,
  "4":46501,
  "5":47826,
  "6":63858,
  "7":66482,
  "8":86405,
  "9":89029,
  "10":106330
 },
 "event":{
  "0":"planted",
  "1":"planted",
  "2":"planted",
  "3":"exploded",
  "4":"planted",
  "5":"defused",
  "6":"planted",
  "7":"exploded",
  "8":"planted",
  "9":"exploded",
  "10":"planted"
 },
 "site":{
  "0":"BombsiteA",
  "1":"BombsiteB",
  "2":"BombsiteB",
  "3":"BombsiteB",
  "4":"BombsiteB",
  "5":"BombsiteB",
  "6":"BombsiteB",
  "7":"BombsiteB",
  "8":"BombsiteB",
  "9":"BombsiteB",
  "10":"BombsiteA"
 },
 "X":{
  "0":-2149.4357910156,
  "1":-1251.96875,
  "2":-1186.1561279297,
  "3":-1186.1561279297,
  "4":-1166.2299804688,
  "5":-1122.9975585938,
  "6":-1166.3018798828,
  "7":-1166.3018798828,
  "8":-1092.9111328125,
  "9":-1092.9111328125,
  "10":-2165.0949707031
 },
 "Y":{
  "0":570.2086181641,
  "1":5.0313639641,
  "2":33.4976501465,
  "3":33.4976501465,
  "4":-78.2944335938,
  "5":-119.0782470703,
  "6":-65.952331543,
  "7":-65.952331543,
  "8":-107.3225097656,
  "9":-107.3225097656,
  "10":565.7185058594
 },
 "Z":{
  "0":522.1294555664,
  "1":103.5312423706,
  "2":103.53125,
  "3":103.53125,
  "4":103.5462417603,
  "5":103.5312576294,
  "6":103.9711151123,
  "7":103.9711151123,
  "8":103.53125,
  "9":103.53125,
  "10":521.6947021484
 },
 "round":{
  "0":1,
  "1":3,
  "2":4,
  "3":4,
  "4":5,
  "5":5,
  "6":7,
  "7":7,
  "8":10,
  "9":10,
  "10":12
 }
}