{
 "tick":{
  "0":3849,
  "1":11840,
  "2":14464,
  "3":19363,
  "4":20900,
  "5":43222,
  "6":45253,
  "7":51992,
  "8":54616,
  "9":86865,
  "10":89340,
  "11":127975,
  "12":130599,
  "13":137263,
  "14":138911,
  "15":148374,
  "16":160235
 },
 "event":{
  "0":"planted",
  "1":"planted",
  "2":"exploded",
  "3":"planted",
  "4":"defused",
  "5":"planted",
  "6":"defused",
  "7":"planted",
  "8":"exploded",
  "9":"planted",
  "10":"defused",
  "11":"planted",
  "12":"exploded",
  "13":"planted",
  "14":"defused",
  "15":"planted",
  "16":"planted"
 },
 "site":{
  "0":"BombsiteB",
  "1":"BombsiteA",
  "2":"BombsiteA",
  "3":"BombsiteA",
  "4":"BombsiteA",
  "5":"BombsiteA",
  "6":"BombsiteA",
  "7":"BombsiteA",
  "8":"BombsiteA",
  "9":"BombsiteA",
  "10":"BombsiteA",
  "11":"BombsiteA",
  "12":"BombsiteA",
  "13":"BombsiteA",
  "14":"BombsiteA",
  "15":"BombsiteB",
  "16":"BombsiteB"
 },
 "X":{
  "0":804.9453125,
  "1":-1280.03125,
  "2":-1280.03125,
  "3":-1573.5167236328,
  "4":-1581.0615234375,
  "5":-1233.3277587891,
  "6":-1242.6571044922,
  "7":-1247.2807617188,
  "8":-1247.2807617188,
  "9":-1280.03125,
  "10":-1299.6066894531,
  "11":-1280.03125,
  "12":-1280.03125,
  "13":-1331.6072998047,
  "14":-1387.5159912109,
  "15":723.9686279297,
  "16":789.1020507812
 },
 "Y":{
  "0":4.9708275795,
  "1":793.9317626953,
  "2":793.9317626953,
  "3":699.1450195312,
  "4":760.3873901367,
  "5":729.8850097656,
  "6":669.8239746094,
  "7":726.3383178711,
  "8":726.3383178711,
  "9":793.9686279297,
  "10":736.5260620117,
  "11":781.1312255859,
  "12":781.1312255859,
  "13":715.6731567383,
  "14":742.0844116211,
  "15":42.0774040222,
  "16":4.9686894417
 },
 "Z":{
  "0":130.9011230469,
  "1":54.03125,
  "2":54.03125,
  "3":56.03125,
  "4":56.03125,
  "5":56.03125,
  "6":59.7489089966,
  "7":56.03125,
  "8":56.03125,
  "9":54.03125,
  "10":54.03125,
  "11":54.03125,
  "12":54.03125,
  "13":56.03125,
  "14":54.03125,
  "15":130.9011077881,
  "16":130.9011230469
 },
 "round":{
  "0":1,
  "1":2,
  "2":2,
  "3":3,
  "4":3,
  "5":5,
  "6":5,
  "7":6,
  "8":6,
  "9":11,
  "10":11,
  "11":15,
  "12":15,
  "13":16,
  "14":16,
  "15":17,
  "16":18
 }
}