{
 "tick":{
  "0":120832,
  "1":123456,
  "2":131383,
  "3":134007,
  "4":141531,
  "5":144155,
  "6":149874,
  "7":152498,
  "8":160735,
  "9":163359,
  "10":169757,
  "11":172381,
  "12":182627,
  "13":185251
 },
 "event":{
  "0":"planted",
  "1":"exploded",
  "2":"planted",
  "3":"exploded",
  "4":"planted",
  "5":"exploded",
  "6":"planted",
  "7":"exploded",
  "8":"planted",
  "9":"exploded",
  "10":"planted",
  "11":"exploded",
  "12":"planted",
  "13":"exploded"
 },
 "site":{
  "0":"BombsiteB",
  "1":"BombsiteB",
  "2":"BombsiteA",
  "3":"BombsiteA",
  "4":"BombsiteB",
  "5":"BombsiteB",
  "6":"BombsiteB",
  "7":"BombsiteB",
  "8":"BombsiteB",
  "9":"BombsiteB",
  "10":"BombsiteB",
  "11":"BombsiteB",
  "12":"BombsiteB",
  "13":"BombsiteB"
 },
 "X":{
  "0":176.4717559814,
  "1":176.4717559814,
  "2":1967.9611816406,
  "3":1967.9611816406,
  "4":545.196472168,
  "5":545.196472168,
  "6":575.5798950195,
  "7":575.5798950195,
  "8":545.475769043,
  "9":545.475769043,
  "10":545.5100097656,
  "11":545.5100097656,
  "12":548.6859130859,
  "13":548.6859130859
 },
 "Y":{
  "0":2782.5593261719,
  "1":2782.5593261719,
  "2":721.9686889648,
  "3":721.9686889648,
  "4":2930.1274414062,
  "5":2930.1274414062,
  "6":2872.3388671875,
  "7":2872.3388671875,
  "8":2951.0458984375,
  "9":2951.0458984375,
  "10":2951.6481933594,
  "11":2951.6481933594,
  "12":2970.26171875,
  "13":2970.26171875
 },
 "Z":{
  "0":164.03125,
  "1":164.03125,
  "2":160.03125,
  "3":160.03125,
  "4":161.5312347412,
  "5":161.5312347412,
  "6":168.0312347412,
  "7":168.0312347412,
  "8":161.5312347412,
  "9":161.5312347412,
  "10":161.5312347412,
  "11":161.5312347412,
  "12":161.5312347412,
  "13":161.5312347412
 },
 "round":{
  "0":6,
  "1":6,
  "2":7,
  "3":7,
  "4":8,
  "5":8,
  "6":9,
  "7":9,
  "8":10,
  "9":10,
  "10":11,
  "11":11,
  "12":12,
  "13":12
 }
}