{
 "tick":{
  "0":55662,
  "1":66954,
  "2":72891,
  "3":75515,
  "4":84447,
  "5":85493,
  "6":122012,
  "7":123214,
  "8":151358,
  "9":156858,
  "10":174154,
  "11":176778,
  "12":181821
 },
 "event":{
  "0":"planted",
  "1":"planted",
  "2":"planted",
  "3":"exploded",
  "4":"planted",
  "5":"defused",
  "6":"planted",
  "7":"defused",
  "8":"planted",
  "9":"planted",
  "10":"planted",
  "11":"exploded",
  "12":"planted"
 },
 "site":{
  "0":"BombsiteA",
  "1":"BombsiteB",
  "2":"BombsiteB",
  "3":"BombsiteB",
  "4":"BombsiteA",
  "5":"BombsiteA",
  "6":"BombsiteB",
  "7":"BombsiteB",
  "8":"BombsiteA",
  "9":"BombsiteA",
  "10":"BombsiteA",
  "11":"BombsiteA",
  "12":"BombsiteB"
 },
 "X":{
  "0":1235.96875,
  "1":-1366.0313720703,
  "2":-1684.1368408203,
  "3":-1684.1368408203,
  "4":1164.8255615234,
  "5":1159.8254394531,
  "6":-1684.0279541016,
  "7":-1687.7596435547,
  "8":1200.0335693359,
  "9":1089.8486328125,
  "10":993.5534057617,
  "11":993.5534057617,
  "12":-1684.0327148438
 },
 "Y":{
  "0":2561.0336914062,
  "1":2565.96875,
  "2":2550.6098632812,
  "3":2550.6098632812,
  "4":2558.2919921875,
  "5":2541.767578125,
  "6":2543.0888671875,
  "7":2491.4479980469,
  "8":2561.0432128906,
  "9":2494.5380859375,
  "10":2548.3720703125,
  "11":2548.3720703125,
  "12":2551.8251953125
 },
 "Z":{
  "0":99.6024246216,
  "1":4.6349859238,
  "2":7.1065402031,
  "3":7.1065402031,
  "4":96.3461761475,
  "5":95.9965057373,
  "6":7.4269886017,
  "7":9.9563646317,
  "8":97.3775939941,
  "9":96.0589370728,
  "10":96.5312423706,
  "11":96.5312423706,
  "12":7.0464396477
 },
 "round":{
  "0":2,
  "1":4,
  "2":5,
  "3":5,
  "4":6,
  "5":6,
  "6":11,
  "7":11,
  "8":14,
  "9":15,
  "10":17,
  "11":17,
  "12":18
 }
}