{
 "tick":{
  "0":2379,
  "1":9784,
  "2":26586,
  "3":29210,
  "4":51614,
  "5":68195,
  "6":70819,
  "7":95814,
  "8":102006,
  "9":120864,
  "10":121803,
  "11":137947,
  "12":140571,
  "13":149092,
  "14":157044
 },
 "event":{
  "0":"planted",
  "1":"planted",
  "2":"planted",
  "3":"exploded",
  "4":"planted",
  "5":"planted",
  "6":"exploded",
  "7":"planted",
  "8":"planted",
  "9":"planted",
  "10":"defused",
  "11":"planted",
  "12":"exploded",
  "13":"planted",
  "14":"planted"
 },
 "site":{
  "0":"BombsiteB",
  "1":"BombsiteB",
  "2":"BombsiteB",
  "3":"BombsiteB",
  "4":"BombsiteA",
  "5":"BombsiteB",
  "6":"BombsiteB",
  "7":"BombsiteA",
  "8":"BombsiteB",
  "9":"BombsiteB",
  "10":"BombsiteB",
  "11":"BombsiteA",
  "12":"BombsiteA",
  "13":"BombsiteB",
  "14":"BombsiteB"
 },
 "X":{
  "0":-1166.2602539062,
  "1":-1166.2531738281,
  "2":-948.5706176758,
  "3":-948.5706176758,
  "4":-2579.4562988281,
  "5":-1157.6903076172,
  "6":-1157.6903076172,
  "7":-2525.6108398438,
  "8":-1166.2835693359,
  "9":-1166.2416992188,
  "10":-1150.9564208984,
  "11":-2535.4055175781,
  "12":-2535.4055175781,
  "13":-990.9682006836,
  "14":-1166.3868408203
 },
 "Y":{
  "0":-77.7618408203,
  "1":-86.1752929688,
  "2":163.0846710205,
  "3":163.0846710205,
  "4":640.5096435547,
  "5":-71.0444946289,
  "6":-71.0444946289,
  "7":795.7790527344,
  "8":-81.044921875,
  "9":-95.8178710938,
  "10":-77.6852416992,
  "11":647.41796875,
  "12":647.41796875,
  "13":-101.516418457,
  "14":-93.1632080078
 },
 "Z":{
  "0":103.7251358032,
  "1":103.6832962036,
  "2":100.03125,
  "3":100.03125,
  "4":484.03125,
  "5":103.53125,
  "6":103.53125,
  "7":476.53125,
  "8":103.8628997803,
  "9":103.6154785156,
  "10":103.5312423706,
  "11":484.03125,
  "12":484.03125,
  "13":100.4577026367,
  "14":104.4731445312
 },
 "round":{
  "0":1,
  "1":2,
  "2":4,
  "3":4,
  "4":7,
  "5":9,
  "6":9,
  "7":13,
  "8":14,
  "9":16,
  "10":16,
  "11":18,
  "12":18,
  "13":19,
  "14":21
 }
}