{
 "tick":{
  "0":3040,
  "1":14545,
  "2":21164,
  "3":25602,
  "4":48178,
  "5":56612,
  "6":75914,
  "7":82807,
  "8":91913,
  "9":100503,
  "10":109712,
  "11":117722,
  "12":127687,
  "13":140562,
  "14":142042,
  "15":151927,
  "16":154416,
  "17":161542
 },
 "event":{
  "0":"planted",
  "1":"planted",
  "2":"planted",
  "3":"planted",
  "4":"planted",
  "5":"planted",
  "6":"planted",
  "7":"planted",
  "8":"planted",
  "9":"planted",
  "10":"planted",
  "11":"planted",
  "12":"planted",
  "13":"planted",
  "14":"defused",
  "15":"planted",
  "16":"defused",
  "17":"planted"
 },
 "site":{
  "0":"BombsiteB",
  "1":"BombsiteA",
  "2":"BombsiteA",
  "3":"BombsiteB",
  "4":"BombsiteB",
  "5":"BombsiteA",
  "6":"BombsiteB",
  "7":"BombsiteB",
  "8":"BombsiteA",
  "9":"BombsiteB",
  "10":"BombsiteA",
  "11":"BombsiteA",
  "12":"BombsiteA",
  "13":"BombsiteA",
  "14":"BombsiteA",
  "15":"BombsiteA",
  "16":"BombsiteA",
  "17":"BombsiteA"
 },
 "X":{
  "0":-2216.03125,
  "1":-356.2075195312,
  "2":-299.9739990234,
  "3":-2216.03125,
  "4":-2331.3742675781,
  "5":-347.2817382812,
  "6":-2237.3579101562,
  "7":-2276.0173339844,
  "8":-347.03125,
  "9":-2216.0283203125,
  "10":-299.3060913086,
  "11":-349.6850585938,
  "12":-296.4614257812,
  "13":-406.0135498047,
  "14":-467.0632324219,
  "15":-114.0313720703,
  "16":-114.0313720703,
  "17":-364.7878417969
 },
 "Y":{
  "0":875.3773803711,
  "1":-684.8560791016,
  "2":-713.0317382812,
  "3":879.1785888672,
  "4":888.7624511719,
  "5":-682.8724975586,
  "6":879.2994995117,
  "7":650.8423461914,
  "8":-682.8167114258,
  "9":875.544921875,
  "10":-713.03125,
  "11":-683.4066162109,
  "12":-713.0317382812,
  "13":-697.3133544922,
  "14":-698.1127929688,
  "15":-540.03125,
  "16":-600.8247070312,
  "17":-686.7614746094
 },
 "Z":{
  "0":11744.03125,
  "1":11774.388671875,
  "2":11776.03125,
  "3":11744.03125,
  "4":11744.03125,
  "5":11774.140625,
  "6":11744.03125,
  "7":11744.03125,
  "8":11774.1337890625,
  "9":11744.03125,
  "10":11776.03125,
  "11":11774.20703125,
  "12":11776.03125,
  "13":11775.9453125,
  "14":11776.03125,
  "15":11776.03125,
  "16":11776.03125,
  "17":11774.626953125
 },
 "round":{
  "0":1,
  "1":3,
  "2":4,
  "3":5,
  "4":8,
  "5":9,
  "6":13,
  "7":14,
  "8":15,
  "9":16,
  "10":18,
  "11":19,
  "12":20,
  "13":22,
  "14":22,
  "15":23,
  "16":23,
  "17":24
 }
}