{
 "tick":{
  "0":45529,
  "1":46896,
  "2":51124,
  "3":53748,
  "4":64834,
  "5":70167,
  "6":72791,
  "7":93019,
  "8":100432,
  "9":103056,
  "10":109610,
  "11":112234,
  "12":119165,
  "13":121789,
  "14":138306,
  "15":140930,
  "16":147572,
  "17":149383
 },
 "event":{
  "0":"planted",
  "1":"defused",
  "2":"planted",
  "3":"exploded",
  "4":"planted",
  "5":"planted",
  "6":"exploded",
  "7":"planted",
  "8":"planted",
  "9":"exploded",
  "10":"planted",
  "11":"exploded",
  "12":"planted",
  "13":"exploded",
  "14":"planted",
  "15":"exploded",
  "16":"planted",
  "17":"defused"
 },
 "site":{
  "0":"BombsiteB",
  "1":"BombsiteB",
  "2":"BombsiteA",
  "3":"BombsiteA",
  "4":"BombsiteB",
  "5":"BombsiteA",
  "6":"BombsiteA",
  "7":"BombsiteB",
  "8":"BombsiteA",
  "9":"BombsiteA",
  "10":"BombsiteB",
  "11":"BombsiteB",
  "12":"BombsiteB",
  "13":"BombsiteB",
  "14":"BombsiteA",
  "15":"BombsiteA",
  "16":"BombsiteB",
  "17":"BombsiteB"
 },
 "X":{
  "0":-1969.0313720703,
  "1":-1954.7895507812,
  "2":-493.90625,
  "3":-493.90625,
  "4":-1894.9783935547,
  "5":-250.4226074219,
  "6":-250.4226074219,
  "7":-1920.8835449219,
  "8":-476.8745117188,
  "9":-476.8745117188,
  "10":-1969.03125,
  "11":-1969.03125,
  "12":-1878.4622802734,
  "13":-1878.4622802734,
  "14":-436.3872680664,
  "15":-436.3872680664,
  "16":-1969.0313720703,
  "17":-1983.5627441406
 },
 "Y":{
  "0":450.03125,
  "1":509.0915527344,
  "2":-2006.513671875,
  "3":-2006.513671875,
  "4":304.935546875,
  "5":-2192.1015625,
  "6":-2192.1015625,
  "7":242.0316619873,
  "8":-2008.9036865234,
  "9":-2008.9036865234,
  "10":450.0312805176,
  "11":450.0312805176,
  "12":242.4627990723,
  "13":242.4627990723,
  "14":-1989.9028320312,
  "15":-1989.9028320312,
  "16":450.03125,
  "17":503.326965332
 },
 "Z":{
  "0":-159.96875,
  "1":-167.96875,
  "2":-179.96875,
  "3":-179.96875,
  "4":-159.96875,
  "5":-169.4005737305,
  "6":-169.4005737305,
  "7":-159.96875,
  "8":-179.96875,
  "9":-179.96875,
  "10":-159.96875,
  "11":-159.96875,
  "12":-159.96875,
  "13":-159.96875,
  "14":-179.96875,
  "15":-179.96875,
  "16":-159.96875,
  "17":-167.7995605469
 },
 "round":{
  "0":7,
  "1":7,
  "2":8,
  "3":8,
  "4":10,
  "5":11,
  "6":11,
  "7":14,
  "8":15,
  "9":15,
  "10":16,
  "11":16,
  "12":17,
  "13":17,
  "14":19,
  "15":19,
  "16":20,
  "17":20
 }
}