{
 "tick":{
  "0":4264,
  "1":8244,
  "2":10868,
  "3":23184,
  "4":23791,
  "5":62287,
  "6":64607,
  "7":77276,
  "8":95457,
  "9":100204,
  "10":107320
 },
 "event":{
  "0":"planted",
  "1":"planted",
  "2":"exploded",
  "3":"planted",
  "4":"defused",
  "5":"planted",
  "6":"defused",
  "7":"planted",
  "8":"planted",
  "9":"planted",
  "10":"planted"
 },
 "site":{
  "0":"BombsiteA",
  "1":"BombsiteA",
  "2":"BombsiteA",
  "3":"BombsiteB",
  "4":"BombsiteB",
  "5":"BombsiteA",
  "6":"BombsiteA",
  "7":"BombsiteB",
  "8":"BombsiteB",
  "9":"BombsiteB",
  "10":"BombsiteB"
 },
 "X":{
  "0":-1206.6925048828,
  "1":-1560.2836914062,
  "2":-1560.2836914062,
  "3":787.6661376953,
  "4":816.8305053711,
  "5":-1280.03125,
  "6":-1339.4497070312,
  "7":817.431640625,
  "8":935.2950439453,
  "9":869.0327758789,
  "10":774.2518920898
 },
 "Y":{
  "0":902.4169311523,
  "1":706.868347168,
  "2":706.868347168,
  "3":4.9682049751,
  "4":1.152744174,
  "5":793.96875,
  "6":781.3558349609,
  "7":4.9696154594,
  "8":72.0955429077,
  "9":73.7408676147,
  "10":152.0329284668
 },
 "Z":{
  "0":61.8041191101,
  "1":56.03125,
  "2":56.03125,
  "3":130.9011230469,
  "4":130.9011230469,
  "5":54.03125,
  "6":54.03125,
  "7":130.9011230469,
  "8":130.9011077881,
  "9":130.9011077881,
  "10":130.03125
 },
 "round":{
  "0":1,
  "1":2,
  "2":2,
  "3":4,
  "4":4,
  "5":10,
  "6":10,
  "7":12,
  "8":13,
  "9":14,
  "10":15
 }
}