{
 "tick":{
  "0":13484,
  "1":22257,
  "2":27423,
  "3":30047,
  "4":36105,
  "5":56607,
  "6":59231,
  "7":66676,
  "8":67487,
  "9":103262
 },
 "event":{
  "0":"planted",
  "1":"planted",
  "2":"planted",
  "3":"exploded",
  "4":"planted",
  "5":"planted",
  "6":"exploded",
  "7":"planted",
  "8":"defused",
  "9":"planted"
 },
 "site":{
  "0":"BombsiteA",
  "1":"BombsiteA",
  "2":"BombsiteA",
  "3":"BombsiteA",
  "4":"BombsiteA",
  "5":"BombsiteB",
  "6":"BombsiteB",
  "7":"BombsiteA",
  "8":"BombsiteA",
  "9":"BombsiteB"
 },
 "X":{
  "0":777.6657104492,
  "1":533.8261108398,
  "2":661.5234375,
  "3":661.5234375,
  "4":779.3050537109,
  "5":719.0112915039,
  "6":719.0112915039,
  "7":766.6756591797,
  "8":706.893737793,
  "9":728.9299316406
 },
 "Y":{
  "0":-604.5020751953,
  "1":-666.71484375,
  "2":-767.4748535156,
  "3":-767.4748535156,
  "4":-605.3292236328,
  "5":-1149.6595458984,
  "6":-1149.6595458984,
  "7":-605.9682617188,
  "8":-590.3417358398,
  "9":-1145.3566894531
 },
 "Z":{
  "0":-399.9683837891,
  "1":-399.96875,
  "2":-399.96875,
  "3":-399.96875,
  "4":-399.9683837891,
  "5":-752.84375,
  "6":-752.84375,
  "7":-399.9682617188,
  "8":-399.9685058594,
  "9":-768.96875
 },
 "round":{
  "0":3,
  "1":4,
  "2":5,
  "3":5,
  "4":6,
  "5":8,
  "6":8,
  "7":9,
  "8":9,
  "9":13
 }
}