{
 "tick":{
  "0":4008,
  "1":17107,
  "2":33550,
  "3":35161,
  "4":39735,
  "5":42359,
  "6":50674,
  "7":51754,
  "8":71967,
  "9":87650,
  "10":88840,
  "11":106097,
  "12":116398,
  "13":118648,
  "14":127222,
  "15":129846,
  "16":138697,
  "17":140141,
  "18":149092,
  "19":154829,
  "20":176906
 },
 "event":{
  "0":"planted",
  "1":"planted",
  "2":"planted",
  "3":"defused",
  "4":"planted",
  "5":"exploded",
  "6":"planted",
  "7":"defused",
  "8":"planted",
  "9":"planted",
  "10":"defused",
  "11":"planted",
  "12":"planted",
  "13":"defused",
  "14":"planted",
  "15":"exploded",
  "16":"planted",
  "17":"defused",
  "18":"planted",
  "19":"planted",
  "20":"planted"
 },
 "site":{
  "0":"BombsiteA",
  "1":"BombsiteA",
  "2":"BombsiteA",
  "3":"BombsiteA",
  "4":"BombsiteB",
  "5":"BombsiteB",
  "6":"BombsiteB",
  "7":"BombsiteB",
  "8":"BombsiteA",
  "9":"BombsiteA",
  "10":"BombsiteA",
  "11":"BombsiteB",
  "12":"BombsiteA",
  "13":"BombsiteA",
  "14":"BombsiteB",
  "15":"BombsiteB",
  "16":"BombsiteA",
  "17":"BombsiteA",
  "18":"BombsiteB",
  "19":"BombsiteB",
  "20":"BombsiteA"
 },
 "X":{
  "0":1275.2041015625,
  "1":1310.2004394531,
  "2":1142.7950439453,
  "3":1197.4437255859,
  "4":-1136.03125,
  "5":-1136.03125,
  "6":-1136.0313720703,
  "7":-1140.3270263672,
  "8":997.8488769531,
  "9":1093.5721435547,
  "10":1106.0764160156,
  "11":-1051.7642822266,
  "12":1269.9113769531,
  "13":1221.3643798828,
  "14":-1044.9020996094,
  "15":-1044.9020996094,
  "16":1122.044921875,
  "17":1086.0268554688,
  "18":-1071.5305175781,
  "19":-1081.19921875,
  "20":1270.2645263672
 },
 "Y":{
  "0":1958.5845947266,
  "1":1886.0794677734,
  "2":1751.4632568359,
  "3":1775.5432128906,
  "4":699.96875,
  "5":699.96875,
  "6":658.7675170898,
  "7":598.0103149414,
  "8":1744.0573730469,
  "9":1938.33203125,
  "10":1975.7978515625,
  "11":599.9686889648,
  "12":1842.0220947266,
  "13":1804.3721923828,
  "14":599.9686279297,
  "15":599.9686279297,
  "16":1981.9527587891,
  "17":1934.7919921875,
  "18":599.9718017578,
  "19":776.030090332,
  "20":1967.416015625
 },
 "Z":{
  "0":-191.96875,
  "1":-191.96875,
  "2":-191.96875,
  "3":-191.96875,
  "4":-1.96875,
  "5":-1.96875,
  "6":-1.96875,
  "7":-1.96875,
  "8":-191.96875,
  "9":-191.96875,
  "10":-191.96875,
  "11":-1.96875,
  "12":-186.9564208984,
  "13":-191.96875,
  "14":-1.96875,
  "15":-1.96875,
  "16":-191.96875,
  "17":-191.96875,
  "18":-1.96875,
  "19":-1.96875,
  "20":-191.96875
 },
 "round":{
  "0":1,
  "1":3,
  "2":5,
  "3":5,
  "4":6,
  "5":6,
  "6":7,
  "7":7,
  "8":10,
  "9":12,
  "10":12,
  "11":13,
  "12":15,
  "13":15,
  "14":16,
  "15":16,
  "16":17,
  "17":17,
  "18":18,
  "19":19,
  "20":22
 }
}