{
 "tick":{
  "0":2853,
  "1":5477,
  "2":14238,
  "3":15252,
  "4":41680,
  "5":48559,
  "6":51183,
  "7":66748,
  "8":68085,
  "9":76147,
  "10":91446,
  "11":94070,
  "12":98891,
  "13":106642,
  "14":115955,
  "15":118579
 },
 "event":{
  "0":"planted",
  "1":"exploded",
  "2":"planted",
  "3":"defused",
  "4":"planted",
  "5":"planted",
  "6":"exploded",
  "7":"planted",
  "8":"defused",
  "9":"planted",
  "10":"planted",
  "11":"exploded",
  "12":"planted",
  "13":"planted",
  "14":"planted",
  "15":"exploded"
 },
 "site":{
  "0":"BombsiteB",
  "1":"BombsiteB",
  "2":"BombsiteB",
  "3":"BombsiteB",
  "4":"BombsiteA",
  "5":"BombsiteB",
  "6":"BombsiteB",
  "7":"BombsiteA",
  "8":"BombsiteA",
  "9":"BombsiteB",
  "10":"BombsiteA",
  "11":"BombsiteA",
  "12":"BombsiteB",
  "13":"BombsiteB",
  "14":"BombsiteB",
  "15":"BombsiteB"
 },
 "X":{
  "0":637.9904785156,
  "1":637.9904785156,
  "2":343.5012817383,
  "3":343.5732421875,
  "4":703.5391845703,
  "5":340.0313110352,
  "6":340.0313110352,
  "7":715.1550292969,
  "8":657.6000976562,
  "9":511.6822509766,
  "10":845.6247558594,
  "11":845.6247558594,
  "12":365.2220153809,
  "13":789.6930541992,
  "14":648.9028930664,
  "15":648.9028930664
 },
 "Y":{
  "0":-1282.8712158203,
  "1":-1282.8712158203,
  "2":-1073.1768798828,
  "3":-1045.0887451172,
  "4":-605.6875610352,
  "5":-701.4354248047,
  "6":-701.4354248047,
  "7":-608.4917602539,
  "8":-591.655456543,
  "9":-747.4215087891,
  "10":-504.0023193359,
  "11":-504.0023193359,
  "12":-717.825378418,
  "13":-1165.7965087891,
  "14":-1315.1636962891,
  "15":-1315.1636962891
 },
 "Z":{
  "0":-769.96875,
  "1":-769.96875,
  "2":-765.96875,
  "3":-771.96875,
  "4":-399.9686279297,
  "5":-765.96875,
  "6":-765.96875,
  "7":-399.9683837891,
  "8":-415.96875,
  "9":-771.96875,
  "10":-411.0706787109,
  "11":-411.0706787109,
  "12":-765.96875,
  "13":-768.96875,
  "14":-765.96875,
  "15":-765.96875
 },
 "round":{
  "0":1,
  "1":1,
  "2":2,
  "3":2,
  "4":7,
  "5":8,
  "6":8,
  "7":10,
  "8":10,
  "9":11,
  "10":13,
  "11":13,
  "12":14,
  "13":15,
  "14":16,
  "15":16
 }
}