{
 "tick":{
  "0":20688,
  "1":23312,
  "2":41148,
  "3":45424,
  "4":48048,
  "5":55529,
  "6":58153,
  "7":63629,
  "8":71191,
  "9":88435,
  "10":106451,
  "11":109075,
  "12":142998,
  "13":144461
 },
 "event":{
  "0":"planted",
  "1":"exploded",
  "2":"planted",
  "3":"planted",
  "4":"exploded",
  "5":"planted",
  "6":"exploded",
  "7":"planted",
  "8":"planted",
  "9":"planted",
  "10":"planted",
  "11":"exploded",
  "12":"planted",
  "13":"defused"
 },
 "site":{
  "0":"BombsiteA",
  "1":"BombsiteA",
  "2":"BombsiteA",
  "3":"BombsiteA",
  "4":"BombsiteA",
  "5":"BombsiteA",
  "6":"BombsiteA",
  "7":"BombsiteA",
  "8":"BombsiteB",
  "9":"BombsiteB",
  "10":"BombsiteA",
  "11":"BombsiteA",
  "12":"BombsiteB",
  "13":"BombsiteB"
 },
 "X":{
  "0":-279.7782592773,
  "1":-279.7782592773,
  "2":-500.1091308594,
  "3":-497.8970336914,
  "4":-497.8970336914,
  "5":-307.6395263672,
  "6":-307.6395263672,
  "7":-453.275390625,
  "8":-1969.03125,
  "9":-1969.0474853516,
  "10":-253.9685668945,
  "11":-253.9685668945,
  "12":-1876.4614257812,
  "13":-1918.1837158203
 },
 "Y":{
  "0":-2160.4553222656,
  "1":-2160.4553222656,
  "2":-1988.3598632812,
  "3":-1997.0166015625,
  "4":-1997.0166015625,
  "5":-2170.8264160156,
  "6":-2170.8264160156,
  "7":-2021.9501953125,
  "8":450.03125,
  "9":450.0314941406,
  "10":-2135.5625,
  "11":-2135.5625,
  "12":242.0313720703,
  "13":285.5162658691
 },
 "Z":{
  "0":-173.5182495117,
  "1":-173.5182495117,
  "2":-179.96875,
  "3":-179.96875,
  "4":-179.96875,
  "5":-173.8346557617,
  "6":-173.8346557617,
  "7":-179.96875,
  "8":-159.96875,
  "9":-159.96875,
  "10":-173.0130615234,
  "11":-173.0130615234,
  "12":-159.96875,
  "13":-159.96875
 },
 "round":{
  "0":4,
  "1":4,
  "2":6,
  "3":7,
  "4":7,
  "5":9,
  "6":9,
  "7":10,
  "8":11,
  "9":13,
  "10":16,
  "11":16,
  "12":20,
  "13":20
 }
}