{
 "tick":{
  "0":59010,
  "1":61634,
  "2":67045,
  "3":81503,
  "4":82817,
  "5":96545,
  "6":103972,
  "7":106596,
  "8":126921,
  "9":129545,
  "10":136874,
  "11":147700,
  "12":150080,
  "13":156178
 },
 "event":{
  "0":"planted",
  "1":"exploded",
  "2":"planted",
  "3":"planted",
  "4":"defused",
  "5":"planted",
  "6":"planted",
  "7":"exploded",
  "8":"planted",
  "9":"exploded",
  "10":"planted",
  "11":"planted",
  "12":"defused",
  "13":"planted"
 },
 "site":{
  "0":"BombsiteB",
  "1":"BombsiteB",
  "2":"BombsiteA",
  "3":"BombsiteA",
  "4":"BombsiteA",
  "5":"BombsiteB",
  "6":"BombsiteA",
  "7":"BombsiteA",
  "8":"BombsiteA",
  "9":"BombsiteA",
  "10":"BombsiteB",
  "11":"BombsiteB",
  "12":"BombsiteB",
  "13":"BombsiteB"
 },
 "X":{
  "0":545.0622558594,
  "1":545.0622558594,
  "2":1890.2456054688,
  "3":1845.3212890625,
  "4":1895.5814208984,
  "5":498.9686279297,
  "6":2082.9543457031,
  "7":2082.9543457031,
  "8":2077.4990234375,
  "9":2077.4990234375,
  "10":545.1610107422,
  "11":546.6392211914,
  "12":496.3381958008,
  "13":542.0829467773
 },
 "Y":{
  "0":2928.318359375,
  "1":2928.318359375,
  "2":366.3857116699,
  "3":332.3554077148,
  "4":296.5858459473,
  "5":2539.6967773438,
  "6":183.4467315674,
  "7":183.4467315674,
  "8":178.6230926514,
  "9":178.6230926514,
  "10":2929.7121582031,
  "11":2946.712890625,
  "12":2913.2202148438,
  "13":2970.5822753906
 },
 "Z":{
  "0":161.5312347412,
  "1":161.5312347412,
  "2":161.0312042236,
  "3":161.0312042236,
  "4":161.0312042236,
  "5":166.03125,
  "6":160.03125,
  "7":160.03125,
  "8":160.03125,
  "9":160.03125,
  "10":161.5312347412,
  "11":161.5312347412,
  "12":161.5312347412,
  "13":161.5312347412
 },
 "round":{
  "0":8,
  "1":8,
  "2":9,
  "3":11,
  "4":11,
  "5":13,
  "6":14,
  "7":14,
  "8":17,
  "9":17,
  "10":18,
  "11":20,
  "12":20,
  "13":21
 }
}