{
 "tick":{
  "0":3503,
  "1":5624,
  "2":10043,
  "3":34490,
  "4":55464,
  "5":58088,
  "6":65866,
  "7":69589,
  "8":72213,
  "9":75589,
  "10":78213,
  "11":131243,
  "12":136503,
  "13":160812,
  "14":163002
 },
 "event":{
  "0":"planted",
  "1":"defused",
  "2":"planted",
  "3":"planted",
  "4":"planted",
  "5":"exploded",
  "6":"planted",
  "7":"planted",
  "8":"exploded",
  "9":"planted",
  "10":"exploded",
  "11":"planted",
  "12":"planted",
  "13":"planted",
  "14":"defused"
 },
 "site":{
  "0":"BombsiteA",
  "1":"BombsiteA",
  "2":"BombsiteB",
  "3":"BombsiteB",
  "4":"BombsiteA",
  "5":"BombsiteA",
  "6":"BombsiteA",
  "7":"BombsiteA",
  "8":"BombsiteA",
  "9":"BombsiteA",
  "10":"BombsiteA",
  "11":"BombsiteA",
  "12":"BombsiteA",
  "13":"BombsiteB",
  "14":"BombsiteB"
 },
 "X":{
  "0":848.0514526367,
  "1":789.2127075195,
  "2":442.2890930176,
  "3":446.2609558105,
  "4":851.0722045898,
  "5":851.0722045898,
  "6":644.0173950195,
  "7":570.5170898438,
  "8":570.5170898438,
  "9":799.0214233398,
  "10":799.0214233398,
  "11":822.9091186523,
  "12":539.7678222656,
  "13":460.0037231445,
  "14":417.1942749023
 },
 "Y":{
  "0":-624.1398925781,
  "1":-606.2030029297,
  "2":-691.4943237305,
  "3":-1311.6683349609,
  "4":-665.020690918,
  "5":-665.020690918,
  "6":-850.4361572266,
  "7":-771.6119995117,
  "8":-771.6119995117,
  "9":-601.8439941406,
  "10":-601.8439941406,
  "11":-602.4794921875,
  "12":-923.0596313477,
  "13":-1187.3548583984,
  "14":-1228.9079589844
 },
 "Z":{
  "0":-399.9682617188,
  "1":-399.9683227539,
  "2":-765.96875,
  "3":-765.96875,
  "4":-399.9682617188,
  "5":-399.9682617188,
  "6":-415.96875,
  "7":-399.96875,
  "8":-399.96875,
  "9":-399.9682617188,
  "10":-399.9682617188,
  "11":-399.9682617188,
  "12":-407.9479980469,
  "13":-765.96875,
  "14":-767.96875
 },
 "round":{
  "0":1,
  "1":1,
  "2":2,
  "3":6,
  "4":8,
  "5":8,
  "6":9,
  "7":10,
  "8":10,
  "9":11,
  "10":11,
  "11":17,
  "12":18,
  "13":22,
  "14":22
 }
}