{
 "tick":{
  "0":3617,
  "1":6241,
  "2":10390,
  "3":38218,
  "4":40842,
  "5":47356,
  "6":49980,
  "7":67592,
  "8":70216,
  "9":84981,
  "10":85973,
  "11":106543,
  "12":111257,
  "13":123533,
  "14":126157,
  "15":133786,
  "16":136410,
  "17":142490
 },
 "event":{
  "0":"planted",
  "1":"exploded",
  "2":"planted",
  "3":"planted",
  "4":"exploded",
  "5":"planted",
  "6":"exploded",
  "7":"planted",
  "8":"exploded",
  "9":"planted",
  "10":"defused",
  "11":"planted",
  "12":"planted",
  "13":"planted",
  "14":"exploded",
  "15":"planted",
  "16":"exploded",
  "17":"planted"
 },
 "site":{
  "0":"BombsiteB",
  "1":"BombsiteB",
  "2":"BombsiteB",
  "3":"BombsiteA",
  "4":"BombsiteA",
  "5":"BombsiteA",
  "6":"BombsiteA",
  "7":"BombsiteA",
  "8":"BombsiteA",
  "9":"BombsiteA",
  "10":"BombsiteA",
  "11":"BombsiteA",
  "12":"BombsiteA",
  "13":"BombsiteA",
  "14":"BombsiteA",
  "15":"BombsiteB",
  "16":"BombsiteB",
  "17":"BombsiteB"
 },
 "X":{
  "0":-1987.0319824219,
  "1":-1987.0319824219,
  "2":-1891.1541748047,
  "3":-253.9690551758,
  "4":-253.9690551758,
  "5":-264.7468261719,
  "6":-264.7468261719,
  "7":-487.0374145508,
  "8":-487.0374145508,
  "9":-594.4898681641,
  "10":-537.5169677734,
  "11":-253.9708862305,
  "12":-453.5064697266,
  "13":-497.9512939453,
  "14":-497.9512939453,
  "15":-1907.451171875,
  "16":-1907.451171875,
  "17":-1987.8958740234
 },
 "Y":{
  "0":401.5120239258,
  "1":401.5120239258,
  "2":242.1991729736,
  "3":-2138.3486328125,
  "4":-2138.3486328125,
  "5":-2211.5607910156,
  "6":-2211.5607910156,
  "7":-2003.1450195312,
  "8":-2003.1450195312,
  "9":-2277.8186035156,
  "10":-2264.5151367188,
  "11":-2146.1611328125,
  "12":-1987.0302734375,
  "13":-1999.46875,
  "14":-1999.46875,
  "15":242.0317687988,
  "16":242.0317687988,
  "17":410.0746765137
 },
 "Z":{
  "0":-159.96875,
  "1":-159.96875,
  "2":-159.96875,
  "3":-173.1369018555,
  "4":-173.1369018555,
  "5":-168.3074951172,
  "6":-168.3074951172,
  "7":-179.96875,
  "8":-179.96875,
  "9":-177.0731811523,
  "10":-175.7235717773,
  "11":-173.4842529297,
  "12":-179.96875,
  "13":-179.96875,
  "14":-179.96875,
  "15":-159.96875,
  "16":-159.96875,
  "17":-159.96875
 },
 "round":{
  "0":1,
  "1":1,
  "2":2,
  "3":5,
  "4":5,
  "5":6,
  "6":6,
  "7":9,
  "8":9,
  "9":11,
  "10":11,
  "11":13,
  "12":14,
  "13":16,
  "14":16,
  "15":17,
  "16":17,
  "17":18
 }
}