{
 "tick":{
  "0":5250,
  "1":6176,
  "2":14336,
  "3":22847,
  "4":24190,
  "5":30136,
  "6":32004,
  "7":64999,
  "8":66802,
  "9":73288,
  "10":75912,
  "11":86191,
  "12":98468,
  "13":106907,
  "14":109531,
  "15":116737,
  "16":119361,
  "17":128284
 },
 "event":{
  "0":"planted",
  "1":"defused",
  "2":"planted",
  "3":"planted",
  "4":"defused",
  "5":"planted",
  "6":"defused",
  "7":"planted",
  "8":"defused",
  "9":"planted",
  "10":"exploded",
  "11":"planted",
  "12":"planted",
  "13":"planted",
  "14":"exploded",
  "15":"planted",
  "16":"exploded",
  "17":"planted"
 },
 "site":{
  "0":"BombsiteB",
  "1":"BombsiteB",
  "2":"BombsiteA",
  "3":"BombsiteB",
  "4":"BombsiteB",
  "5":"BombsiteB",
  "6":"BombsiteB",
  "7":"BombsiteA",
  "8":"BombsiteA",
  "9":"BombsiteB",
  "10":"BombsiteB",
  "11":"BombsiteB",
  "12":"BombsiteB",
  "13":"BombsiteA",
  "14":"BombsiteA",
  "15":"BombsiteB",
  "16":"BombsiteB",
  "17":"BombsiteA"
 },
 "X":{
  "0":803.9901123047,
  "1":753.7876586914,
  "2":-1279.9974365234,
  "3":869.0313110352,
  "4":926.0357055664,
  "5":869.0314331055,
  "6":926.5064086914,
  "7":-1278.2686767578,
  "8":-1272.8571777344,
  "9":797.1248779297,
  "10":797.1248779297,
  "11":811.1178588867,
  "12":785.1586303711,
  "13":-1566.0212402344,
  "14":-1566.0212402344,
  "15":1060.4822998047,
  "16":1060.4822998047,
  "17":-1331.4932861328
 },
 "Y":{
  "0":4.9682879448,
  "1":5.8450527191,
  "2":728.5148925781,
  "3":82.96875,
  "4":67.6410980225,
  "5":64.5544052124,
  "6":80.672164917,
  "7":710.6528320312,
  "8":650.106262207,
  "9":4.9716157913,
  "10":4.9716157913,
  "11":4.9686999321,
  "12":4.9683160782,
  "13":708.5405273438,
  "14":708.5405273438,
  "15":-72.4399414062,
  "16":-72.4399414062,
  "17":728.0982055664
 },
 "Z":{
  "0":130.9011230469,
  "1":130.9011535645,
  "2":56.03125,
  "3":130.9011077881,
  "4":130.9011077881,
  "5":130.9011077881,
  "6":130.9011077881,
  "7":56.03125,
  "8":66.3638916016,
  "9":130.9011230469,
  "10":130.9011230469,
  "11":130.9011230469,
  "12":130.9011230469,
  "13":56.03125,
  "14":56.03125,
  "15":134.03125,
  "16":134.03125,
  "17":56.03125
 },
 "round":{
  "0":1,
  "1":1,
  "2":2,
  "3":3,
  "4":3,
  "5":4,
  "6":4,
  "7":9,
  "8":9,
  "9":10,
  "10":10,
  "11":12,
  "12":13,
  "13":14,
  "14":14,
  "15":15,
  "16":15,
  "17":16
 }
}