{
 "tick":{
  "0":3802,
  "1":15927,
  "2":18551,
  "3":38365,
  "4":44987,
  "5":47611,
  "6":60316,
  "7":62940,
  "8":71873,
  "9":74248,
  "10":88494,
  "11":95283,
  "12":100736,
  "13":108162,
  "14":109837
 },
 "event":{
  "0":"planted",
  "1":"planted",
  "2":"exploded",
  "3":"planted",
  "4":"planted",
  "5":"exploded",
  "6":"planted",
  "7":"exploded",
  "8":"planted",
  "9":"defused",
  "10":"planted",
  "11":"planted",
  "12":"planted",
  "13":"planted",
  "14":"defused"
 },
 "site":{
  "0":"BombsiteB",
  "1":"BombsiteA",
  "2":"BombsiteA",
  "3":"BombsiteA",
  "4":"BombsiteB",
  "5":"BombsiteB",
  "6":"BombsiteB",
  "7":"BombsiteB",
  "8":"BombsiteA",
  "9":"BombsiteA",
  "10":"BombsiteA",
  "11":"BombsiteB",
  "12":"BombsiteB",
  "13":"BombsiteA",
  "14":"BombsiteA"
 },
 "X":{
  "0":869.0316162109,
  "1":-1249.1241455078,
  "2":-1249.1241455078,
  "3":-1241.8188476562,
  "4":1111.0770263672,
  "5":1111.0770263672,
  "6":803.0085449219,
  "7":803.0085449219,
  "8":-1571.6420898438,
  "9":-1513.9405517578,
  "10":-1251.4309082031,
  "11":869.0313110352,
  "12":808.5549926758,
  "13":-1237.5651855469,
  "14":-1177.8258056641
 },
 "Y":{
  "0":59.8814086914,
  "1":729.4332885742,
  "2":729.4332885742,
  "3":729.9685668945,
  "4":56.6447029114,
  "5":56.6447029114,
  "6":4.968266964,
  "7":4.968266964,
  "8":698.1947021484,
  "9":675.9503173828,
  "10":729.9686889648,
  "11":82.96875,
  "12":4.9668240547,
  "13":707.2404174805,
  "14":709.6961669922
 },
 "Z":{
  "0":130.9011077881,
  "1":56.03125,
  "2":56.03125,
  "3":56.03125,
  "4":134.03125,
  "5":134.03125,
  "6":130.9011230469,
  "7":130.9011230469,
  "8":56.03125,
  "9":57.7725524902,
  "10":56.03125,
  "11":130.9011077881,
  "12":130.9011230469,
  "13":56.03125,
  "14":52.2602233887
 },
 "round":{
  "0":1,
  "1":3,
  "2":3,
  "3":5,
  "4":6,
  "5":6,
  "6":8,
  "7":8,
  "8":10,
  "9":10,
  "10":12,
  "11":13,
  "12":14,
  "13":15,
  "14":15
 }
}