{
 "tick":{
  "0":13424,
  "1":16048,
  "2":20468,
  "3":23092,
  "4":43885,
  "5":46053,
  "6":71403,
  "7":73689,
  "8":78705,
  "9":81329,
  "10":98335,
  "11":104810,
  "12":107051,
  "13":125653,
  "14":127785,
  "15":151683,
  "16":153824,
  "17":161969,
  "18":163913
 },
 "event":{
  "0":"planted",
  "1":"exploded",
  "2":"planted",
  "3":"exploded",
  "4":"planted",
  "5":"defused",
  "6":"planted",
  "7":"defused",
  "8":"planted",
  "9":"exploded",
  "10":"planted",
  "11":"planted",
  "12":"defused",
  "13":"planted",
  "14":"defused",
  "15":"planted",
  "16":"defused",
  "17":"planted",
  "18":"defused"
 },
 "site":{
  "0":"BombsiteA",
  "1":"BombsiteA",
  "2":"BombsiteB",
  "3":"BombsiteB",
  "4":"BombsiteB",
  "5":"BombsiteB",
  "6":"BombsiteA",
  "7":"BombsiteA",
  "8":"BombsiteB",
  "9":"BombsiteB",
  "10":"BombsiteA",
  "11":"BombsiteB",
  "12":"BombsiteB",
  "13":"BombsiteA",
  "14":"BombsiteA",
  "15":"BombsiteA",
  "16":"BombsiteA",
  "17":"BombsiteA",
  "18":"BombsiteA"
 },
 "X":{
  "0":-491.6711425781,
  "1":-491.6711425781,
  "2":-1969.03125,
  "3":-1969.03125,
  "4":-1970.6795654297,
  "5":-2013.4577636719,
  "6":-452.5178222656,
  "7":-512.5310058594,
  "8":-1983.8100585938,
  "9":-1983.8100585938,
  "10":-483.1212158203,
  "11":-1969.03125,
  "12":-2021.4188232422,
  "13":-274.4456176758,
  "14":-215.5339355469,
  "15":-566.2058105469,
  "16":-524.6891479492,
  "17":-622.790222168,
  "18":-611.9786987305
 },
 "Y":{
  "0":-2044.2404785156,
  "1":-2044.2404785156,
  "2":450.0313415527,
  "3":450.0313415527,
  "4":450.0313720703,
  "5":407.6418151855,
  "6":-1981.1025390625,
  "7":-1972.9686279297,
  "8":450.0315551758,
  "9":450.0315551758,
  "10":-1985.7022705078,
  "11":450.03125,
  "12":481.5718994141,
  "13":-2163.8686523438,
  "14":-2150.158203125,
  "15":-1977.8359375,
  "16":-1961.0222167969,
  "17":-1988.2801513672,
  "18":-1974.9122314453
 },
 "Z":{
  "0":-179.96875,
  "1":-179.96875,
  "2":-159.96875,
  "3":-159.96875,
  "4":-159.96875,
  "5":-159.96875,
  "6":-179.96875,
  "7":-179.96875,
  "8":-159.96875,
  "9":-159.96875,
  "10":-179.96875,
  "11":-159.96875,
  "12":-162.3607788086,
  "13":-172.9778442383,
  "14":-170.245300293,
  "15":-179.96875,
  "16":-179.96875,
  "17":-179.96875,
  "18":-179.96875
 },
 "round":{
  "0":3,
  "1":3,
  "2":4,
  "3":4,
  "4":5,
  "5":5,
  "6":8,
  "7":8,
  "8":9,
  "9":9,
  "10":11,
  "11":12,
  "12":12,
  "13":13,
  "14":13,
  "15":17,
  "16":17,
  "17":18,
  "18":18
 }
}