{
 "tick":{
  "0":3284,
  "1":7741,
  "2":13441,
  "3":15365,
  "4":21323,
  "5":23947,
  "6":29877,
  "7":32501,
  "8":53854,
  "9":55579,
  "10":63617,
  "11":65265,
  "12":71948,
  "13":74572,
  "14":83117,
  "15":83765,
  "16":91582,
  "17":122238
 },
 "event":{
  "0":"planted",
  "1":"planted",
  "2":"planted",
  "3":"defused",
  "4":"planted",
  "5":"exploded",
  "6":"planted",
  "7":"exploded",
  "8":"planted",
  "9":"defused",
  "10":"planted",
  "11":"defused",
  "12":"planted",
  "13":"exploded",
  "14":"planted",
  "15":"defused",
  "16":"planted",
  "17":"planted"
 },
 "site":{
  "0":"BombsiteA",
  "1":"BombsiteA",
  "2":"BombsiteB",
  "3":"BombsiteB",
  "4":"BombsiteA",
  "5":"BombsiteA",
  "6":"BombsiteB",
  "7":"BombsiteB",
  "8":"BombsiteB",
  "9":"BombsiteB",
  "10":"BombsiteB",
  "11":"BombsiteB",
  "12":"BombsiteB",
  "13":"BombsiteB",
  "14":"BombsiteB",
  "15":"BombsiteB",
  "16":"BombsiteB",
  "17":"BombsiteB"
 },
 "X":{
  "0":-1306.1608886719,
  "1":-1231.0498046875,
  "2":794.1361694336,
  "3":848.4987182617,
  "4":-1577.90234375,
  "5":-1577.90234375,
  "6":795.3615722656,
  "7":795.3615722656,
  "8":869.0313720703,
  "9":888.6098022461,
  "10":786.323059082,
  "11":847.1555175781,
  "12":869.0311279297,
  "13":869.0311279297,
  "14":656.8540649414,
  "15":678.2760009766,
  "16":797.1497802734,
  "17":786.206237793
 },
 "Y":{
  "0":899.057800293,
  "1":707.7053222656,
  "2":4.9684810638,
  "3":-24.4251098633,
  "4":703.1053466797,
  "5":703.1053466797,
  "6":4.9688358307,
  "7":4.9688358307,
  "8":58.5014266968,
  "9":55.7611312866,
  "10":4.9707841873,
  "11":-5.8888549805,
  "12":75.4588699341,
  "13":75.4588699341,
  "14":201.7838439941,
  "15":253.6397399902,
  "16":4.9683094025,
  "17":4.9720168114
 },
 "Z":{
  "0":54.03125,
  "1":56.03125,
  "2":130.9011230469,
  "3":130.03125,
  "4":56.03125,
  "5":56.03125,
  "6":130.9011230469,
  "7":130.9011230469,
  "8":130.9011077881,
  "9":130.9011077881,
  "10":130.9011230469,
  "11":130.9011230469,
  "12":130.9011077881,
  "13":130.9011077881,
  "14":134.03125,
  "15":130.53125,
  "16":130.9011230469,
  "17":130.9011230469
 },
 "round":{
  "0":1,
  "1":2,
  "2":3,
  "3":3,
  "4":4,
  "5":4,
  "6":5,
  "7":5,
  "8":9,
  "9":9,
  "10":10,
  "11":10,
  "12":11,
  "13":11,
  "14":12,
  "15":12,
  "16":13,
  "17":18
 }
}