{
 "tick":{
  "0":1845,
  "1":7770,
  "2":9981,
  "3":26833,
  "4":29457,
  "5":36643,
  "6":39267,
  "7":43574,
  "8":64909,
  "9":76858,
  "10":95931,
  "11":98555,
  "12":103910,
  "13":106534,
  "14":110825,
  "15":132100
 },
 "event":{
  "0":"planted",
  "1":"planted",
  "2":"defused",
  "3":"planted",
  "4":"exploded",
  "5":"planted",
  "6":"exploded",
  "7":"planted",
  "8":"planted",
  "9":"planted",
  "10":"planted",
  "11":"exploded",
  "12":"planted",
  "13":"exploded",
  "14":"planted",
  "15":"planted"
 },
 "site":{
  "0":"BombsiteA",
  "1":"BombsiteB",
  "2":"BombsiteB",
  "3":"BombsiteB",
  "4":"BombsiteB",
  "5":"BombsiteB",
  "6":"BombsiteB",
  "7":"BombsiteA",
  "8":"BombsiteA",
  "9":"BombsiteB",
  "10":"BombsiteB",
  "11":"BombsiteB",
  "12":"BombsiteA",
  "13":"BombsiteA",
  "14":"BombsiteB",
  "15":"BombsiteA"
 },
 "X":{
  "0":-494.4708862305,
  "1":-1987.0313720703,
  "2":-1989.8840332031,
  "3":-1987.0289306641,
  "4":-1987.0289306641,
  "5":-1987.0313720703,
  "6":-1987.0313720703,
  "7":-284.9711303711,
  "8":-447.6993408203,
  "9":-1987.0291748047,
  "10":-1987.0394287109,
  "11":-1987.0394287109,
  "12":-601.1373291016,
  "13":-601.1373291016,
  "14":-2091.302734375,
  "15":-567.3844604492
 },
 "Y":{
  "0":-2005.4758300781,
  "1":425.4783935547,
  "2":484.2733154297,
  "3":427.4420471191,
  "4":427.4420471191,
  "5":404.9550170898,
  "6":404.9550170898,
  "7":-2163.2268066406,
  "8":-2005.1071777344,
  "9":405.7977600098,
  "10":406.2053222656,
  "11":406.2053222656,
  "12":-1983.6596679688,
  "13":-1983.6596679688,
  "14":429.4407958984,
  "15":-2309.1169433594
 },
 "Z":{
  "0":-179.96875,
  "1":-159.96875,
  "2":-163.0361328125,
  "3":-159.96875,
  "4":-159.96875,
  "5":-159.96875,
  "6":-159.96875,
  "7":-173.5026855469,
  "8":-179.96875,
  "9":-159.96875,
  "10":-159.96875,
  "11":-159.96875,
  "12":-179.96875,
  "13":-179.96875,
  "14":-159.96875,
  "15":-173.0864257812
 },
 "round":{
  "0":1,
  "1":2,
  "2":2,
  "3":5,
  "4":5,
  "5":6,
  "6":6,
  "7":7,
  "8":10,
  "9":12,
  "10":15,
  "11":15,
  "12":16,
  "13":16,
  "14":17,
  "15":19
 }
}