{
 "tick":{
  "0":24418,
  "1":47948,
  "2":60714,
  "3":66157,
  "4":68781,
  "5":76001,
  "6":77781,
  "7":101988,
  "8":103806,
  "9":127387,
  "10":128012
 },
 "event":{
  "0":"planted",
  "1":"planted",
  "2":"planted",
  "3":"planted",
  "4":"exploded",
  "5":"planted",
  "6":"defused",
  "7":"planted",
  "8":"defused",
  "9":"planted",
  "10":"defused"
 },
 "site":{
  "0":"BombsiteB",
  "1":"BombsiteA",
  "2":"BombsiteB",
  "3":"BombsiteB",
  "4":"BombsiteB",
  "5":"BombsiteB",
  "6":"BombsiteB",
  "7":"BombsiteB",
  "8":"BombsiteB",
  "9":"BombsiteB",
  "10":"BombsiteB"
 },
 "X":{
  "0":-2225.9470214844,
  "1":-90.4455566406,
  "2":-2313.7971191406,
  "3":-2216.0317382812,
  "4":-2216.0317382812,
  "5":-2315.26171875,
  "6":-2272.2258300781,
  "7":-2216.0327148438,
  "8":-2225.9282226562,
  "9":-2217.2438964844,
  "10":-2220.796875
 },
 "Y":{
  "0":878.7426757812,
  "1":-732.0331420898,
  "2":909.5533447266,
  "3":869.4376831055,
  "4":869.4376831055,
  "5":838.1546020508,
  "6":881.5599365234,
  "7":861.6286621094,
  "8":922.4318237305,
  "9":897.9181518555,
  "10":839.4219970703
 },
 "Z":{
  "0":11744.03125,
  "1":11776.03125,
  "2":11744.03125,
  "3":11744.03125,
  "4":11744.03125,
  "5":11744.03125,
  "6":11744.03125,
  "7":11744.03125,
  "8":11744.03125,
  "9":11744.03125,
  "10":11744.03125
 },
 "round":{
  "0":4,
  "1":7,
  "2":8,
  "3":9,
  "4":9,
  "5":10,
  "6":10,
  "7":13,
  "8":13,
  "9":17,
  "10":17
 }
}