{
 "tick":{
  "0":25500,
  "1":35115,
  "2":37739,
  "3":57264,
  "4":59532,
  "5":72793,
  "6":75417,
  "7":82018,
  "8":84642,
  "9":98472,
  "10":109726,
  "11":149475,
  "12":150364,
  "13":158021,
  "14":164316,
  "15":166940,
  "16":181836,
  "17":184218
 },
 "event":{
  "0":"planted",
  "1":"planted",
  "2":"exploded",
  "3":"planted",
  "4":"defused",
  "5":"planted",
  "6":"exploded",
  "7":"planted",
  "8":"exploded",
  "9":"planted",
  "10":"planted",
  "11":"planted",
  "12":"defused",
  "13":"planted",
  "14":"planted",
  "15":"exploded",
  "16":"planted",
  "17":"defused"
 },
 "site":{
  "0":"BombsiteB",
  "1":"BombsiteB",
  "2":"BombsiteB",
  "3":"BombsiteA",
  "4":"BombsiteA",
  "5":"BombsiteB",
  "6":"BombsiteB",
  "7":"BombsiteA",
  "8":"BombsiteA",
  "9":"BombsiteA",
  "10":"BombsiteB",
  "11":"BombsiteA",
  "12":"BombsiteA",
  "13":"BombsiteB",
  "14":"BombsiteB",
  "15":"BombsiteB",
  "16":"BombsiteA",
  "17":"BombsiteA"
 },
 "X":{
  "0":-1136.0313720703,
  "1":-1136.03125,
  "2":-1136.03125,
  "3":1312.6114501953,
  "4":1326.4571533203,
  "5":-1057.1859130859,
  "6":-1057.1859130859,
  "7":1276.1494140625,
  "8":1276.1494140625,
  "9":1510.1470947266,
  "10":-1136.0313720703,
  "11":1002.8381958008,
  "12":1018.6325683594,
  "13":-1136.0313720703,
  "14":-1045.306640625,
  "15":-1045.306640625,
  "16":1280.8371582031,
  "17":1323.7624511719
 },
 "Y":{
  "0":699.96875,
  "1":699.96875,
  "2":699.96875,
  "3":2162.4279785156,
  "4":2105.5090332031,
  "5":599.9677124023,
  "6":599.9677124023,
  "7":1955.2811279297,
  "8":1955.2811279297,
  "9":2168.4641113281,
  "10":699.5477905273,
  "11":1759.3741455078,
  "12":1815.2939453125,
  "13":699.96875,
  "14":599.9661865234,
  "15":599.9661865234,
  "16":1941.0651855469,
  "17":1908.0592041016
 },
 "Z":{
  "0":-1.96875,
  "1":-1.96875,
  "2":-1.96875,
  "3":-191.96875,
  "4":-191.96875,
  "5":-1.96875,
  "6":-1.96875,
  "7":-191.96875,
  "8":-191.96875,
  "9":-188.9863891602,
  "10":-1.96875,
  "11":-191.96875,
  "12":-191.96875,
  "13":-1.96875,
  "14":-1.96875,
  "15":-1.96875,
  "16":-191.96875,
  "17":-184.1558837891
 },
 "round":{
  "0":4,
  "1":5,
  "2":5,
  "3":8,
  "4":8,
  "5":10,
  "6":10,
  "7":11,
  "8":11,
  "9":12,
  "10":14,
  "11":20,
  "12":20,
  "13":21,
  "14":22,
  "15":22,
  "16":24,
  "17":24
 }
}