{
 "tick":{
  "0":3195,
  "1":4984,
  "2":10115,
  "3":75984,
  "4":93985,
  "5":96214,
  "6":104374,
  "7":111757,
  "8":114381,
  "9":131379,
  "10":131864,
  "11":142836,
  "12":145460,
  "13":156039,
  "14":157066,
  "15":168073,
  "16":190896
 },
 "event":{
  "0":"planted",
  "1":"defused",
  "2":"planted",
  "3":"planted",
  "4":"planted",
  "5":"defused",
  "6":"planted",
  "7":"planted",
  "8":"exploded",
  "9":"planted",
  "10":"defused",
  "11":"planted",
  "12":"exploded",
  "13":"planted",
  "14":"defused",
  "15":"planted",
  "16":"planted"
 },
 "site":{
  "0":"BombsiteB",
  "1":"BombsiteB",
  "2":"BombsiteA",
  "3":"BombsiteA",
  "4":"BombsiteA",
  "5":"BombsiteA",
  "6":"BombsiteA",
  "7":"BombsiteB",
  "8":"BombsiteB",
  "9":"BombsiteB",
  "10":"BombsiteB",
  "11":"BombsiteA",
  "12":"BombsiteA",
  "13":"BombsiteB",
  "14":"BombsiteB",
  "15":"BombsiteB",
  "16":"BombsiteA"
 },
 "X":{
  "0":817.6009521484,
  "1":816.7904052734,
  "2":704.2741088867,
  "3":761.6505737305,
  "4":699.2722167969,
  "5":669.7202758789,
  "6":662.7653198242,
  "7":342.3406982422,
  "8":342.3406982422,
  "9":563.0542602539,
  "10":505.9225158691,
  "11":615.0876464844,
  "12":615.0876464844,
  "13":840.8251953125,
  "14":791.1986694336,
  "15":730.5922241211,
  "16":802.2836914062
 },
 "Y":{
  "0":-1088.6860351562,
  "1":-1027.7702636719,
  "2":-574.4138793945,
  "3":-599.5774536133,
  "4":-766.5509643555,
  "5":-767.1116333008,
  "6":-766.8736572266,
  "7":-710.7965087891,
  "8":-710.7965087891,
  "9":-1208.1959228516,
  "10":-1230.6606445312,
  "11":-766.2592163086,
  "12":-766.2592163086,
  "13":-1152.2407226562,
  "14":-1188.650390625,
  "15":-1175.7198486328,
  "16":-607.0627441406
 },
 "Z":{
  "0":-765.96875,
  "1":-765.96875,
  "2":-399.9686279297,
  "3":-399.9682617188,
  "4":-399.9686889648,
  "5":-399.96875,
  "6":-399.96875,
  "7":-765.96875,
  "8":-765.96875,
  "9":-752.96875,
  "10":-769.96875,
  "11":-399.96875,
  "12":-399.96875,
  "13":-765.96875,
  "14":-768.96875,
  "15":-768.96875,
  "16":-399.9682617188
 },
 "round":{
  "0":1,
  "1":1,
  "2":2,
  "3":12,
  "4":13,
  "5":13,
  "6":14,
  "7":15,
  "8":15,
  "9":17,
  "10":17,
  "11":19,
  "12":19,
  "13":20,
  "14":20,
  "15":22,
  "16":24
 }
}