{
 "tick":{
  "0":3115,
  "1":9824,
  "2":48032,
  "3":50656,
  "4":56712,
  "5":59336,
  "6":65497,
  "7":73545,
  "8":102233,
  "9":108014,
  "10":115106,
  "11":117730,
  "12":123863,
  "13":126487,
  "14":147496,
  "15":150120,
  "16":164546
 },
 "event":{
  "0":"planted",
  "1":"planted",
  "2":"planted",
  "3":"exploded",
  "4":"planted",
  "5":"exploded",
  "6":"planted",
  "7":"planted",
  "8":"planted",
  "9":"planted",
  "10":"planted",
  "11":"exploded",
  "12":"planted",
  "13":"exploded",
  "14":"planted",
  "15":"exploded",
  "16":"planted"
 },
 "site":{
  "0":"BombsiteB",
  "1":"BombsiteB",
  "2":"BombsiteB",
  "3":"BombsiteB",
  "4":"BombsiteA",
  "5":"BombsiteA",
  "6":"BombsiteA",
  "7":"BombsiteA",
  "8":"BombsiteB",
  "9":"BombsiteA",
  "10":"BombsiteA",
  "11":"BombsiteA",
  "12":"BombsiteA",
  "13":"BombsiteA",
  "14":"BombsiteA",
  "15":"BombsiteA",
  "16":"BombsiteB"
 },
 "X":{
  "0":802.6360473633,
  "1":1067.7783203125,
  "2":869.0313720703,
  "3":869.0313720703,
  "4":-1563.9429931641,
  "5":-1563.9429931641,
  "6":-1552.2144775391,
  "7":-1572.6409912109,
  "8":790.6009521484,
  "9":-1280.0313720703,
  "10":-1573.5096435547,
  "11":-1573.5096435547,
  "12":-1272.0250244141,
  "13":-1272.0250244141,
  "14":-1280.03125,
  "15":-1280.03125,
  "16":808.5513305664
 },
 "Y":{
  "0":4.9442305565,
  "1":-54.7640380859,
  "2":82.3619842529,
  "3":82.3619842529,
  "4":696.6318359375,
  "5":696.6318359375,
  "6":704.3143920898,
  "7":698.7770996094,
  "8":4.967818737,
  "9":793.96875,
  "10":700.9032592773,
  "11":700.9032592773,
  "12":729.9686279297,
  "13":729.9686279297,
  "14":793.9686889648,
  "15":793.9686889648,
  "16":4.9679737091
 },
 "Z":{
  "0":130.9011230469,
  "1":134.03125,
  "2":130.9011077881,
  "3":130.9011077881,
  "4":56.03125,
  "5":56.03125,
  "6":56.03125,
  "7":56.03125,
  "8":130.9011230469,
  "9":54.03125,
  "10":56.03125,
  "11":56.03125,
  "12":56.03125,
  "13":56.03125,
  "14":54.03125,
  "15":54.03125,
  "16":130.9011230469
 },
 "round":{
  "0":1,
  "1":3,
  "2":8,
  "3":8,
  "4":9,
  "5":9,
  "6":10,
  "7":11,
  "8":14,
  "9":15,
  "10":16,
  "11":16,
  "12":17,
  "13":17,
  "14":20,
  "15":20,
  "16":22
 }
}