{
 "tick":{
  "0":23860,
  "1":26484,
  "2":33817,
  "3":43287,
  "4":89211,
  "5":91835,
  "6":96585,
  "7":99209,
  "8":107618,
  "9":109261,
  "10":131193,
  "11":133817,
  "12":141902,
  "13":144526,
  "14":148966,
  "15":151590,
  "16":157855,
  "17":169100,
  "18":171724,
  "19":176313
 },
 "event":{
  "0":"planted",
  "1":"exploded",
  "2":"planted",
  "3":"planted",
  "4":"planted",
  "5":"exploded",
  "6":"planted",
  "7":"exploded",
  "8":"planted",
  "9":"defused",
  "10":"planted",
  "11":"exploded",
  "12":"planted",
  "13":"exploded",
  "14":"planted",
  "15":"exploded",
  "16":"planted",
  "17":"planted",
  "18":"exploded",
  "19":"planted"
 },
 "site":{
  "0":"BombsiteA",
  "1":"BombsiteA",
  "2":"BombsiteA",
  "3":"BombsiteB",
  "4":"BombsiteA",
  "5":"BombsiteA",
  "6":"BombsiteB",
  "7":"BombsiteB",
  "8":"BombsiteB",
  "9":"BombsiteB",
  "10":"BombsiteB",
  "11":"BombsiteB",
  "12":"BombsiteA",
  "13":"BombsiteA",
  "14":"BombsiteA",
  "15":"BombsiteA",
  "16":"BombsiteB",
  "17":"BombsiteA",
  "18":"BombsiteA",
  "19":"BombsiteB"
 },
 "X":{
  "0":533.3188476562,
  "1":533.3188476562,
  "2":676.1566162109,
  "3":340.0317993164,
  "4":659.8016967773,
  "5":659.8016967773,
  "6":633.2117919922,
  "7":633.2117919922,
  "8":845.6087646484,
  "9":874.3747558594,
  "10":627.3155517578,
  "11":627.3155517578,
  "12":655.9637451172,
  "13":655.9637451172,
  "14":597.32421875,
  "15":597.32421875,
  "16":843.9225463867,
  "17":778.4232177734,
  "18":778.4232177734,
  "19":716.7025756836
 },
 "Y":{
  "0":-886.9470825195,
  "1":-886.9470825195,
  "2":-609.9391479492,
  "3":-694.3334350586,
  "4":-796.1047363281,
  "5":-796.1047363281,
  "6":-1299.9437255859,
  "7":-1299.9437255859,
  "8":-1119.7976074219,
  "9":-1065.4367675781,
  "10":-1312.7919921875,
  "11":-1312.7919921875,
  "12":-540.1953125,
  "13":-540.1953125,
  "14":-771.6516113281,
  "15":-771.6516113281,
  "16":-1153.4560546875,
  "17":-605.96875,
  "18":-605.96875,
  "19":-1142.5153808594
 },
 "Z":{
  "0":-399.96875,
  "1":-399.96875,
  "2":-399.96875,
  "3":-765.96875,
  "4":-415.96875,
  "5":-415.96875,
  "6":-765.96875,
  "7":-765.96875,
  "8":-765.96875,
  "9":-767.96875,
  "10":-765.96875,
  "11":-765.96875,
  "12":-415.96875,
  "13":-415.96875,
  "14":-408.96875,
  "15":-408.96875,
  "16":-765.96875,
  "17":-399.9683837891,
  "18":-399.9683837891,
  "19":-752.96875
 },
 "round":{
  "0":3,
  "1":3,
  "2":4,
  "3":5,
  "4":10,
  "5":10,
  "6":11,
  "7":11,
  "8":13,
  "9":13,
  "10":16,
  "11":16,
  "12":17,
  "13":17,
  "14":18,
  "15":18,
  "16":19,
  "17":20,
  "18":20,
  "19":21
 }
}