{
 "tick":{
  "0":6882,
  "1":8377,
  "2":23093,
  "3":25717,
  "4":31803,
  "5":38764,
  "6":41388,
  "7":56301,
  "8":62123,
  "9":74836,
  "10":86326,
  "11":88950,
  "12":96906,
  "13":116369,
  "14":118993,
  "15":159834,
  "16":161427,
  "17":167188,
  "18":169812
 },
 "event":{
  "0":"planted",
  "1":"defused",
  "2":"planted",
  "3":"exploded",
  "4":"planted",
  "5":"planted",
  "6":"exploded",
  "7":"planted",
  "8":"planted",
  "9":"planted",
  "10":"planted",
  "11":"exploded",
  "12":"planted",
  "13":"planted",
  "14":"exploded",
  "15":"planted",
  "16":"defused",
  "17":"planted",
  "18":"exploded"
 },
 "site":{
  "0":"BombsiteB",
  "1":"BombsiteB",
  "2":"BombsiteA",
  "3":"BombsiteA",
  "4":"BombsiteB",
  "5":"BombsiteA",
  "6":"BombsiteA",
  "7":"BombsiteB",
  "8":"BombsiteA",
  "9":"BombsiteB",
  "10":"BombsiteA",
  "11":"BombsiteA",
  "12":"BombsiteA",
  "13":"BombsiteA",
  "14":"BombsiteA",
  "15":"BombsiteB",
  "16":"BombsiteB",
  "17":"BombsiteA",
  "18":"BombsiteA"
 },
 "X":{
  "0":979.3540649414,
  "1":936.7580566406,
  "2":-1259.7320556641,
  "3":-1259.7320556641,
  "4":1094.9680175781,
  "5":-1280.0314941406,
  "6":-1280.0314941406,
  "7":788.4390869141,
  "8":-1280.0313720703,
  "9":1109.3912353516,
  "10":-1578.822265625,
  "11":-1578.822265625,
  "12":-1226.0814208984,
  "13":-1222.5789794922,
  "14":-1222.5789794922,
  "15":794.1030883789,
  "16":794.0068359375,
  "17":-1250.4252929688,
  "18":-1250.4252929688
 },
 "Y":{
  "0":184.0934906006,
  "1":223.6775512695,
  "2":729.96875,
  "3":729.96875,
  "4":17.903055191,
  "5":788.450378418,
  "6":788.450378418,
  "7":4.9684114456,
  "8":793.96875,
  "9":65.8302841187,
  "10":721.2124023438,
  "11":721.2124023438,
  "12":729.9685668945,
  "13":729.1838989258,
  "14":729.1838989258,
  "15":4.9679837227,
  "16":-49.2094726562,
  "17":729.9682006836,
  "18":729.9682006836
 },
 "Z":{
  "0":132.614440918,
  "1":134.03125,
  "2":56.03125,
  "3":56.03125,
  "4":134.03125,
  "5":54.03125,
  "6":54.03125,
  "7":130.9011230469,
  "8":54.03125,
  "9":134.03125,
  "10":56.03125,
  "11":56.03125,
  "12":56.03125,
  "13":56.03125,
  "14":56.03125,
  "15":130.9011230469,
  "16":130.9011077881,
  "17":56.03125,
  "18":56.03125
 },
 "round":{
  "0":2,
  "1":2,
  "2":5,
  "3":5,
  "4":6,
  "5":7,
  "6":7,
  "7":9,
  "8":10,
  "9":12,
  "10":14,
  "11":14,
  "12":15,
  "13":18,
  "14":18,
  "15":23,
  "16":23,
  "17":24,
  "18":24
 }
}