{
 "tick":{
  "0":9952,
  "1":11004,
  "2":16723,
  "3":19347,
  "4":25499,
  "5":36018,
  "6":38642,
  "7":63037,
  "8":65661,
  "9":96889,
  "10":120872,
  "11":123273,
  "12":140885,
  "13":153776,
  "14":156400,
  "15":168184
 },
 "event":{
  "0":"planted",
  "1":"defused",
  "2":"planted",
  "3":"exploded",
  "4":"planted",
  "5":"planted",
  "6":"exploded",
  "7":"planted",
  "8":"exploded",
  "9":"planted",
  "10":"planted",
  "11":"defused",
  "12":"planted",
  "13":"planted",
  "14":"exploded",
  "15":"planted"
 },
 "site":{
  "0":"BombsiteA",
  "1":"BombsiteA",
  "2":"BombsiteB",
  "3":"BombsiteB",
  "4":"BombsiteA",
  "5":"BombsiteA",
  "6":"BombsiteA",
  "7":"BombsiteB",
  "8":"BombsiteB",
  "9":"BombsiteB",
  "10":"BombsiteA",
  "11":"BombsiteA",
  "12":"BombsiteB",
  "13":"BombsiteB",
  "14":"BombsiteB",
  "15":"BombsiteA"
 },
 "X":{
  "0":1819.0288085938,
  "1":1879.6575927734,
  "2":536.3737792969,
  "3":536.3737792969,
  "4":1966.03125,
  "5":1966.0295410156,
  "6":1966.0295410156,
  "7":548.5532836914,
  "8":548.5532836914,
  "9":541.0498046875,
  "10":1819.0313720703,
  "11":1848.7967529297,
  "12":347.9391784668,
  "13":548.6409912109,
  "14":548.6409912109,
  "15":1947.2934570312
 },
 "Y":{
  "0":287.1591796875,
  "1":295.0065917969,
  "2":2939.9987792969,
  "3":2939.9987792969,
  "4":721.9686889648,
  "5":717.289855957,
  "6":717.289855957,
  "7":2968.7006835938,
  "8":2968.7006835938,
  "9":2936.0551757812,
  "10":691.2387695312,
  "11":640.7517089844,
  "12":2943.03125,
  "13":2969.7336425781,
  "14":2969.7336425781,
  "15":358.7169189453
 },
 "Z":{
  "0":161.0312194824,
  "1":161.0312042236,
  "2":161.5312347412,
  "3":161.5312347412,
  "4":160.03125,
  "5":160.03125,
  "6":160.03125,
  "7":161.5312347412,
  "8":161.5312347412,
  "9":161.5312347412,
  "10":160.0050506592,
  "11":159.9692382812,
  "12":164.03125,
  "13":161.5312347412,
  "14":161.5312347412,
  "15":160.03125
 },
 "round":{
  "0":2,
  "1":2,
  "2":3,
  "3":3,
  "4":4,
  "5":5,
  "6":5,
  "7":9,
  "8":9,
  "9":13,
  "10":17,
  "11":17,
  "12":19,
  "13":20,
  "14":20,
  "15":22
 }
}