{
 "tick":{
  "0":33031,
  "1":35072,
  "2":56472,
  "3":57909,
  "4":70823,
  "5":72938,
  "6":77738,
  "7":79281,
  "8":92454,
  "9":95078
 },
 "event":{
  "0":"planted",
  "1":"defused",
  "2":"planted",
  "3":"defused",
  "4":"planted",
  "5":"defused",
  "6":"planted",
  "7":"defused",
  "8":"planted",
  "9":"exploded"
 },
 "site":{
  "0":"BombsiteA",
  "1":"BombsiteA",
  "2":"BombsiteB",
  "3":"BombsiteB",
  "4":"BombsiteA",
  "5":"BombsiteA",
  "6":"BombsiteA",
  "7":"BombsiteA",
  "8":"BombsiteA",
  "9":"BombsiteA"
 },
 "X":{
  "0":-491.3666992188,
  "1":-546.9439697266,
  "2":-1969.0286865234,
  "3":-2008.6495361328,
  "4":-253.96875,
  "5":-306.2268066406,
  "6":-554.9387817383,
  "7":-498.805480957,
  "8":-253.96875,
  "9":-253.96875
 },
 "Y":{
  "0":-1987.2321777344,
  "1":-1964.9876708984,
  "2":450.0285339355,
  "3":404.5288391113,
  "4":-2134.0754394531,
  "5":-2166.7214355469,
  "6":-2103.6887207031,
  "7":-2123.7875976562,
  "8":-2134.0751953125,
  "9":-2134.0751953125
 },
 "Z":{
  "0":-179.96875,
  "1":-179.96875,
  "2":-159.96875,
  "3":-159.96875,
  "4":-172.9469604492,
  "5":-174.1367797852,
  "6":-179.96875,
  "7":-179.96875,
  "8":-172.9469604492,
  "9":-172.9469604492
 },
 "round":{
  "0":7,
  "1":7,
  "2":10,
  "3":10,
  "4":12,
  "5":12,
  "6":13,
  "7":13,
  "8":15,
  "9":15
 }
}