{
 "tick":{
  "0":2570,
  "1":8047,
  "2":14127,
  "3":47007,
  "4":52377,
  "5":63504,
  "6":78645,
  "7":108448,
  "8":110826,
  "9":114344,
  "10":116886,
  "11":123692,
  "12":126316,
  "13":141060,
  "14":143684,
  "15":148516,
  "16":159050,
  "17":164804,
  "18":167428
 },
 "event":{
  "0":"planted",
  "1":"planted",
  "2":"planted",
  "3":"planted",
  "4":"planted",
  "5":"planted",
  "6":"planted",
  "7":"planted",
  "8":"defused",
  "9":"planted",
  "10":"defused",
  "11":"planted",
  "12":"exploded",
  "13":"planted",
  "14":"exploded",
  "15":"planted",
  "16":"planted",
  "17":"planted",
  "18":"exploded"
 },
 "site":{
  "0":"BombsiteB",
  "1":"BombsiteB",
  "2":"BombsiteA",
  "3":"BombsiteB",
  "4":"BombsiteA",
  "5":"BombsiteA",
  "6":"BombsiteB",
  "7":"BombsiteB",
  "8":"BombsiteB",
  "9":"BombsiteA",
  "10":"BombsiteA",
  "11":"BombsiteA",
  "12":"BombsiteA",
  "13":"BombsiteA",
  "14":"BombsiteA",
  "15":"BombsiteA",
  "16":"BombsiteA",
  "17":"BombsiteB",
  "18":"BombsiteB"
 },
 "X":{
  "0":853.3803100586,
  "1":643.4621582031,
  "2":503.0691833496,
  "3":440.8895263672,
  "4":687.9974975586,
  "5":701.3618774414,
  "6":340.0311584473,
  "7":340.0319519043,
  "8":364.9277648926,
  "9":727.2754516602,
  "10":667.3905639648,
  "11":755.4010009766,
  "12":755.4010009766,
  "13":585.6187133789,
  "14":585.6187133789,
  "15":605.6743164062,
  "16":587.5706176758,
  "17":340.0316772461,
  "18":340.0316772461
 },
 "Y":{
  "0":-878.897644043,
  "1":-1322.4129638672,
  "2":-930.7420043945,
  "3":-1308.1099853516,
  "4":-763.7435302734,
  "5":-923.645324707,
  "6":-691.4740600586,
  "7":-705.2617797852,
  "8":-758.628112793,
  "9":-772.5640869141,
  "10":-784.2392578125,
  "11":-770.0297851562,
  "12":-770.0297851562,
  "13":-917.2929077148,
  "14":-917.2929077148,
  "15":-804.4426269531,
  "16":-769.5103759766,
  "17":-697.6725463867,
  "18":-697.6725463867
 },
 "Z":{
  "0":-765.96875,
  "1":-765.96875,
  "2":-409.8028564453,
  "3":-765.96875,
  "4":-399.96875,
  "5":-408.0891113281,
  "6":-765.96875,
  "7":-765.96875,
  "8":-771.96875,
  "9":-399.9682617188,
  "10":-415.96875,
  "11":-399.9682617188,
  "12":-399.9682617188,
  "13":-406.8992919922,
  "14":-406.8992919922,
  "15":-415.96875,
  "16":-399.96875,
  "17":-765.96875,
  "18":-765.96875
 },
 "round":{
  "0":1,
  "1":2,
  "2":3,
  "3":7,
  "4":8,
  "5":9,
  "6":12,
  "7":15,
  "8":15,
  "9":16,
  "10":16,
  "11":17,
  "12":17,
  "13":19,
  "14":19,
  "15":20,
  "16":21,
  "17":22,
  "18":22
 }
}