{
 "tick":{
  "0":2185,
  "1":11586,
  "2":14210,
  "3":20184,
  "4":22808,
  "5":37908,
  "6":39598,
  "7":42707,
  "8":45331,
  "9":58058,
  "10":60682,
  "11":77974,
  "12":80598,
  "13":96056,
  "14":100772,
  "15":103396,
  "16":112103
 },
 "event":{
  "0":"planted",
  "1":"planted",
  "2":"exploded",
  "3":"planted",
  "4":"exploded",
  "5":"planted",
  "6":"defused",
  "7":"planted",
  "8":"exploded",
  "9":"planted",
  "10":"exploded",
  "11":"planted",
  "12":"exploded",
  "13":"planted",
  "14":"planted",
  "15":"exploded",
  "16":"planted"
 },
 "site":{
  "0":"BombsiteB",
  "1":"BombsiteB",
  "2":"BombsiteB",
  "3":"BombsiteB",
  "4":"BombsiteB",
  "5":"BombsiteA",
  "6":"BombsiteA",
  "7":"BombsiteA",
  "8":"BombsiteA",
  "9":"BombsiteB",
  "10":"BombsiteB",
  "11":"BombsiteB",
  "12":"BombsiteB",
  "13":"BombsiteA",
  "14":"BombsiteA",
  "15":"BombsiteA",
  "16":"BombsiteA"
 },
 "X":{
  "0":632.9024658203,
  "1":643.7216186523,
  "2":643.7216186523,
  "3":559.9686279297,
  "4":559.9686279297,
  "5":502.1084899902,
  "6":549.5905761719,
  "7":502.9823608398,
  "8":502.9823608398,
  "9":558.9555664062,
  "10":558.9555664062,
  "11":639.5979614258,
  "12":639.5979614258,
  "13":861.1550292969,
  "14":730.3180541992,
  "15":730.3180541992,
  "16":752.1982421875
 },
 "Y":{
  "0":-1314.3084716797,
  "1":-1306.3466796875,
  "2":-1306.3466796875,
  "3":-1181.1285400391,
  "4":-1181.1285400391,
  "5":-943.7343139648,
  "6":-909.4950561523,
  "7":-942.0419921875,
  "8":-942.0419921875,
  "9":-1207.658203125,
  "10":-1207.658203125,
  "11":-1323.0648193359,
  "12":-1323.0648193359,
  "13":-529.2966918945,
  "14":-772.59375,
  "15":-772.59375,
  "16":-605.9683837891
 },
 "Z":{
  "0":-765.96875,
  "1":-765.96875,
  "2":-765.96875,
  "3":-769.96875,
  "4":-769.96875,
  "5":-412.9390869141,
  "6":-404.6735839844,
  "7":-412.5305786133,
  "8":-412.5305786133,
  "9":-769.96875,
  "10":-769.96875,
  "11":-765.96875,
  "12":-765.96875,
  "13":-404.9650878906,
  "14":-399.9682617188,
  "15":-399.9682617188,
  "16":-399.9682617188
 },
 "round":{
  "0":1,
  "1":2,
  "2":2,
  "3":3,
  "4":3,
  "5":6,
  "6":6,
  "7":7,
  "8":7,
  "9":9,
  "10":9,
  "11":12,
  "12":12,
  "13":15,
  "14":16,
  "15":16,
  "16":17
 }
}