{
 "tick":{
  "0":3267,
  "1":15776,
  "2":29624,
  "3":32248,
  "4":53130,
  "5":55193,
  "6":88656,
  "7":94548,
  "8":97172,
  "9":127251
 },
 "event":{
  "0":"planted",
  "1":"planted",
  "2":"planted",
  "3":"exploded",
  "4":"planted",
  "5":"defused",
  "6":"planted",
  "7":"planted",
  "8":"exploded",
  "9":"planted"
 },
 "site":{
  "0":"BombsiteA",
  "1":"BombsiteA",
  "2":"BombsiteA",
  "3":"BombsiteA",
  "4":"BombsiteA",
  "5":"BombsiteA",
  "6":"BombsiteB",
  "7":"BombsiteB",
  "8":"BombsiteB",
  "9":"BombsiteA"
 },
 "X":{
  "0":-302.0311279297,
  "1":-322.4348754883,
  "2":-114.03125,
  "3":-114.03125,
  "4":-114.0313110352,
  "5":-174.3049316406,
  "6":-2226.9636230469,
  "7":-2216.03125,
  "8":-2216.03125,
  "9":-239.7930908203
 },
 "Y":{
  "0":-713.0317382812,
  "1":-713.0325927734,
  "2":-540.03125,
  "3":-540.03125,
  "4":-540.03125,
  "5":-540.2442626953,
  "6":884.5036621094,
  "7":843.7093505859,
  "8":843.7093505859,
  "9":-650.1345214844
 },
 "Z":{
  "0":11776.03125,
  "1":11776.03125,
  "2":11776.03125,
  "3":11776.03125,
  "4":11776.03125,
  "5":11776.03125,
  "6":11744.03125,
  "7":11744.03125,
  "8":11744.03125,
  "9":11774.03125
 },
 "round":{
  "0":1,
  "1":3,
  "2":5,
  "3":5,
  "4":8,
  "5":8,
  "6":13,
  "7":14,
  "8":14,
  "9":18
 }
}