{
 "tick":{
  "0":2474,
  "1":4321,
  "2":23524,
  "3":42772,
  "4":43407,
  "5":50914,
  "6":52062,
  "7":69065,
  "8":81158,
  "9":83782,
  "10":105945,
  "11":111060,
  "12":124293,
  "13":128743
 },
 "event":{
  "0":"planted",
  "1":"defused",
  "2":"planted",
  "3":"planted",
  "4":"defused",
  "5":"planted",
  "6":"defused",
  "7":"planted",
  "8":"planted",
  "9":"exploded",
  "10":"planted",
  "11":"planted",
  "12":"planted",
  "13":"planted"
 },
 "site":{
  "0":"BombsiteB",
  "1":"BombsiteB",
  "2":"BombsiteB",
  "3":"BombsiteA",
  "4":"BombsiteA",
  "5":"BombsiteB",
  "6":"BombsiteB",
  "7":"BombsiteB",
  "8":"BombsiteA",
  "9":"BombsiteA",
  "10":"BombsiteB",
  "11":"BombsiteB",
  "12":"BombsiteB",
  "13":"BombsiteA"
 },
 "X":{
  "0":1078.4710693359,
  "1":1121.9086914062,
  "2":869.0301513672,
  "3":-1214.9368896484,
  "4":-1154.7928466797,
  "5":800.4880981445,
  "6":833.922668457,
  "7":805.0330200195,
  "8":-1247.1300048828,
  "9":-1247.1300048828,
  "10":803.5609741211,
  "11":869.0313720703,
  "12":801.1500854492,
  "13":-1544.6561279297
 },
 "Y":{
  "0":-27.762878418,
  "1":-71.5961303711,
  "2":65.1982498169,
  "3":729.0432128906,
  "4":742.3969726562,
  "5":4.5810194016,
  "6":1.4756454229,
  "7":4.4912686348,
  "8":729.9698486328,
  "9":729.9698486328,
  "10":4.9686012268,
  "11":81.3547058105,
  "12":4.9662899971,
  "13":696.7274780273
 },
 "Z":{
  "0":134.03125,
  "1":129.3480072021,
  "2":130.9011077881,
  "3":56.03125,
  "4":54.577507019,
  "5":130.9011230469,
  "6":130.9011230469,
  "7":130.9011230469,
  "8":56.03125,
  "9":56.03125,
  "10":130.9011230469,
  "11":130.9011077881,
  "12":130.9011230469,
  "13":56.03125
 },
 "round":{
  "0":1,
  "1":1,
  "2":4,
  "3":6,
  "4":6,
  "5":7,
  "6":7,
  "7":10,
  "8":11,
  "9":11,
  "10":13,
  "11":14,
  "12":16,
  "13":17
 }
}