{
 "tick":{
  "0":15371,
  "1":16950,
  "2":32620,
  "3":57487,
  "4":60111,
  "5":64613,
  "6":67237,
  "7":74502,
  "8":77126,
  "9":80830,
  "10":83454,
  "11":111364,
  "12":123061,
  "13":125685,
  "14":136829,
  "15":139453,
  "16":148340,
  "17":150964,
  "18":163044
 },
 "event":{
  "0":"planted",
  "1":"defused",
  "2":"planted",
  "3":"planted",
  "4":"exploded",
  "5":"planted",
  "6":"exploded",
  "7":"planted",
  "8":"exploded",
  "9":"planted",
  "10":"exploded",
  "11":"planted",
  "12":"planted",
  "13":"exploded",
  "14":"planted",
  "15":"exploded",
  "16":"planted",
  "17":"exploded",
  "18":"planted"
 },
 "site":{
  "0":"BombsiteB",
  "1":"BombsiteB",
  "2":"BombsiteB",
  "3":"BombsiteB",
  "4":"BombsiteB",
  "5":"BombsiteA",
  "6":"BombsiteA",
  "7":"BombsiteB",
  "8":"BombsiteB",
  "9":"BombsiteA",
  "10":"BombsiteA",
  "11":"BombsiteA",
  "12":"BombsiteA",
  "13":"BombsiteA",
  "14":"BombsiteB",
  "15":"BombsiteB",
  "16":"BombsiteB",
  "17":"BombsiteB",
  "18":"BombsiteB"
 },
 "X":{
  "0":468.689453125,
  "1":474.6168518066,
  "2":360.1083984375,
  "3":340.0314941406,
  "4":340.0314941406,
  "5":667.330871582,
  "6":667.330871582,
  "7":523.5215454102,
  "8":523.5215454102,
  "9":607.4590454102,
  "10":607.4590454102,
  "11":837.9585571289,
  "12":683.7297363281,
  "13":683.7297363281,
  "14":340.0313720703,
  "15":340.0313720703,
  "16":340.8075866699,
  "17":340.8075866699,
  "18":340.0351257324
 },
 "Y":{
  "0":-1314.6530761719,
  "1":-1256.1510009766,
  "2":-699.5317993164,
  "3":-700.0684204102,
  "4":-700.0684204102,
  "5":-503.3615722656,
  "6":-503.3615722656,
  "7":-718.94140625,
  "8":-718.94140625,
  "9":-764.7438964844,
  "10":-764.7438964844,
  "11":-527.4751586914,
  "12":-762.7001953125,
  "13":-762.7001953125,
  "14":-706.9222412109,
  "15":-706.9222412109,
  "16":-715.4863891602,
  "17":-715.4863891602,
  "18":-853.7188720703
 },
 "Z":{
  "0":-765.96875,
  "1":-769.96875,
  "2":-765.96875,
  "3":-765.96875,
  "4":-765.96875,
  "5":-414.96875,
  "6":-414.96875,
  "7":-765.96875,
  "8":-765.96875,
  "9":-399.96875,
  "10":-399.96875,
  "11":-405.4046020508,
  "12":-399.96875,
  "13":-399.96875,
  "14":-765.96875,
  "15":-765.96875,
  "16":-765.96875,
  "17":-765.96875,
  "18":-771.96875
 },
 "round":{
  "0":3,
  "1":3,
  "2":5,
  "3":8,
  "4":8,
  "5":9,
  "6":9,
  "7":10,
  "8":10,
  "9":11,
  "10":11,
  "11":16,
  "12":17,
  "13":17,
  "14":19,
  "15":19,
  "16":20,
  "17":20,
  "18":22
 }
}