{
 "tick":{
  "0":1970,
  "1":7851,
  "2":10475,
  "3":14904,
  "4":17528,
  "5":33451,
  "6":53788,
  "7":55281,
  "8":69171,
  "9":71061,
  "10":76749,
  "11":79006,
  "12":95144,
  "13":96808,
  "14":103661,
  "15":106285
 },
 "event":{
  "0":"planted",
  "1":"planted",
  "2":"exploded",
  "3":"planted",
  "4":"exploded",
  "5":"planted",
  "6":"planted",
  "7":"defused",
  "8":"planted",
  "9":"defused",
  "10":"planted",
  "11":"defused",
  "12":"planted",
  "13":"defused",
  "14":"planted",
  "15":"exploded"
 },
 "site":{
  "0":"BombsiteB",
  "1":"BombsiteB",
  "2":"BombsiteB",
  "3":"BombsiteB",
  "4":"BombsiteB",
  "5":"BombsiteB",
  "6":"BombsiteB",
  "7":"BombsiteB",
  "8":"BombsiteA",
  "9":"BombsiteA",
  "10":"BombsiteB",
  "11":"BombsiteB",
  "12":"BombsiteA",
  "13":"BombsiteA",
  "14":"BombsiteB",
  "15":"BombsiteB"
 },
 "X":{
  "0":-1136.03125,
  "1":-1048.6754150391,
  "2":-1048.6754150391,
  "3":-1062.0872802734,
  "4":-1062.0872802734,
  "5":-871.0317993164,
  "6":-1043.4830322266,
  "7":-1007.8755493164,
  "8":1312.0299072266,
  "9":1328.5096435547,
  "10":-1136.0314941406,
  "11":-1144.8491210938,
  "12":1203.0384521484,
  "13":1170.7236328125,
  "14":-1136.03125,
  "15":-1136.03125
 },
 "Y":{
  "0":699.96875,
  "1":599.9685668945,
  "2":599.9685668945,
  "3":599.9692382812,
  "4":599.9692382812,
  "5":530.3883666992,
  "6":599.9669189453,
  "7":586.7366333008,
  "8":2163.9641113281,
  "9":2106.5805664062,
  "10":699.9361572266,
  "11":640.1003417969,
  "12":2002.0280761719,
  "13":2053.9213867188,
  "14":695.0475463867,
  "15":695.0475463867
 },
 "Z":{
  "0":-1.96875,
  "1":-1.96875,
  "2":-1.96875,
  "3":-1.96875,
  "4":-1.96875,
  "5":0.03125,
  "6":-1.96875,
  "7":-3.96875,
  "8":-191.96875,
  "9":-191.96875,
  "10":-1.96875,
  "11":-3.96875,
  "12":-191.96875,
  "13":-191.96875,
  "14":-1.96875,
  "15":-1.96875
 },
 "round":{
  "0":1,
  "1":2,
  "2":2,
  "3":3,
  "4":3,
  "5":5,
  "6":8,
  "7":8,
  "8":10,
  "9":10,
  "10":11,
  "11":11,
  "12":14,
  "13":14,
  "14":15,
  "15":15
 }
}