{
 "tick":{
  "0":1412,
  "1":36934,
  "2":39558,
  "3":43030,
  "4":45654,
  "5":143332,
  "6":162379,
  "7":163102,
  "8":167310,
  "9":169438
 },
 "event":{
  "0":"planted",
  "1":"planted",
  "2":"exploded",
  "3":"planted",
  "4":"exploded",
  "5":"planted",
  "6":"planted",
  "7":"defused",
  "8":"planted",
  "9":"defused"
 },
 "site":{
  "0":"BombsiteB",
  "1":"BombsiteB",
  "2":"BombsiteB",
  "3":"BombsiteA",
  "4":"BombsiteA",
  "5":"BombsiteB",
  "6":"BombsiteB",
  "7":"BombsiteB",
  "8":"BombsiteA",
  "9":"BombsiteA"
 },
 "X":{
  "0":869.0313720703,
  "1":869.0317382812,
  "2":869.0317382812,
  "3":-1562.6602783203,
  "4":-1562.6602783203,
  "5":1016.9785766602,
  "6":869.0313110352,
  "7":911.5709228516,
  "8":-1568.3604736328,
  "9":-1512.2039794922
 },
 "Y":{
  "0":74.1620483398,
  "1":59.717502594,
  "2":59.717502594,
  "3":700.880065918,
  "4":700.880065918,
  "5":-70.8189086914,
  "6":65.01902771,
  "7":109.268409729,
  "8":696.5504760742,
  "9":709.3106079102
 },
 "Z":{
  "0":130.9011077881,
  "1":130.9011077881,
  "2":130.9011077881,
  "3":56.03125,
  "4":56.03125,
  "5":134.03125,
  "6":130.9011077881,
  "7":130.03125,
  "8":56.03125,
  "9":56.03125
 },
 "round":{
  "0":1,
  "1":7,
  "2":7,
  "3":8,
  "4":8,
  "5":19,
  "6":20,
  "7":20,
  "8":21,
  "9":21
 }
}