{
 "tick":{
  "0":5554,
  "1":10316,
  "2":12940,
  "3":16405,
  "4":19029,
  "5":23929,
  "6":26553,
  "7":31265,
  "8":49213,
  "9":50849,
  "10":58407,
  "11":67344,
  "12":69968,
  "13":78008,
  "14":79595,
  "15":84969,
  "16":87242,
  "17":95307
 },
 "event":{
  "0":"planted",
  "1":"planted",
  "2":"exploded",
  "3":"planted",
  "4":"exploded",
  "5":"planted",
  "6":"exploded",
  "7":"planted",
  "8":"planted",
  "9":"defused",
  "10":"planted",
  "11":"planted",
  "12":"exploded",
  "13":"planted",
  "14":"defused",
  "15":"planted",
  "16":"defused",
  "17":"planted"
 },
 "site":{
  "0":"BombsiteB",
  "1":"BombsiteA",
  "2":"BombsiteA",
  "3":"BombsiteB",
  "4":"BombsiteB",
  "5":"BombsiteA",
  "6":"BombsiteA",
  "7":"BombsiteA",
  "8":"BombsiteB",
  "9":"BombsiteB",
  "10":"BombsiteA",
  "11":"BombsiteA",
  "12":"BombsiteA",
  "13":"BombsiteB",
  "14":"BombsiteB",
  "15":"BombsiteA",
  "16":"BombsiteA",
  "17":"BombsiteB"
 },
 "X":{
  "0":-1136.0313720703,
  "1":1167.0848388672,
  "2":1167.0848388672,
  "3":-1136.03125,
  "4":-1136.03125,
  "5":1490.4416503906,
  "6":1490.4416503906,
  "7":1473.7836914062,
  "8":-906.1939697266,
  "9":-921.2507324219,
  "10":1490.3436279297,
  "11":1282.7272949219,
  "12":1282.7272949219,
  "13":-1195.375,
  "14":-1218.40625,
  "15":1271.2316894531,
  "16":1324.1311035156,
  "17":-1047.7502441406
 },
 "Y":{
  "0":691.0267944336,
  "1":1747.5266113281,
  "2":1747.5266113281,
  "3":699.96875,
  "4":699.96875,
  "5":2171.1611328125,
  "6":2171.1611328125,
  "7":2154.9985351562,
  "8":614.9887084961,
  "9":556.2768554688,
  "10":2040.8062744141,
  "11":1873.7750244141,
  "12":1873.7750244141,
  "13":868.385925293,
  "14":822.5081176758,
  "15":1967.5659179688,
  "16":1998.9385986328,
  "17":599.9686279297
 },
 "Z":{
  "0":-1.96875,
  "1":-183.5316772461,
  "2":-183.5316772461,
  "3":-1.96875,
  "4":-1.96875,
  "5":-187.1883544922,
  "6":-187.1883544922,
  "7":-191.96875,
  "8":-3.96875,
  "9":-2.813659668,
  "10":-191.96875,
  "11":-189.2615966797,
  "12":-189.2615966797,
  "13":0.03125,
  "14":0.0312480927,
  "15":-191.96875,
  "16":-187.3972167969,
  "17":-1.96875
 },
 "round":{
  "0":2,
  "1":3,
  "2":3,
  "3":4,
  "4":4,
  "5":5,
  "6":5,
  "7":6,
  "8":8,
  "9":8,
  "10":9,
  "11":10,
  "12":10,
  "13":11,
  "14":11,
  "15":12,
  "16":12,
  "17":13
 }
}