{
 "tick":{
  "0":5303,
  "1":7927,
  "2":13831,
  "3":16455,
  "4":22224,
  "5":29852,
  "6":32476,
  "7":39800,
  "8":42424,
  "9":49908,
  "10":50840,
  "11":55268,
  "12":57892,
  "13":64111,
  "14":66735,
  "15":89592,
  "16":98719,
  "17":106338,
  "18":108962,
  "19":126328
 },
 "event":{
  "0":"planted",
  "1":"exploded",
  "2":"planted",
  "3":"exploded",
  "4":"planted",
  "5":"planted",
  "6":"exploded",
  "7":"planted",
  "8":"exploded",
  "9":"planted",
  "10":"defused",
  "11":"planted",
  "12":"exploded",
  "13":"planted",
  "14":"exploded",
  "15":"planted",
  "16":"planted",
  "17":"planted",
  "18":"exploded",
  "19":"planted"
 },
 "site":{
  "0":"BombsiteA",
  "1":"BombsiteA",
  "2":"BombsiteB",
  "3":"BombsiteB",
  "4":"BombsiteB",
  "5":"BombsiteB",
  "6":"BombsiteB",
  "7":"BombsiteA",
  "8":"BombsiteA",
  "9":"BombsiteB",
  "10":"BombsiteB",
  "11":"BombsiteA",
  "12":"BombsiteA",
  "13":"BombsiteB",
  "14":"BombsiteB",
  "15":"BombsiteA",
  "16":"BombsiteB",
  "17":"BombsiteB",
  "18":"BombsiteB",
  "19":"BombsiteB"
 },
 "X":{
  "0":2091.2790527344,
  "1":2091.2790527344,
  "2":540.0657958984,
  "3":540.0657958984,
  "4":568.9453735352,
  "5":508.7585144043,
  "6":508.7585144043,
  "7":1966.0314941406,
  "8":1966.0314941406,
  "9":544.7854003906,
  "10":500.5227661133,
  "11":2076.2707519531,
  "12":2076.2707519531,
  "13":314.809753418,
  "14":314.809753418,
  "15":2097.2192382812,
  "16":546.483581543,
  "17":312.5283203125,
  "18":312.5283203125,
  "19":455.2640991211
 },
 "Y":{
  "0":182.2357330322,
  "1":182.2357330322,
  "2":2978.8723144531,
  "3":2978.8723144531,
  "4":2725.5568847656,
  "5":2906.3190917969,
  "6":2906.3190917969,
  "7":721.9202270508,
  "8":721.9202270508,
  "9":2937.6813964844,
  "10":2979.4333496094,
  "11":178.6878814697,
  "12":178.6878814697,
  "13":2765.84375,
  "14":2765.84375,
  "15":181.3730926514,
  "16":2944.9245605469,
  "17":2779.3818359375,
  "18":2779.3818359375,
  "19":2603.2556152344
 },
 "Z":{
  "0":160.03125,
  "1":160.03125,
  "2":161.5312347412,
  "3":161.5312347412,
  "4":161.5312347412,
  "5":161.5312347412,
  "6":161.5312347412,
  "7":160.03125,
  "8":160.03125,
  "9":161.5312347412,
  "10":161.5312347412,
  "11":160.03125,
  "12":160.03125,
  "13":184.2997589111,
  "14":184.2997589111,
  "15":160.03125,
  "16":161.5312347412,
  "17":184.2997589111,
  "18":184.2997589111,
  "19":161.53125
 },
 "round":{
  "0":1,
  "1":1,
  "2":2,
  "3":2,
  "4":3,
  "5":4,
  "6":4,
  "7":5,
  "8":5,
  "9":6,
  "10":6,
  "11":7,
  "12":7,
  "13":8,
  "14":8,
  "15":12,
  "16":13,
  "17":14,
  "18":14,
  "19":16
 }
}