{
 "tick":{
  "0":11097,
  "1":15521,
  "2":22174,
  "3":24798,
  "4":32172,
  "5":49831,
  "6":51375,
  "7":54394,
  "8":56741,
  "9":61785,
  "10":71074,
  "11":82887,
  "12":85317,
  "13":88522,
  "14":95349,
  "15":104977,
  "16":107601,
  "17":117932,
  "18":125746,
  "19":127664
 },
 "event":{
  "0":"planted",
  "1":"planted",
  "2":"planted",
  "3":"exploded",
  "4":"planted",
  "5":"planted",
  "6":"defused",
  "7":"planted",
  "8":"defused",
  "9":"planted",
  "10":"planted",
  "11":"planted",
  "12":"defused",
  "13":"planted",
  "14":"planted",
  "15":"planted",
  "16":"exploded",
  "17":"planted",
  "18":"planted",
  "19":"defused"
 },
 "site":{
  "0":"BombsiteA",
  "1":"BombsiteB",
  "2":"BombsiteB",
  "3":"BombsiteB",
  "4":"BombsiteB",
  "5":"BombsiteA",
  "6":"BombsiteA",
  "7":"BombsiteA",
  "8":"BombsiteA",
  "9":"BombsiteB",
  "10":"BombsiteB",
  "11":"BombsiteA",
  "12":"BombsiteA",
  "13":"BombsiteB",
  "14":"BombsiteA",
  "15":"BombsiteA",
  "16":"BombsiteA",
  "17":"BombsiteB",
  "18":"BombsiteB",
  "19":"BombsiteB"
 },
 "X":{
  "0":1093.6834716797,
  "1":-1049.8702392578,
  "2":-1068.5363769531,
  "3":-1068.5363769531,
  "4":-1136.0313720703,
  "5":1288.0675048828,
  "6":1282.5882568359,
  "7":1213.8610839844,
  "8":1269.6750488281,
  "9":-1136.0313720703,
  "10":-1058.2496337891,
  "11":1284.3477783203,
  "12":1279.3461914062,
  "13":-1031.8231201172,
  "14":1280.0280761719,
  "15":1000.6665649414,
  "16":1000.6665649414,
  "17":-938.8504638672,
  "18":-1136.0313720703,
  "19":-1183.8380126953
 },
 "Y":{
  "0":1939.8068847656,
  "1":599.9685668945,
  "2":599.9686279297,
  "3":599.9686279297,
  "4":674.4172973633,
  "5":1882.4953613281,
  "6":1943.9132080078,
  "7":1808.9735107422,
  "8":1828.5504150391,
  "9":699.5618896484,
  "10":599.9678955078,
  "11":1922.1346435547,
  "12":1860.7026367188,
  "13":599.9661865234,
  "14":1908.7536621094,
  "15":1764.9281005859,
  "16":1764.9281005859,
  "17":645.9685668945,
  "18":699.96875,
  "19":666.9331054688
 },
 "Z":{
  "0":-191.96875,
  "1":-1.96875,
  "2":-1.96875,
  "3":-1.96875,
  "4":-1.96875,
  "5":-191.96875,
  "6":-191.96875,
  "7":-182.0557861328,
  "8":-191.96875,
  "9":-1.96875,
  "10":-1.96875,
  "11":-183.4572753906,
  "12":-191.96875,
  "13":-1.96875,
  "14":-179.3946533203,
  "15":-191.96875,
  "16":-191.96875,
  "17":-3.96875,
  "18":-1.96875,
  "19":-3.96875
 },
 "round":{
  "0":1,
  "1":2,
  "2":3,
  "3":3,
  "4":4,
  "5":6,
  "6":6,
  "7":7,
  "8":7,
  "9":8,
  "10":9,
  "11":11,
  "12":11,
  "13":12,
  "14":13,
  "15":14,
  "16":14,
  "17":16,
  "18":17,
  "19":17
 }
}