{
 "tick":{
  "0":11237,
  "1":37173,
  "2":42368,
  "3":44992,
  "4":57120,
  "5":66742,
  "6":69366,
  "7":76419,
  "8":81594,
  "9":84218,
  "10":94819,
  "11":100626
 },
 "event":{
  "0":"planted",
  "1":"planted",
  "2":"planted",
  "3":"exploded",
  "4":"planted",
  "5":"planted",
  "6":"exploded",
  "7":"planted",
  "8":"planted",
  "9":"exploded",
  "10":"planted",
  "11":"planted"
 },
 "site":{
  "0":"BombsiteB",
  "1":"BombsiteA",
  "2":"BombsiteB",
  "3":"BombsiteB",
  "4":"BombsiteA",
  "5":"BombsiteB",
  "6":"BombsiteB",
  "7":"BombsiteA",
  "8":"BombsiteA",
  "9":"BombsiteA",
  "10":"BombsiteB",
  "11":"BombsiteA"
 },
 "X":{
  "0":634.5388793945,
  "1":748.7391967773,
  "2":343.3522949219,
  "3":343.3522949219,
  "4":721.5172119141,
  "5":340.0318603516,
  "6":340.0318603516,
  "7":694.4587402344,
  "8":496.0313720703,
  "9":496.0313720703,
  "10":722.3969116211,
  "11":696.3264770508
 },
 "Y":{
  "0":-1256.0313720703,
  "1":-772.7125854492,
  "2":-714.1136474609,
  "3":-714.1136474609,
  "4":-612.2738037109,
  "5":-691.3285522461,
  "6":-691.3285522461,
  "7":-765.3753051758,
  "8":-938.3165283203,
  "9":-938.3165283203,
  "10":-1166.5943603516,
  "11":-777.1362304688
 },
 "Z":{
  "0":-768.84375,
  "1":-399.9682617188,
  "2":-765.96875,
  "3":-765.96875,
  "4":-399.9682617188,
  "5":-765.96875,
  "6":-765.96875,
  "7":-399.96875,
  "8":-412.2386474609,
  "9":-412.2386474609,
  "10":-768.96875,
  "11":-399.96875
 },
 "round":{
  "0":1,
  "1":5,
  "2":6,
  "3":6,
  "4":8,
  "5":9,
  "6":9,
  "7":10,
  "8":11,
  "9":11,
  "10":13,
  "11":14
 }
}