{
 "tick":{
  "0":5146,
  "1":11973,
  "2":41206,
  "3":45618,
  "4":48242,
  "5":82988,
  "6":84858,
  "7":92617,
  "8":94492,
  "9":101005,
  "10":102843,
  "11":108968,
  "12":111592,
  "13":122280,
  "14":134253,
  "15":141889,
  "16":148150,
  "17":150774,
  "18":192023
 },
 "event":{
  "0":"planted",
  "1":"planted",
  "2":"planted",
  "3":"planted",
  "4":"exploded",
  "5":"planted",
  "6":"defused",
  "7":"planted",
  "8":"defused",
  "9":"planted",
  "10":"defused",
  "11":"planted",
  "12":"exploded",
  "13":"planted",
  "14":"planted",
  "15":"planted",
  "16":"planted",
  "17":"exploded",
  "18":"planted"
 },
 "site":{
  "0":"BombsiteA",
  "1":"BombsiteA",
  "2":"BombsiteA",
  "3":"BombsiteA",
  "4":"BombsiteA",
  "5":"BombsiteB",
  "6":"BombsiteB",
  "7":"BombsiteA",
  "8":"BombsiteA",
  "9":"BombsiteB",
  "10":"BombsiteB",
  "11":"BombsiteA",
  "12":"BombsiteA",
  "13":"BombsiteB",
  "14":"BombsiteB",
  "15":"BombsiteA",
  "16":"BombsiteB",
  "17":"BombsiteB",
  "18":"BombsiteB"
 },
 "X":{
  "0":754.065612793,
  "1":778.7051391602,
  "2":643.4458618164,
  "3":675.7695922852,
  "4":675.7695922852,
  "5":494.8981933594,
  "6":531.9765625,
  "7":556.7329101562,
  "8":509.4304199219,
  "9":576.0488891602,
  "10":530.2424926758,
  "11":792.2347412109,
  "12":792.2347412109,
  "13":733.2639160156,
  "14":340.0276794434,
  "15":659.5134277344,
  "16":340.0313110352,
  "17":340.0313110352,
  "18":340.0313415527
 },
 "Y":{
  "0":-605.9712524414,
  "1":-770.0316162109,
  "2":-778.8555908203,
  "3":-764.0996704102,
  "4":-764.0996704102,
  "5":-1188.7524414062,
  "6":-1238.2313232422,
  "7":-885.2917480469,
  "8":-845.3099365234,
  "9":-1232.9661865234,
  "10":-1271.6384277344,
  "11":-606.1563720703,
  "12":-606.1563720703,
  "13":-1119.2407226562,
  "14":-703.3809814453,
  "15":-767.3336791992,
  "16":-699.5618286133,
  "17":-699.5618286133,
  "18":-705.1190185547
 },
 "Z":{
  "0":-399.9682617188,
  "1":-399.9682617188,
  "2":-415.96875,
  "3":-399.96875,
  "4":-399.96875,
  "5":-769.96875,
  "6":-769.96875,
  "7":-399.96875,
  "8":-399.96875,
  "9":-752.96875,
  "10":-769.96875,
  "11":-399.9683227539,
  "12":-399.9683227539,
  "13":-768.96875,
  "14":-765.96875,
  "15":-399.96875,
  "16":-765.96875,
  "17":-765.96875,
  "18":-765.96875
 },
 "round":{
  "0":1,
  "1":2,
  "2":6,
  "3":7,
  "4":7,
  "5":9,
  "6":9,
  "7":10,
  "8":10,
  "9":11,
  "10":11,
  "11":12,
  "12":12,
  "13":14,
  "14":16,
  "15":17,
  "16":18,
  "17":18,
  "18":23
 }
}