{
 "tick":{
  "0":2037,
  "1":15011,
  "2":17635,
  "3":26089,
  "4":28498,
  "5":31841,
  "6":34331,
  "7":56685,
  "8":58836,
  "9":67343,
  "10":69967,
  "11":94517,
  "12":98819,
  "13":107578,
  "14":111366,
  "15":113990,
  "16":151535,
  "17":152904,
  "18":181297,
  "19":182045
 },
 "event":{
  "0":"planted",
  "1":"planted",
  "2":"exploded",
  "3":"planted",
  "4":"defused",
  "5":"planted",
  "6":"defused",
  "7":"planted",
  "8":"defused",
  "9":"planted",
  "10":"exploded",
  "11":"planted",
  "12":"planted",
  "13":"planted",
  "14":"planted",
  "15":"exploded",
  "16":"planted",
  "17":"defused",
  "18":"planted",
  "19":"defused"
 },
 "site":{
  "0":"BombsiteA",
  "1":"BombsiteA",
  "2":"BombsiteA",
  "3":"BombsiteA",
  "4":"BombsiteA",
  "5":"BombsiteB",
  "6":"BombsiteB",
  "7":"BombsiteB",
  "8":"BombsiteB",
  "9":"BombsiteB",
  "10":"BombsiteB",
  "11":"BombsiteA",
  "12":"BombsiteA",
  "13":"BombsiteA",
  "14":"BombsiteA",
  "15":"BombsiteA",
  "16":"BombsiteA",
  "17":"BombsiteA",
  "18":"BombsiteA",
  "19":"BombsiteA"
 },
 "X":{
  "0":784.9043579102,
  "1":533.5064086914,
  "2":533.5064086914,
  "3":650.6122436523,
  "4":691.7498779297,
  "5":340.2133178711,
  "6":340.0320129395,
  "7":367.3040161133,
  "8":409.7270202637,
  "9":709.4042358398,
  "10":709.4042358398,
  "11":650.428527832,
  "12":740.7077026367,
  "13":622.2620239258,
  "14":743.0877075195,
  "15":743.0877075195,
  "16":783.0708007812,
  "17":842.9321289062,
  "18":802.1958007812,
  "19":768.002746582
 },
 "Y":{
  "0":-606.1478271484,
  "1":-935.0944824219,
  "2":-935.0944824219,
  "3":-607.9686279297,
  "4":-599.2263183594,
  "5":-717.0869140625,
  "6":-738.334777832,
  "7":-704.0850219727,
  "8":-661.9236450195,
  "9":-1126.7622070312,
  "10":-1126.7622070312,
  "11":-776.7358398438,
  "12":-772.3293457031,
  "13":-785.6932373047,
  "14":-772.3289794922,
  "15":-772.3289794922,
  "16":-605.96875,
  "17":-608.4434204102,
  "18":-609.5654296875,
  "19":-596.9718017578
 },
 "Z":{
  "0":-399.9683837891,
  "1":-410.8530273438,
  "2":-410.8530273438,
  "3":-415.96875,
  "4":-399.96875,
  "5":-765.96875,
  "6":-771.96875,
  "7":-765.96875,
  "8":-767.96875,
  "9":-752.96875,
  "10":-752.96875,
  "11":-415.96875,
  "12":-399.9682617188,
  "13":-415.96875,
  "14":-399.9682617188,
  "15":-399.9682617188,
  "16":-399.9683837891,
  "17":-399.9682617188,
  "18":-399.9682617188,
  "19":-399.9683227539
 },
 "round":{
  "0":1,
  "1":3,
  "2":3,
  "3":4,
  "4":4,
  "5":5,
  "6":5,
  "7":8,
  "8":8,
  "9":9,
  "10":9,
  "11":12,
  "12":13,
  "13":14,
  "14":15,
  "15":15,
  "16":20,
  "17":20,
  "18":24,
  "19":24
 }
}