{
 "tick":{
  "0":2999,
  "1":7558,
  "2":44169,
  "3":46793,
  "4":56836,
  "5":66813,
  "6":68550,
  "7":90653,
  "8":91361,
  "9":97921,
  "10":100127,
  "11":109384,
  "12":114618,
  "13":138641,
  "14":139251,
  "15":144465,
  "16":145609,
  "17":154609,
  "18":155317,
  "19":164394,
  "20":181546
 },
 "event":{
  "0":"planted",
  "1":"planted",
  "2":"planted",
  "3":"exploded",
  "4":"planted",
  "5":"planted",
  "6":"defused",
  "7":"planted",
  "8":"defused",
  "9":"planted",
  "10":"defused",
  "11":"planted",
  "12":"planted",
  "13":"planted",
  "14":"defused",
  "15":"planted",
  "16":"defused",
  "17":"planted",
  "18":"defused",
  "19":"planted",
  "20":"planted"
 },
 "site":{
  "0":"BombsiteB",
  "1":"BombsiteB",
  "2":"BombsiteB",
  "3":"BombsiteB",
  "4":"BombsiteA",
  "5":"BombsiteB",
  "6":"BombsiteB",
  "7":"BombsiteA",
  "8":"BombsiteA",
  "9":"BombsiteA",
  "10":"BombsiteA",
  "11":"BombsiteA",
  "12":"BombsiteB",
  "13":"BombsiteA",
  "14":"BombsiteA",
  "15":"BombsiteA",
  "16":"BombsiteA",
  "17":"BombsiteB",
  "18":"BombsiteB",
  "19":"BombsiteA",
  "20":"BombsiteB"
 },
 "X":{
  "0":869.1027832031,
  "1":787.8893432617,
  "2":869.0293579102,
  "3":869.0293579102,
  "4":-1295.7073974609,
  "5":1041.1336669922,
  "6":1001.1925048828,
  "7":-1250.7265625,
  "8":-1277.2452392578,
  "9":-1245.3308105469,
  "10":-1222.4097900391,
  "11":-1240.53125,
  "12":869.0306396484,
  "13":-1572.0167236328,
  "14":-1515.4985351562,
  "15":-1292.2547607422,
  "16":-1328.1478271484,
  "17":786.1860961914,
  "18":840.3692626953,
  "19":-1251.3045654297,
  "20":802.8687744141
 },
 "Y":{
  "0":78.7495803833,
  "1":4.9686279297,
  "2":82.96875,
  "3":82.96875,
  "4":709.0508422852,
  "5":-87.5449829102,
  "6":-81.9055175781,
  "7":728.4429931641,
  "8":711.6089477539,
  "9":729.9684448242,
  "10":674.1416015625,
  "11":729.9685058594,
  "12":57.9524879456,
  "13":696.9612426758,
  "14":719.5717163086,
  "15":774.2755126953,
  "16":824.0540771484,
  "17":4.9687309265,
  "18":-20.1028442383,
  "19":729.9686279297,
  "20":4.9686293602
 },
 "Z":{
  "0":130.9011077881,
  "1":130.9011230469,
  "2":130.9011077881,
  "3":130.9011077881,
  "4":56.03125,
  "5":134.03125,
  "6":134.03125,
  "7":56.03125,
  "8":56.03125,
  "9":56.03125,
  "10":58.2812538147,
  "11":56.03125,
  "12":130.9011077881,
  "13":56.03125,
  "14":56.03125,
  "15":54.03125,
  "16":54.03125,
  "17":130.9011230469,
  "18":130.03125,
  "19":56.03125,
  "20":130.9011230469
 },
 "round":{
  "0":1,
  "1":2,
  "2":6,
  "3":6,
  "4":7,
  "5":8,
  "6":8,
  "7":11,
  "8":11,
  "9":12,
  "10":12,
  "11":13,
  "12":14,
  "13":18,
  "14":18,
  "15":19,
  "16":19,
  "17":20,
  "18":20,
  "19":21,
  "20":23
 }
}