{
 "tick":{
  "0":32353,
  "1":34977,
  "2":43497,
  "3":46121,
  "4":51698,
  "5":54322,
  "6":57335,
  "7":59801,
  "8":91922,
  "9":94196,
  "10":103875,
  "11":106499,
  "12":113856,
  "13":116480,
  "14":129496,
  "15":143809
 },
 "event":{
  "0":"planted",
  "1":"exploded",
  "2":"planted",
  "3":"exploded",
  "4":"planted",
  "5":"exploded",
  "6":"planted",
  "7":"defused",
  "8":"planted",
  "9":"defused",
  "10":"planted",
  "11":"exploded",
  "12":"planted",
  "13":"exploded",
  "14":"planted",
  "15":"planted"
 },
 "site":{
  "0":"BombsiteB",
  "1":"BombsiteB",
  "2":"BombsiteB",
  "3":"BombsiteB",
  "4":"BombsiteB",
  "5":"BombsiteB",
  "6":"BombsiteA",
  "7":"BombsiteA",
  "8":"BombsiteB",
  "9":"BombsiteB",
  "10":"BombsiteA",
  "11":"BombsiteA",
  "12":"BombsiteA",
  "13":"BombsiteA",
  "14":"BombsiteB",
  "15":"BombsiteB"
 },
 "X":{
  "0":800.3190917969,
  "1":800.3190917969,
  "2":794.6561889648,
  "3":794.6561889648,
  "4":869.0313720703,
  "5":869.0313720703,
  "6":-1570.0350341797,
  "7":-1590.6564941406,
  "8":788.1397094727,
  "9":837.6420898438,
  "10":-1255.4058837891,
  "11":-1255.4058837891,
  "12":-1565.3972167969,
  "13":-1565.3972167969,
  "14":791.1093139648,
  "15":804.7495727539
 },
 "Y":{
  "0":4.9678573608,
  "1":4.9678573608,
  "2":4.9696736336,
  "3":4.9696736336,
  "4":82.96875,
  "5":82.96875,
  "6":967.8391113281,
  "7":909.8750610352,
  "8":4.9684596062,
  "9":-29.5405273438,
  "10":725.4771728516,
  "11":725.4771728516,
  "12":713.0239257812,
  "13":713.0239257812,
  "14":-2.0402832031,
  "15":152.0314941406
 },
 "Z":{
  "0":130.9011230469,
  "1":130.9011230469,
  "2":130.9011230469,
  "3":130.9011230469,
  "4":130.9011077881,
  "5":130.9011077881,
  "6":56.0312538147,
  "7":55.7066688538,
  "8":130.9011230469,
  "9":130.03125,
  "10":56.03125,
  "11":56.03125,
  "12":56.03125,
  "13":56.03125,
  "14":130.9011230469,
  "15":130.9011077881
 },
 "round":{
  "0":6,
  "1":6,
  "2":7,
  "3":7,
  "4":8,
  "5":8,
  "6":9,
  "7":9,
  "8":14,
  "9":14,
  "10":15,
  "11":15,
  "12":16,
  "13":16,
  "14":18,
  "15":21
 }
}