{
 "tick":{
  "0":3279,
  "1":17760,
  "2":20384,
  "3":59240,
  "4":61009,
  "5":66333,
  "6":76265,
  "7":78889,
  "8":87129,
  "9":99180,
  "10":106142,
  "11":114149
 },
 "event":{
  "0":"planted",
  "1":"planted",
  "2":"exploded",
  "3":"planted",
  "4":"defused",
  "5":"planted",
  "6":"planted",
  "7":"exploded",
  "8":"planted",
  "9":"planted",
  "10":"planted",
  "11":"planted"
 },
 "site":{
  "0":"BombsiteB",
  "1":"BombsiteB",
  "2":"BombsiteB",
  "3":"BombsiteB",
  "4":"BombsiteB",
  "5":"BombsiteB",
  "6":"BombsiteA",
  "7":"BombsiteA",
  "8":"BombsiteA",
  "9":"BombsiteB",
  "10":"BombsiteB",
  "11":"BombsiteB"
 },
 "X":{
  "0":-2304.1721191406,
  "1":-2216.0314941406,
  "2":-2216.0314941406,
  "3":-2216.03125,
  "4":-2269.5375976562,
  "5":-2216.03125,
  "6":-347.03125,
  "7":-347.03125,
  "8":-359.1643066406,
  "9":-2150.3854980469,
  "10":-2216.0314941406,
  "11":-2216.03125
 },
 "Y":{
  "0":871.2977905273,
  "1":868.9960327148,
  "2":868.9960327148,
  "3":889.5848999023,
  "4":863.5903320312,
  "5":872.4057006836,
  "6":-682.8167114258,
  "7":-682.8167114258,
  "8":-685.5131225586,
  "9":725.7379760742,
  "10":886.6852416992,
  "11":853.1142578125
 },
 "Z":{
  "0":11744.03125,
  "1":11744.03125,
  "2":11744.03125,
  "3":11744.03125,
  "4":11744.03125,
  "5":11744.03125,
  "6":11774.1337890625,
  "7":11774.1337890625,
  "8":11774.470703125,
  "9":11744.03125,
  "10":11744.03125,
  "11":11744.03125
 },
 "round":{
  "0":1,
  "1":4,
  "2":4,
  "3":6,
  "4":6,
  "5":7,
  "6":8,
  "7":8,
  "8":9,
  "9":10,
  "10":11,
  "11":12
 }
}