{
 "tick":{
  "0":5588,
  "1":12225,
  "2":14849,
  "3":19927,
  "4":47391,
  "5":76117,
  "6":85219,
  "7":87843,
  "8":98918,
  "9":108588,
  "10":111212,
  "11":128588,
  "12":131212
 },
 "event":{
  "0":"planted",
  "1":"planted",
  "2":"exploded",
  "3":"planted",
  "4":"planted",
  "5":"planted",
  "6":"planted",
  "7":"exploded",
  "8":"planted",
  "9":"planted",
  "10":"exploded",
  "11":"planted",
  "12":"exploded"
 },
 "site":{
  "0":"BombsiteA",
  "1":"BombsiteB",
  "2":"BombsiteB",
  "3":"BombsiteA",
  "4":"BombsiteA",
  "5":"BombsiteB",
  "6":"BombsiteA",
  "7":"BombsiteA",
  "8":"BombsiteA",
  "9":"BombsiteA",
  "10":"BombsiteA",
  "11":"BombsiteA",
  "12":"BombsiteA"
 },
 "X":{
  "0":-286.2003173828,
  "1":-1987.0336914062,
  "2":-1987.0336914062,
  "3":-472.9417724609,
  "4":-479.7102050781,
  "5":-1969.03125,
  "6":-253.9686889648,
  "7":-253.9686889648,
  "8":-250.4462280273,
  "9":-310.7048339844,
  "10":-310.7048339844,
  "11":-313.285949707,
  "12":-313.285949707
 },
 "Y":{
  "0":-2159.5673828125,
  "1":424.1912231445,
  "2":424.1912231445,
  "3":-2015.2697753906,
  "4":-2026.9558105469,
  "5":450.03125,
  "6":-2134.0754394531,
  "7":-2134.0754394531,
  "8":-2137.0317382812,
  "9":-2024.66015625,
  "10":-2024.66015625,
  "11":-2027.2415771484,
  "12":-2027.2415771484
 },
 "Z":{
  "0":-173.8826293945,
  "1":-159.96875,
  "2":-159.96875,
  "3":-179.96875,
  "4":-179.96875,
  "5":-159.96875,
  "6":-172.9469604492,
  "7":-172.9469604492,
  "8":-172.7652587891,
  "9":-173.1272583008,
  "10":-173.1272583008,
  "11":-173.4714355469,
  "12":-173.4714355469
 },
 "round":{
  "0":1,
  "1":2,
  "2":2,
  "3":3,
  "4":6,
  "5":10,
  "6":11,
  "7":11,
  "8":13,
  "9":14,
  "10":14,
  "11":17,
  "12":17
 }
}