{
 "tick":{
  "0":20903,
  "1":45478,
  "2":47576,
  "3":57670,
  "4":86037,
  "5":88661,
  "6":92001,
  "7":94625,
  "8":102610,
  "9":107117,
  "10":112443,
  "11":115748,
  "12":118372,
  "13":123176,
  "14":125800,
  "15":149560,
  "16":150132,
  "17":163143
 },
 "event":{
  "0":"planted",
  "1":"planted",
  "2":"defused",
  "3":"planted",
  "4":"planted",
  "5":"exploded",
  "6":"planted",
  "7":"exploded",
  "8":"planted",
  "9":"planted",
  "10":"planted",
  "11":"planted",
  "12":"exploded",
  "13":"planted",
  "14":"exploded",
  "15":"planted",
  "16":"defused",
  "17":"planted"
 },
 "site":{
  "0":"BombsiteB",
  "1":"BombsiteA",
  "2":"BombsiteA",
  "3":"BombsiteB",
  "4":"BombsiteB",
  "5":"BombsiteB",
  "6":"BombsiteB",
  "7":"BombsiteB",
  "8":"BombsiteA",
  "9":"BombsiteA",
  "10":"BombsiteB",
  "11":"BombsiteB",
  "12":"BombsiteB",
  "13":"BombsiteA",
  "14":"BombsiteA",
  "15":"BombsiteB",
  "16":"BombsiteB",
  "17":"BombsiteB"
 },
 "X":{
  "0":869.0313720703,
  "1":-1251.5163574219,
  "2":-1280.0313720703,
  "3":802.4401245117,
  "4":790.9095458984,
  "5":790.9095458984,
  "6":869.0315551758,
  "7":869.0315551758,
  "8":-1248.2689208984,
  "9":-1251.0867919922,
  "10":1054.3753662109,
  "11":869.0310668945,
  "12":869.0310668945,
  "13":-1253.8170166016,
  "14":-1253.8170166016,
  "15":784.4514160156,
  "16":815.6636352539,
  "17":869.0314331055
 },
 "Y":{
  "0":80.6103286743,
  "1":729.970703125,
  "2":728.7476806641,
  "3":4.9679613113,
  "4":4.9687166214,
  "5":4.9687166214,
  "6":70.9849319458,
  "7":70.9849319458,
  "8":729.967956543,
  "9":729.967956543,
  "10":-55.8778686523,
  "11":79.5970458984,
  "12":79.5970458984,
  "13":729.9713134766,
  "14":729.9713134766,
  "15":4.9712977409,
  "16":-7.4776000977,
  "17":60.5393676758
 },
 "Z":{
  "0":130.9011077881,
  "1":56.03125,
  "2":56.03125,
  "3":130.9011230469,
  "4":130.9011230469,
  "5":130.9011230469,
  "6":130.9011077881,
  "7":130.9011077881,
  "8":56.03125,
  "9":56.03125,
  "10":134.03125,
  "11":130.9011077881,
  "12":130.9011077881,
  "13":56.03125,
  "14":56.03125,
  "15":130.9011230469,
  "16":130.9011077881,
  "17":130.9011077881
 },
 "round":{
  "0":4,
  "1":8,
  "2":8,
  "3":9,
  "4":10,
  "5":10,
  "6":11,
  "7":11,
  "8":12,
  "9":13,
  "10":14,
  "11":15,
  "12":15,
  "13":16,
  "14":16,
  "15":19,
  "16":19,
  "17":21
 }
}