{
 "tick":{
  "0":7870,
  "1":10494,
  "2":62777,
  "3":65401,
  "4":73988,
  "5":131577,
  "6":133381,
  "7":141306,
  "8":157865,
  "9":204543,
  "10":223338,
  "11":226380,
  "12":245452
 },
 "event":{
  "0":"planted",
  "1":"exploded",
  "2":"planted",
  "3":"exploded",
  "4":"planted",
  "5":"planted",
  "6":"defused",
  "7":"planted",
  "8":"planted",
  "9":"planted",
  "10":"planted",
  "11":"planted",
  "12":"planted"
 },
 "site":{
  "0":"BombsiteB",
  "1":"BombsiteB",
  "2":"BombsiteB",
  "3":"BombsiteB",
  "4":"BombsiteA",
  "5":"BombsiteA",
  "6":"BombsiteA",
  "7":"BombsiteB",
  "8":"BombsiteA",
  "9":"BombsiteA",
  "10":"BombsiteA",
  "11":"BombsiteB",
  "12":"BombsiteB"
 },
 "X":{
  "0":-1251.96875,
  "1":-1251.96875,
  "2":-1166.2711181641,
  "3":-1166.2711181641,
  "4":-2582.9350585938,
  "5":-2150.5388183594,
  "6":-2118.5537109375,
  "7":-1166.2611083984,
  "8":-2142.4426269531,
  "9":-2396.3879394531,
  "10":-2514.3850097656,
  "11":-1166.3438720703,
  "12":-1166.2891845703
 },
 "Y":{
  "0":5.0312509537,
  "1":5.0312509537,
  "2":-97.7208862305,
  "3":-97.7208862305,
  "4":639.9561157227,
  "5":569.662902832,
  "6":562.705078125,
  "7":-75.2250366211,
  "8":573.6752319336,
  "9":602.3677978516,
  "10":809.4997558594,
  "11":-95.2451782227,
  "12":-94.99609375
 },
 "Z":{
  "0":103.5312423706,
  "1":103.5312423706,
  "2":103.7893295288,
  "3":103.7893295288,
  "4":484.03125,
  "5":522.1168212891,
  "6":523.6918945312,
  "7":103.7301864624,
  "8":522.2090454102,
  "9":484.0312194824,
  "10":476.5287475586,
  "11":104.2192230225,
  "12":103.8960876465
 },
 "round":{
  "0":2,
  "1":2,
  "2":4,
  "3":4,
  "4":5,
  "5":10,
  "6":10,
  "7":11,
  "8":13,
  "9":17,
  "10":20,
  "11":21,
  "12":23
 }
}