{
 "tick":{
  "0":2489,
  "1":4389,
  "2":32908,
  "3":35532,
  "4":43951,
  "5":51011,
  "6":61689,
  "7":78055,
  "8":80433,
  "9":96863,
  "10":103398,
  "11":107607,
  "12":109729,
  "13":116699,
  "14":119323,
  "15":136497,
  "16":138243,
  "17":149297,
  "18":155814
 },
 "event":{
  "0":"planted",
  "1":"defused",
  "2":"planted",
  "3":"exploded",
  "4":"planted",
  "5":"planted",
  "6":"planted",
  "7":"planted",
  "8":"defused",
  "9":"planted",
  "10":"planted",
  "11":"planted",
  "12":"defused",
  "13":"planted",
  "14":"exploded",
  "15":"planted",
  "16":"defused",
  "17":"planted",
  "18":"planted"
 },
 "site":{
  "0":"BombsiteA",
  "1":"BombsiteA",
  "2":"BombsiteB",
  "3":"BombsiteB",
  "4":"BombsiteB",
  "5":"BombsiteA",
  "6":"BombsiteB",
  "7":"BombsiteA",
  "8":"BombsiteA",
  "9":"BombsiteA",
  "10":"BombsiteB",
  "11":"BombsiteA",
  "12":"BombsiteA",
  "13":"BombsiteB",
  "14":"BombsiteB",
  "15":"BombsiteB",
  "16":"BombsiteB",
  "17":"BombsiteA",
  "18":"BombsiteA"
 },
 "X":{
  "0":1284.5753173828,
  "1":1290.1103515625,
  "2":-1136.0313720703,
  "3":-1136.0313720703,
  "4":-1138.3389892578,
  "5":1293.78125,
  "6":-1136.0307617188,
  "7":1280.0316162109,
  "8":1277.7620849609,
  "9":1094.1524658203,
  "10":-1136.0313720703,
  "11":1262.6461181641,
  "12":1300.0400390625,
  "13":-1021.4410400391,
  "14":-1021.4410400391,
  "15":-1051.1730957031,
  "16":-1036.5281982422,
  "17":1001.0892333984,
  "18":1165.4268798828
 },
 "Y":{
  "0":1898.7852783203,
  "1":1920.0762939453,
  "2":687.9296264648,
  "3":687.9296264648,
  "4":699.9685668945,
  "5":1841.4217529297,
  "6":699.96875,
  "7":1898.3605957031,
  "8":1954.5595703125,
  "9":1942.2684326172,
  "10":699.96875,
  "11":1834.2806396484,
  "12":1881.0729980469,
  "13":599.96484375,
  "14":599.96484375,
  "15":599.9708251953,
  "16":548.7138061523,
  "17":1983.7078857422,
  "18":1771.1197509766
 },
 "Z":{
  "0":-191.96875,
  "1":-191.96875,
  "2":-1.96875,
  "3":-1.96875,
  "4":-1.96875,
  "5":-191.96875,
  "6":-1.96875,
  "7":-179.3979492188,
  "8":-191.96875,
  "9":-183.6041259766,
  "10":-1.96875,
  "11":-182.9749755859,
  "12":-191.96875,
  "13":-1.96875,
  "14":-1.96875,
  "15":-1.96875,
  "16":0.0312485695,
  "17":-191.96875,
  "18":-191.96875
 },
 "round":{
  "0":1,
  "1":1,
  "2":5,
  "3":5,
  "4":6,
  "5":7,
  "6":8,
  "7":10,
  "8":10,
  "9":13,
  "10":14,
  "11":15,
  "12":15,
  "13":16,
  "14":16,
  "15":18,
  "16":18,
  "17":20,
  "18":21
 }
}