{
 "tick":{
  "0":11709,
  "1":46491,
  "2":48604,
  "3":64931,
  "4":67555,
  "5":84994,
  "6":89558,
  "7":109495,
  "8":110810,
  "9":115097,
  "10":117721,
  "11":151524
 },
 "event":{
  "0":"planted",
  "1":"planted",
  "2":"defused",
  "3":"planted",
  "4":"exploded",
  "5":"planted",
  "6":"planted",
  "7":"planted",
  "8":"defused",
  "9":"planted",
  "10":"exploded",
  "11":"planted"
 },
 "site":{
  "0":"BombsiteB",
  "1":"BombsiteA",
  "2":"BombsiteA",
  "3":"BombsiteA",
  "4":"BombsiteA",
  "5":"BombsiteB",
  "6":"BombsiteB",
  "7":"BombsiteB",
  "8":"BombsiteB",
  "9":"BombsiteB",
  "10":"BombsiteB",
  "11":"BombsiteB"
 },
 "X":{
  "0":871.4203491211,
  "1":503.9086303711,
  "2":562.6889648438,
  "3":503.7972412109,
  "4":503.7972412109,
  "5":703.9580688477,
  "6":374.1857910156,
  "7":435.0447692871,
  "8":463.0621643066,
  "9":720.0313720703,
  "10":720.0313720703,
  "11":684.7319946289
 },
 "Y":{
  "0":-838.7913208008,
  "1":-946.9995117188,
  "2":-945.1064453125,
  "3":-934.3292236328,
  "4":-934.3292236328,
  "5":-1113.8432617188,
  "6":-701.0789794922,
  "7":-1317.1391601562,
  "8":-1262.1975097656,
  "9":-1168.6489257812,
  "10":-1168.6489257812,
  "11":-818.835144043
 },
 "Z":{
  "0":-765.96875,
  "1":-413.7272338867,
  "2":-413.2694091797,
  "3":-410.668762207,
  "4":-410.668762207,
  "5":-752.84375,
  "6":-765.96875,
  "7":-765.96875,
  "8":-765.96875,
  "9":-768.96875,
  "10":-768.96875,
  "11":-765.96875
 },
 "round":{
  "0":3,
  "1":7,
  "2":7,
  "3":9,
  "4":9,
  "5":11,
  "6":12,
  "7":13,
  "8":13,
  "9":14,
  "10":14,
  "11":18
 }
}