{
 "tick":{
  "0":7777,
  "1":8649,
  "2":14105,
  "3":23492,
  "4":26116,
  "5":46506,
  "6":49130,
  "7":56125,
  "8":58749,
  "9":83728,
  "10":86352,
  "11":97316,
  "12":106553,
  "13":165120,
  "14":167744
 },
 "event":{
  "0":"planted",
  "1":"defused",
  "2":"planted",
  "3":"planted",
  "4":"exploded",
  "5":"planted",
  "6":"exploded",
  "7":"planted",
  "8":"exploded",
  "9":"planted",
  "10":"exploded",
  "11":"planted",
  "12":"planted",
  "13":"planted",
  "14":"exploded"
 },
 "site":{
  "0":"BombsiteB",
  "1":"BombsiteB",
  "2":"BombsiteB",
  "3":"BombsiteA",
  "4":"BombsiteA",
  "5":"BombsiteB",
  "6":"BombsiteB",
  "7":"BombsiteA",
  "8":"BombsiteA",
  "9":"BombsiteB",
  "10":"BombsiteB",
  "11":"BombsiteB",
  "12":"BombsiteA",
  "13":"BombsiteA",
  "14":"BombsiteA"
 },
 "X":{
  "0":309.9060058594,
  "1":300.1011962891,
  "2":393.6987609863,
  "3":2013.96875,
  "4":2013.96875,
  "5":532.1887207031,
  "6":532.1887207031,
  "7":1819.03125,
  "8":1819.03125,
  "9":545.0983886719,
  "10":545.0983886719,
  "11":308.5537719727,
  "12":1986.6898193359,
  "13":1966.0341796875,
  "14":1966.0341796875
 },
 "Y":{
  "0":2595.9008789062,
  "1":2589.1840820312,
  "2":2953.2053222656,
  "3":715.3486938477,
  "4":715.3486938477,
  "5":2956.6708984375,
  "6":2956.6708984375,
  "7":693.96875,
  "8":693.96875,
  "9":2928.9936523438,
  "10":2928.9936523438,
  "11":2770.9245605469,
  "12":721.9686889648,
  "13":721.9716796875,
  "14":721.9716796875
 },
 "Z":{
  "0":164.03125,
  "1":161.53125,
  "2":161.53125,
  "3":160.03125,
  "4":160.03125,
  "5":161.5312347412,
  "6":161.5312347412,
  "7":160.0095977783,
  "8":160.0095977783,
  "9":161.5312347412,
  "10":161.5312347412,
  "11":184.2997589111,
  "12":160.03125,
  "13":160.03125,
  "14":160.03125
 },
 "round":{
  "0":1,
  "1":1,
  "2":2,
  "3":3,
  "4":3,
  "5":4,
  "6":4,
  "7":5,
  "8":5,
  "9":9,
  "10":9,
  "11":10,
  "12":11,
  "13":18,
  "14":18
 }
}