{
 "tick":{
  "0":12348,
  "1":32305,
  "2":33396,
  "3":47080,
  "4":54572,
  "5":56001,
  "6":90458,
  "7":113830,
  "8":126558,
  "9":129182,
  "10":146993,
  "11":148597,
  "12":161129,
  "13":163753,
  "14":171183
 },
 "event":{
  "0":"planted",
  "1":"planted",
  "2":"defused",
  "3":"planted",
  "4":"planted",
  "5":"defused",
  "6":"planted",
  "7":"planted",
  "8":"planted",
  "9":"exploded",
  "10":"planted",
  "11":"defused",
  "12":"planted",
  "13":"exploded",
  "14":"planted"
 },
 "site":{
  "0":"BombsiteB",
  "1":"BombsiteA",
  "2":"BombsiteA",
  "3":"BombsiteA",
  "4":"BombsiteB",
  "5":"BombsiteB",
  "6":"BombsiteB",
  "7":"BombsiteB",
  "8":"BombsiteB",
  "9":"BombsiteB",
  "10":"BombsiteB",
  "11":"BombsiteB",
  "12":"BombsiteB",
  "13":"BombsiteB",
  "14":"BombsiteB"
 },
 "X":{
  "0":643.1434936523,
  "1":778.7684936523,
  "2":718.0718994141,
  "3":665.1018066406,
  "4":347.0600280762,
  "5":365.6838378906,
  "6":340.0316162109,
  "7":721.3012084961,
  "8":340.0307922363,
  "9":340.0307922363,
  "10":491.9966125488,
  "11":551.7614135742,
  "12":424.5675048828,
  "13":424.5675048828,
  "14":355.6837768555
 },
 "Y":{
  "0":-1309.6340332031,
  "1":-550.2797851562,
  "2":-554.0733642578,
  "3":-769.7842407227,
  "4":-716.676940918,
  "5":-689.8659667969,
  "6":-710.7548828125,
  "7":-1140.4893798828,
  "8":-707.6625976562,
  "9":-707.6625976562,
  "10":-1220.4266357422,
  "11":-1229.8521728516,
  "12":-696.3603515625,
  "13":-696.3603515625,
  "14":-708.3115234375
 },
 "Z":{
  "0":-765.96875,
  "1":-399.9683837891,
  "2":-399.9683227539,
  "3":-415.96875,
  "4":-765.96875,
  "5":-765.96875,
  "6":-765.96875,
  "7":-768.96875,
  "8":-765.96875,
  "9":-765.96875,
  "10":-769.96875,
  "11":-769.96875,
  "12":-765.96875,
  "13":-765.96875,
  "14":-765.96875
 },
 "round":{
  "0":2,
  "1":4,
  "2":4,
  "3":6,
  "4":7,
  "5":7,
  "6":11,
  "7":15,
  "8":17,
  "9":17,
  "10":19,
  "11":19,
  "12":21,
  "13":21,
  "14":22
 }
}