{
 "tick":{
  "0":1699,
  "1":3274,
  "2":9643,
  "3":52387,
  "4":54317,
  "5":58516,
  "6":60856,
  "7":89797,
  "8":96029
 },
 "event":{
  "0":"planted",
  "1":"defused",
  "2":"planted",
  "3":"planted",
  "4":"defused",
  "5":"planted",
  "6":"defused",
  "7":"planted",
  "8":"planted"
 },
 "site":{
  "0":"BombsiteA",
  "1":"BombsiteA",
  "2":"BombsiteA",
  "3":"BombsiteB",
  "4":"BombsiteB",
  "5":"BombsiteA",
  "6":"BombsiteA",
  "7":"BombsiteB",
  "8":"BombsiteB"
 },
 "X":{
  "0":1203.75390625,
  "1":1144.0417480469,
  "2":1137.3128662109,
  "3":-1136.0313720703,
  "4":-1180.8793945312,
  "5":1146.7119140625,
  "6":1197.9552001953,
  "7":-1060.0349121094,
  "8":-1038.0065917969
 },
 "Y":{
  "0":1994.0324707031,
  "1":1995.9354248047,
  "2":1992.3455810547,
  "3":699.96875,
  "4":663.0200195312,
  "5":1988.4365234375,
  "6":2010.6577148438,
  "7":599.9682006836,
  "8":599.9699707031
 },
 "Z":{
  "0":-178.2285766602,
  "1":-191.96875,
  "2":-191.96875,
  "3":-1.96875,
  "4":-3.96875,
  "5":-176.6697998047,
  "6":-191.96875,
  "7":-1.96875,
  "8":-1.96875
 },
 "round":{
  "0":1,
  "1":1,
  "2":2,
  "3":8,
  "4":8,
  "5":9,
  "6":9,
  "7":13,
  "8":14
 }
}