{
 "tick":{
  "0":14884,
  "1":17508,
  "2":35169,
  "3":41767,
  "4":46312,
  "5":48936
 },
 "event":{
  "0":"planted",
  "1":"exploded",
  "2":"planted",
  "3":"planted",
  "4":"planted",
  "5":"exploded"
 },
 "site":{
  "0":"BombsiteA",
  "1":"BombsiteA",
  "2":"BombsiteA",
  "3":"BombsiteA",
  "4":"BombsiteB",
  "5":"BombsiteB"
 },
 "X":{
  "0":-347.03125,
  "1":-347.03125,
  "2":-300.947265625,
  "3":-347.03125,
  "4":-2216.03125,
  "5":-2216.03125
 },
 "Y":{
  "0":-682.8129272461,
  "1":-682.8129272461,
  "2":-713.0313720703,
  "3":-682.8167114258,
  "4":871.6544189453,
  "5":871.6544189453
 },
 "Z":{
  "0":11774.1328125,
  "1":11774.1328125,
  "2":11776.03125,
  "3":11774.1337890625,
  "4":11744.03125,
  "5":11744.03125
 },
 "round":{
  "0":3,
  "1":3,
  "2":5,
  "3":6,
  "4":7,
  "5":7
 }
}