{
 "tick":{
  "0":4315,
  "1":5350,
  "2":38811,
  "3":41435,
  "4":78540,
  "5":81164,
  "6":86188,
  "7":88812,
  "8":114568,
  "9":117192,
  "10":120759,
  "11":122982
 },
 "event":{
  "0":"planted",
  "1":"defused",
  "2":"planted",
  "3":"exploded",
  "4":"planted",
  "5":"exploded",
  "6":"planted",
  "7":"exploded",
  "8":"planted",
  "9":"exploded",
  "10":"planted",
  "11":"defused"
 },
 "site":{
  "0":"BombsiteA",
  "1":"BombsiteA",
  "2":"BombsiteA",
  "3":"BombsiteA",
  "4":"BombsiteA",
  "5":"BombsiteA",
  "6":"BombsiteB",
  "7":"BombsiteB",
  "8":"BombsiteB",
  "9":"BombsiteB",
  "10":"BombsiteB",
  "11":"BombsiteB"
 },
 "X":{
  "0":1235.96875,
  "1":1224.8884277344,
  "2":1092.5620117188,
  "3":1092.5620117188,
  "4":1089.4166259766,
  "5":1089.4166259766,
  "6":-1377.3739013672,
  "7":-1377.3739013672,
  "8":-1684.0297851562,
  "9":-1684.0297851562,
  "10":-1684.0300292969,
  "11":-1687.9599609375
 },
 "Y":{
  "0":2561.03125,
  "1":2561.4382324219,
  "2":2506.3088378906,
  "3":2506.3088378906,
  "4":2491.0935058594,
  "5":2491.0935058594,
  "6":2548.7080078125,
  "7":2548.7080078125,
  "8":2554.3901367188,
  "9":2554.3901367188,
  "10":2541.126953125,
  "11":2485.8776855469
 },
 "Z":{
  "0":99.602432251,
  "1":98.9164199829,
  "2":96.0560684204,
  "3":96.0560684204,
  "4":96.0594024658,
  "5":96.0594024658,
  "6":4.2681827545,
  "7":4.2681827545,
  "8":6.9346413612,
  "9":6.9346413612,
  "10":7.5146784782,
  "11":10.111825943
 },
 "round":{
  "0":1,
  "1":1,
  "2":6,
  "3":6,
  "4":13,
  "5":13,
  "6":14,
  "7":14,
  "8":17,
  "9":17,
  "10":18,
  "11":18
 }
}