{
 "tick":{
  "0":2263,
  "1":4328,
  "2":11683,
  "3":14307,
  "4":22708,
  "5":36108,
  "6":38732,
  "7":142974,
  "8":144996,
  "9":152580,
  "10":153745,
  "11":166822
 },
 "event":{
  "0":"planted",
  "1":"defused",
  "2":"planted",
  "3":"exploded",
  "4":"planted",
  "5":"planted",
  "6":"exploded",
  "7":"planted",
  "8":"defused",
  "9":"planted",
  "10":"defused",
  "11":"planted"
 },
 "site":{
  "0":"BombsiteB",
  "1":"BombsiteB",
  "2":"BombsiteA",
  "3":"BombsiteA",
  "4":"BombsiteB",
  "5":"BombsiteB",
  "6":"BombsiteB",
  "7":"BombsiteB",
  "8":"BombsiteB",
  "9":"BombsiteA",
  "10":"BombsiteA",
  "11":"BombsiteA"
 },
 "X":{
  "0":846.81640625,
  "1":786.5895996094,
  "2":-1280.0308837891,
  "3":-1280.0308837891,
  "4":869.0313720703,
  "5":869.0314331055,
  "6":869.0314331055,
  "7":792.9527587891,
  "8":838.7512817383,
  "9":-1253.0758056641,
  "10":-1192.0518798828,
  "11":-1428.4880371094
 },
 "Y":{
  "0":4.2356786728,
  "1":4.9686288834,
  "2":781.9422607422,
  "3":781.9422607422,
  "4":59.8327636719,
  "5":82.9462127686,
  "6":82.9462127686,
  "7":4.968211174,
  "8":-31.2310180664,
  "9":729.9696044922,
  "10":722.048034668,
  "11":969.9685058594
 },
 "Z":{
  "0":130.9011230469,
  "1":130.9011230469,
  "2":54.03125,
  "3":54.03125,
  "4":130.9011077881,
  "5":130.9011077881,
  "6":130.9011077881,
  "7":130.9011230469,
  "8":130.03125,
  "9":56.03125,
  "10":55.0608940125,
  "11":56.0312461853
 },
 "round":{
  "0":1,
  "1":1,
  "2":2,
  "3":2,
  "4":4,
  "5":5,
  "6":5,
  "7":19,
  "8":19,
  "9":20,
  "10":20,
  "11":22
 }
}