{
 "tick":{
  "0":17592,
  "1":20216,
  "2":25930,
  "3":28009,
  "4":54112,
  "5":55998,
  "6":82194,
  "7":84818,
  "8":100657,
  "9":106413,
  "10":112092
 },
 "event":{
  "0":"planted",
  "1":"exploded",
  "2":"planted",
  "3":"defused",
  "4":"planted",
  "5":"defused",
  "6":"planted",
  "7":"exploded",
  "8":"planted",
  "9":"planted",
  "10":"planted"
 },
 "site":{
  "0":"BombsiteA",
  "1":"BombsiteA",
  "2":"BombsiteB",
  "3":"BombsiteB",
  "4":"BombsiteA",
  "5":"BombsiteA",
  "6":"BombsiteA",
  "7":"BombsiteA",
  "8":"BombsiteB",
  "9":"BombsiteA",
  "10":"BombsiteA"
 },
 "X":{
  "0":643.0698852539,
  "1":643.0698852539,
  "2":650.0450439453,
  "3":691.7940673828,
  "4":770.5227661133,
  "5":768.6069946289,
  "6":522.1998901367,
  "7":522.1998901367,
  "8":639.8845214844,
  "9":688.4853515625,
  "10":759.061340332
 },
 "Y":{
  "0":-768.0315551758,
  "1":-768.0315551758,
  "2":-1322.9278564453,
  "3":-1277.3843994141,
  "4":-544.7373046875,
  "5":-540.7588500977,
  "6":-925.6030883789,
  "7":-925.6030883789,
  "8":-1305.9758300781,
  "9":-610.4036254883,
  "10":-605.9686889648
 },
 "Z":{
  "0":-415.96875,
  "1":-415.96875,
  "2":-765.96875,
  "3":-769.96875,
  "4":-401.2377929688,
  "5":-402.1979980469,
  "6":-408.5622558594,
  "7":-408.5622558594,
  "8":-765.96875,
  "9":-399.96875,
  "10":-399.9682617188
 },
 "round":{
  "0":3,
  "1":3,
  "2":4,
  "3":4,
  "4":7,
  "5":7,
  "6":11,
  "7":11,
  "8":13,
  "9":14,
  "10":15
 }
}