{
 "tick":{
  "0":2075,
  "1":9992,
  "2":11692,
  "3":68585,
  "4":78439,
  "5":81063,
  "6":87617,
  "7":89739,
  "8":99044,
  "9":105720,
  "10":112271,
  "11":114895,
  "12":136794,
  "13":139418,
  "14":147967
 },
 "event":{
  "0":"planted",
  "1":"planted",
  "2":"defused",
  "3":"planted",
  "4":"planted",
  "5":"exploded",
  "6":"planted",
  "7":"defused",
  "8":"planted",
  "9":"planted",
  "10":"planted",
  "11":"exploded",
  "12":"planted",
  "13":"exploded",
  "14":"planted"
 },
 "site":{
  "0":"BombsiteA",
  "1":"BombsiteB",
  "2":"BombsiteB",
  "3":"BombsiteB",
  "4":"BombsiteA",
  "5":"BombsiteA",
  "6":"BombsiteB",
  "7":"BombsiteB",
  "8":"BombsiteA",
  "9":"BombsiteA",
  "10":"BombsiteB",
  "11":"BombsiteB",
  "12":"BombsiteA",
  "13":"BombsiteA",
  "14":"BombsiteB"
 },
 "X":{
  "0":-1280.0319824219,
  "1":789.3786621094,
  "2":840.4126586914,
  "3":811.5988769531,
  "4":-1533.5635986328,
  "5":-1533.5635986328,
  "6":788.9365844727,
  "7":846.6755371094,
  "8":-1232.8330078125,
  "9":-1256.3840332031,
  "10":896.532409668,
  "11":896.532409668,
  "12":-1560.4942626953,
  "13":-1560.4942626953,
  "14":869.0313110352
 },
 "Y":{
  "0":781.158203125,
  "1":4.9712152481,
  "2":-28.7529296875,
  "3":4.9685058594,
  "4":698.6694335938,
  "5":698.6694335938,
  "6":4.9684934616,
  "7":-9.9263916016,
  "8":729.9686889648,
  "9":729.9684448242,
  "10":92.3662033081,
  "11":92.3662033081,
  "12":702.7155761719,
  "13":702.7155761719,
  "14":82.96875
 },
 "Z":{
  "0":54.03125,
  "1":130.9011230469,
  "2":130.03125,
  "3":130.9011230469,
  "4":56.03125,
  "5":56.03125,
  "6":130.9011230469,
  "7":130.03125,
  "8":56.03125,
  "9":56.03125,
  "10":130.03125,
  "11":130.03125,
  "12":56.03125,
  "13":56.03125,
  "14":130.9011077881
 },
 "round":{
  "0":1,
  "1":3,
  "2":3,
  "3":10,
  "4":11,
  "5":11,
  "6":12,
  "7":12,
  "8":13,
  "9":14,
  "10":15,
  "11":15,
  "12":16,
  "13":16,
  "14":17
 }
}