{
 "tick":{
  "0":10223,
  "1":12847,
  "2":18856,
  "3":28491,
  "4":31115,
  "5":38735,
  "6":41359,
  "7":45442,
  "8":48066,
  "9":59201,
  "10":60639,
  "11":69096,
  "12":77435,
  "13":88152,
  "14":94165,
  "15":101267
 },
 "event":{
  "0":"planted",
  "1":"exploded",
  "2":"planted",
  "3":"planted",
  "4":"exploded",
  "5":"planted",
  "6":"exploded",
  "7":"planted",
  "8":"exploded",
  "9":"planted",
  "10":"defused",
  "11":"planted",
  "12":"planted",
  "13":"planted",
  "14":"planted",
  "15":"planted"
 },
 "site":{
  "0":"BombsiteA",
  "1":"BombsiteA",
  "2":"BombsiteB",
  "3":"BombsiteB",
  "4":"BombsiteB",
  "5":"BombsiteA",
  "6":"BombsiteA",
  "7":"BombsiteB",
  "8":"BombsiteB",
  "9":"BombsiteB",
  "10":"BombsiteB",
  "11":"BombsiteB",
  "12":"BombsiteB",
  "13":"BombsiteB",
  "14":"BombsiteA",
  "15":"BombsiteB"
 },
 "X":{
  "0":1086.6763916016,
  "1":1086.6763916016,
  "2":-1136.0313720703,
  "3":-1037.8626708984,
  "4":-1037.8626708984,
  "5":964.0313110352,
  "6":964.0313110352,
  "7":-1136.03125,
  "8":-1136.03125,
  "9":-1025.5559082031,
  "10":-1005.2237548828,
  "11":-1064.228515625,
  "12":-1136.03125,
  "13":-1051.2794189453,
  "14":1282.5437011719,
  "15":-1046.2987060547
 },
 "Y":{
  "0":1896.6485595703,
  "1":1896.6485595703,
  "2":699.96875,
  "3":599.9686279297,
  "4":599.9686279297,
  "5":1748.8723144531,
  "6":1748.8723144531,
  "7":699.96875,
  "8":699.96875,
  "9":599.9686279297,
  "10":544.3267211914,
  "11":593.3563842773,
  "12":699.96875,
  "13":599.9689941406,
  "14":1819.7919921875,
  "15":599.9686889648
 },
 "Z":{
  "0":-191.96875,
  "1":-191.96875,
  "2":-1.96875,
  "3":-1.96875,
  "4":-1.96875,
  "5":-191.96875,
  "6":-191.96875,
  "7":-1.96875,
  "8":-1.96875,
  "9":-1.96875,
  "10":0.0312495232,
  "11":-1.96875,
  "12":-1.96875,
  "13":-1.96875,
  "14":-187.5568237305,
  "15":-1.96875
 },
 "round":{
  "0":1,
  "1":1,
  "2":2,
  "3":3,
  "4":3,
  "5":4,
  "6":4,
  "7":5,
  "8":5,
  "9":6,
  "10":6,
  "11":7,
  "12":8,
  "13":9,
  "14":10,
  "15":11
 }
}