{
 "tick":{
  "0":5202,
  "1":9332,
  "2":15918,
  "3":18236,
  "4":81662,
  "5":109171,
  "6":115272,
  "7":122350,
  "8":123659,
  "9":131411,
  "10":132336,
  "11":153513,
  "12":156137
 },
 "event":{
  "0":"planted",
  "1":"planted",
  "2":"planted",
  "3":"defused",
  "4":"planted",
  "5":"planted",
  "6":"planted",
  "7":"planted",
  "8":"defused",
  "9":"planted",
  "10":"defused",
  "11":"planted",
  "12":"exploded"
 },
 "site":{
  "0":"BombsiteB",
  "1":"BombsiteA",
  "2":"BombsiteA",
  "3":"BombsiteA",
  "4":"BombsiteB",
  "5":"BombsiteB",
  "6":"BombsiteB",
  "7":"BombsiteA",
  "8":"BombsiteA",
  "9":"BombsiteA",
  "10":"BombsiteA",
  "11":"BombsiteB",
  "12":"BombsiteB"
 },
 "X":{
  "0":-2216.0329589844,
  "1":-360.3852539062,
  "2":-354.6813964844,
  "3":-316.0701293945,
  "4":-2220.7504882812,
  "5":-2216.03125,
  "6":-2259.8811035156,
  "7":-374.2471923828,
  "8":-432.5132446289,
  "9":-436.1430664062,
  "10":-396.4209594727,
  "11":-2216.03125,
  "12":-2216.03125
 },
 "Y":{
  "0":878.2027587891,
  "1":-701.0479736328,
  "2":-684.5165405273,
  "3":-729.2554931641,
  "4":831.7579345703,
  "5":891.2350463867,
  "6":875.7194213867,
  "7":-708.7708129883,
  "8":-700.6156616211,
  "9":-648.5721435547,
  "10":-695.0239868164,
  "11":869.6311645508,
  "12":869.6311645508
 },
 "Z":{
  "0":11744.03125,
  "1":11776.03125,
  "2":11774.345703125,
  "3":11776.03125,
  "4":11744.03125,
  "5":11744.03125,
  "6":11744.03125,
  "7":11776.03125,
  "8":11776.03125,
  "9":11774.03125,
  "10":11775.6591796875,
  "11":11744.03125,
  "12":11744.03125
 },
 "round":{
  "0":1,
  "1":2,
  "2":3,
  "3":3,
  "4":11,
  "5":13,
  "6":14,
  "7":15,
  "8":15,
  "9":16,
  "10":16,
  "11":19,
  "12":19
 }
}