{
 "tick":{
  "0":15877,
  "1":21764,
  "2":23857,
  "3":31482,
  "4":32115,
  "5":36850,
  "6":39474,
  "7":45719,
  "8":47770,
  "9":58575,
  "10":61199,
  "11":65757,
  "12":68136,
  "13":107841,
  "14":113668,
  "15":133520,
  "16":145090,
  "17":151217
 },
 "event":{
  "0":"planted",
  "1":"planted",
  "2":"defused",
  "3":"planted",
  "4":"defused",
  "5":"planted",
  "6":"exploded",
  "7":"planted",
  "8":"defused",
  "9":"planted",
  "10":"exploded",
  "11":"planted",
  "12":"defused",
  "13":"planted",
  "14":"planted",
  "15":"planted",
  "16":"planted",
  "17":"planted"
 },
 "site":{
  "0":"BombsiteA",
  "1":"BombsiteA",
  "2":"BombsiteA",
  "3":"BombsiteA",
  "4":"BombsiteA",
  "5":"BombsiteA",
  "6":"BombsiteA",
  "7":"BombsiteA",
  "8":"BombsiteA",
  "9":"BombsiteA",
  "10":"BombsiteA",
  "11":"BombsiteB",
  "12":"BombsiteB",
  "13":"BombsiteA",
  "14":"BombsiteA",
  "15":"BombsiteB",
  "16":"BombsiteA",
  "17":"BombsiteB"
 },
 "X":{
  "0":1322.7741699219,
  "1":1312.0280761719,
  "2":1328.0278320312,
  "3":1280.0314941406,
  "4":1290.1149902344,
  "5":1322.0521240234,
  "6":1322.0521240234,
  "7":1312.0317382812,
  "8":1344.5699462891,
  "9":1118.3393554688,
  "10":1118.3393554688,
  "11":-1136.03125,
  "12":-1166.9428710938,
  "13":1270.4913330078,
  "14":1307.1458740234,
  "15":-1071.3270263672,
  "16":1105.7257080078,
  "17":-1136.0313720703
 },
 "Y":{
  "0":2172.5595703125,
  "1":2177.1926269531,
  "2":2117.5048828125,
  "3":1912.9689941406,
  "4":1854.8537597656,
  "5":2154.4443359375,
  "6":2154.4443359375,
  "7":2170.0412597656,
  "8":2137.2353515625,
  "9":1983.615234375,
  "10":1983.615234375,
  "11":699.96875,
  "12":669.0191650391,
  "13":1958.7740478516,
  "14":1907.412109375,
  "15":596.0479125977,
  "16":1974.2763671875,
  "17":699.96875
 },
 "Z":{
  "0":-186.2560424805,
  "1":-183.1673583984,
  "2":-191.96875,
  "3":-179.3978271484,
  "4":-191.96875,
  "5":-191.96875,
  "6":-191.96875,
  "7":-187.9349365234,
  "8":-191.96875,
  "9":-191.96875,
  "10":-191.96875,
  "11":-1.96875,
  "12":-3.96875,
  "13":-179.3607177734,
  "14":-191.96875,
  "15":-1.96875,
  "16":-191.96875,
  "17":-1.96875
 },
 "round":{
  "0":3,
  "1":4,
  "2":4,
  "3":5,
  "4":5,
  "5":6,
  "6":6,
  "7":7,
  "8":7,
  "9":8,
  "10":8,
  "11":9,
  "12":9,
  "13":13,
  "14":14,
  "15":16,
  "16":17,
  "17":18
 }
}