{
 "tick":{
  "0":22372,
  "1":23178,
  "2":31591,
  "3":34215,
  "4":54491,
  "5":55860,
  "6":98531,
  "7":108970,
  "8":120672,
  "9":122940,
  "10":147367,
  "11":148804,
  "12":156702
 },
 "event":{
  "0":"planted",
  "1":"defused",
  "2":"planted",
  "3":"exploded",
  "4":"planted",
  "5":"defused",
  "6":"planted",
  "7":"planted",
  "8":"planted",
  "9":"defused",
  "10":"planted",
  "11":"defused",
  "12":"planted"
 },
 "site":{
  "0":"BombsiteA",
  "1":"BombsiteA",
  "2":"BombsiteB",
  "3":"BombsiteB",
  "4":"BombsiteA",
  "5":"BombsiteA",
  "6":"BombsiteA",
  "7":"BombsiteB",
  "8":"BombsiteA",
  "9":"BombsiteA",
  "10":"BombsiteA",
  "11":"BombsiteA",
  "12":"BombsiteB"
 },
 "X":{
  "0":1033.12890625,
  "1":1093.8479003906,
  "2":-1691.2998046875,
  "3":-1691.2998046875,
  "4":991.190246582,
  "5":967.0463867188,
  "6":1090.2149658203,
  "7":-1632.3190917969,
  "8":987.971862793,
  "9":931.6409301758,
  "10":1235.96875,
  "11":1222.2562255859,
  "12":-1425.4719238281
 },
 "Y":{
  "0":2590.0314941406,
  "1":2589.8728027344,
  "2":2537.2990722656,
  "3":2537.2990722656,
  "4":2540.3715820312,
  "5":2596.1188964844,
  "6":2496.1252441406,
  "7":2489.7878417969,
  "8":2499.3181152344,
  "9":2476.6918945312,
  "10":2561.0278320312,
  "11":2561.03125,
  "12":2482.1799316406
 },
 "Z":{
  "0":96.53125,
  "1":96.3776245117,
  "2":8.1983442307,
  "3":8.1983442307,
  "4":96.53125,
  "5":96.5312576294,
  "6":96.058555603,
  "7":4.4524469376,
  "8":96.53125,
  "9":96.470199585,
  "10":99.602432251,
  "11":98.7534561157,
  "12":2.4079990387
 },
 "round":{
  "0":4,
  "1":4,
  "2":5,
  "3":5,
  "4":7,
  "5":7,
  "6":12,
  "7":13,
  "8":15,
  "9":15,
  "10":19,
  "11":19,
  "12":20
 }
}