{
 "tick":{
  "0":1801,
  "1":8125,
  "2":22736,
  "3":25360,
  "4":29836,
  "5":32460,
  "6":38129,
  "7":43247,
  "8":47927,
  "9":50551,
  "10":54404,
  "11":60874,
  "12":67256,
  "13":75021
 },
 "event":{
  "0":"planted",
  "1":"planted",
  "2":"planted",
  "3":"exploded",
  "4":"planted",
  "5":"exploded",
  "6":"planted",
  "7":"planted",
  "8":"planted",
  "9":"exploded",
  "10":"planted",
  "11":"planted",
  "12":"planted",
  "13":"planted"
 },
 "site":{
  "0":"BombsiteB",
  "1":"BombsiteB",
  "2":"BombsiteB",
  "3":"BombsiteB",
  "4":"BombsiteA",
  "5":"BombsiteA",
  "6":"BombsiteB",
  "7":"BombsiteA",
  "8":"BombsiteA",
  "9":"BombsiteA",
  "10":"BombsiteA",
  "11":"BombsiteB",
  "12":"BombsiteA",
  "13":"BombsiteA"
 },
 "X":{
  "0":806.2072753906,
  "1":807.1954345703,
  "2":874.4428710938,
  "3":874.4428710938,
  "4":-1280.03125,
  "5":-1280.03125,
  "6":723.9692382812,
  "7":-1561.1973876953,
  "8":-1280.0302734375,
  "9":-1280.0302734375,
  "10":-1280.03125,
  "11":746.9251098633,
  "12":-1561.2746582031,
  "13":-1567.6052246094
 },
 "Y":{
  "0":4.968626976,
  "1":4.9679512978,
  "2":58.9351272583,
  "3":58.9351272583,
  "4":793.96875,
  "5":793.96875,
  "6":95.4655151367,
  "7":731.5905151367,
  "8":793.96875,
  "9":793.96875,
  "10":793.96875,
  "11":186.3721923828,
  "12":709.6481933594,
  "13":713.6563110352
 },
 "Z":{
  "0":130.9011230469,
  "1":130.9011230469,
  "2":130.9011077881,
  "3":130.9011077881,
  "4":54.03125,
  "5":54.03125,
  "6":130.03125,
  "7":56.03125,
  "8":54.03125,
  "9":54.03125,
  "10":54.03125,
  "11":131.2210388184,
  "12":56.03125,
  "13":56.03125
 },
 "round":{
  "0":1,
  "1":2,
  "2":4,
  "3":4,
  "4":5,
  "5":5,
  "6":6,
  "7":7,
  "8":8,
  "9":8,
  "10":9,
  "11":10,
  "12":11,
  "13":12
 }
}