{
 "tick":{
  "0":9057,
  "1":15410,
  "2":21441,
  "3":24065,
  "4":27258,
  "5":29882,
  "6":41516,
  "7":42508,
  "8":47279,
  "9":49903,
  "10":53749,
  "11":56373,
  "12":66389,
  "13":69013,
  "14":80917,
  "15":82575,
  "16":99021,
  "17":101287,
  "18":113298,
  "19":120385,
  "20":123009
 },
 "event":{
  "0":"planted",
  "1":"planted",
  "2":"planted",
  "3":"exploded",
  "4":"planted",
  "5":"exploded",
  "6":"planted",
  "7":"defused",
  "8":"planted",
  "9":"exploded",
  "10":"planted",
  "11":"exploded",
  "12":"planted",
  "13":"exploded",
  "14":"planted",
  "15":"defused",
  "16":"planted",
  "17":"defused",
  "18":"planted",
  "19":"planted",
  "20":"exploded"
 },
 "site":{
  "0":"BombsiteB",
  "1":"BombsiteA",
  "2":"BombsiteB",
  "3":"BombsiteB",
  "4":"BombsiteB",
  "5":"BombsiteB",
  "6":"BombsiteB",
  "7":"BombsiteB",
  "8":"BombsiteA",
  "9":"BombsiteA",
  "10":"BombsiteB",
  "11":"BombsiteB",
  "12":"BombsiteB",
  "13":"BombsiteB",
  "14":"BombsiteA",
  "15":"BombsiteA",
  "16":"BombsiteA",
  "17":"BombsiteA",
  "18":"BombsiteB",
  "19":"BombsiteB",
  "20":"BombsiteB"
 },
 "X":{
  "0":879.9151000977,
  "1":-1206.8861083984,
  "2":869.0294799805,
  "3":869.0294799805,
  "4":869.0286254883,
  "5":869.0286254883,
  "6":869.0313720703,
  "7":923.2575073242,
  "8":-1233.3930664062,
  "9":-1233.3930664062,
  "10":869.0322265625,
  "11":869.0322265625,
  "12":800.9029541016,
  "13":800.9029541016,
  "14":-1569.1428222656,
  "15":-1509.8703613281,
  "16":-1280.03125,
  "17":-1312.3725585938,
  "18":869.0301513672,
  "19":790.8018798828,
  "20":790.8018798828
 },
 "Y":{
  "0":67.77709198,
  "1":893.0313720703,
  "2":66.9401245117,
  "3":66.9401245117,
  "4":69.5099868774,
  "5":69.5099868774,
  "6":64.6623077393,
  "7":40.1913261414,
  "8":729.9683227539,
  "9":729.9683227539,
  "10":73.8437805176,
  "11":73.8437805176,
  "12":4.9691095352,
  "13":4.9691095352,
  "14":706.6184692383,
  "15":695.6361083984,
  "16":793.96875,
  "17":741.21875,
  "18":82.96875,
  "19":4.9682621956,
  "20":4.9682621956
 },
 "Z":{
  "0":130.9011077881,
  "1":62.03125,
  "2":130.9011077881,
  "3":130.9011077881,
  "4":130.9011077881,
  "5":130.9011077881,
  "6":130.9011077881,
  "7":130.9011077881,
  "8":56.03125,
  "9":56.03125,
  "10":130.9011077881,
  "11":130.9011077881,
  "12":130.9011230469,
  "13":130.9011230469,
  "14":56.03125,
  "15":56.0312461853,
  "16":54.03125,
  "17":54.03125,
  "18":130.9011077881,
  "19":130.9011230469,
  "20":130.9011230469
 },
 "round":{
  "0":1,
  "1":2,
  "2":3,
  "3":3,
  "4":4,
  "5":4,
  "6":6,
  "7":6,
  "8":7,
  "9":7,
  "10":8,
  "11":8,
  "12":10,
  "13":10,
  "14":12,
  "15":12,
  "16":15,
  "17":15,
  "18":17,
  "19":18,
  "20":18
 }
}