{
 "tick":{
  "0":2709,
  "1":4935,
  "2":8418,
  "3":11042,
  "4":18522,
  "5":21146,
  "6":27376,
  "7":30000,
  "8":43964,
  "9":58924,
  "10":61548,
  "11":67062,
  "12":69686,
  "13":81677,
  "14":84301,
  "15":89537,
  "16":91440,
  "17":95156,
  "18":97348,
  "19":120007,
  "20":120601
 },
 "event":{
  "0":"planted",
  "1":"defused",
  "2":"planted",
  "3":"exploded",
  "4":"planted",
  "5":"exploded",
  "6":"planted",
  "7":"exploded",
  "8":"planted",
  "9":"planted",
  "10":"exploded",
  "11":"planted",
  "12":"exploded",
  "13":"planted",
  "14":"exploded",
  "15":"planted",
  "16":"defused",
  "17":"planted",
  "18":"defused",
  "19":"planted",
  "20":"defused"
 },
 "site":{
  "0":"BombsiteA",
  "1":"BombsiteA",
  "2":"BombsiteB",
  "3":"BombsiteB",
  "4":"BombsiteB",
  "5":"BombsiteB",
  "6":"BombsiteB",
  "7":"BombsiteB",
  "8":"BombsiteA",
  "9":"BombsiteB",
  "10":"BombsiteB",
  "11":"BombsiteA",
  "12":"BombsiteA",
  "13":"BombsiteB",
  "14":"BombsiteB",
  "15":"BombsiteA",
  "16":"BombsiteA",
  "17":"BombsiteB",
  "18":"BombsiteB",
  "19":"BombsiteA",
  "20":"BombsiteA"
 },
 "X":{
  "0":1312.0316162109,
  "1":1335.9920654297,
  "2":-1136.0313720703,
  "3":-1136.0313720703,
  "4":-1032.3181152344,
  "5":-1032.3181152344,
  "6":-1035.8599853516,
  "7":-1035.8599853516,
  "8":1280.0313720703,
  "9":-1042.7637939453,
  "10":-1042.7637939453,
  "11":1500.2615966797,
  "12":1500.2615966797,
  "13":-1046.9074707031,
  "14":-1046.9074707031,
  "15":1283.5234375,
  "16":1321.1705322266,
  "17":-1136.0313720703,
  "18":-1136.0313720703,
  "19":1301.4615478516,
  "20":1297.8718261719
 },
 "Y":{
  "0":2179.1694335938,
  "1":2122.7436523438,
  "2":699.96875,
  "3":699.96875,
  "4":599.294128418,
  "5":599.294128418,
  "6":599.9685058594,
  "7":599.9685058594,
  "8":1893.7611083984,
  "9":596.9169311523,
  "10":596.9169311523,
  "11":2143.7836914062,
  "12":2143.7836914062,
  "13":599.9678955078,
  "14":599.9678955078,
  "15":1884.4345703125,
  "16":1883.3283691406,
  "17":699.96875,
  "18":699.96875,
  "19":1832.6800537109,
  "20":1893.5270996094
 },
 "Z":{
  "0":-181.8494873047,
  "1":-191.96875,
  "2":-1.96875,
  "3":-1.96875,
  "4":-1.96875,
  "5":-1.96875,
  "6":-1.96875,
  "7":-1.96875,
  "8":-179.3977661133,
  "9":-1.96875,
  "10":-1.96875,
  "11":-191.96875,
  "12":-191.96875,
  "13":-1.96875,
  "14":-1.96875,
  "15":-191.96875,
  "16":-183.0290527344,
  "17":-1.96875,
  "18":-1.96875,
  "19":-182.9606323242,
  "20":-191.96875
 },
 "round":{
  "0":1,
  "1":1,
  "2":2,
  "3":2,
  "4":3,
  "5":3,
  "6":4,
  "7":4,
  "8":6,
  "9":8,
  "10":8,
  "11":9,
  "12":9,
  "13":11,
  "14":11,
  "15":12,
  "16":12,
  "17":13,
  "18":13,
  "19":17,
  "20":17
 }
}