{
 "tick":{
  "0":3400,
  "1":16929,
  "2":17842,
  "3":31406,
  "4":32754,
  "5":37459,
  "6":64250,
  "7":73588,
  "8":75908,
  "9":79909,
  "10":81455,
  "11":89454,
  "12":90359,
  "13":95568,
  "14":100171,
  "15":102795,
  "16":125331,
  "17":136663,
  "18":143057
 },
 "event":{
  "0":"planted",
  "1":"planted",
  "2":"defused",
  "3":"planted",
  "4":"defused",
  "5":"planted",
  "6":"planted",
  "7":"planted",
  "8":"defused",
  "9":"planted",
  "10":"defused",
  "11":"planted",
  "12":"defused",
  "13":"planted",
  "14":"planted",
  "15":"exploded",
  "16":"planted",
  "17":"planted",
  "18":"planted"
 },
 "site":{
  "0":"BombsiteA",
  "1":"BombsiteA",
  "2":"BombsiteA",
  "3":"BombsiteB",
  "4":"BombsiteB",
  "5":"BombsiteA",
  "6":"BombsiteB",
  "7":"BombsiteA",
  "8":"BombsiteA",
  "9":"BombsiteA",
  "10":"BombsiteA",
  "11":"BombsiteB",
  "12":"BombsiteB",
  "13":"BombsiteB",
  "14":"BombsiteB",
  "15":"BombsiteB",
  "16":"BombsiteA",
  "17":"BombsiteA",
  "18":"BombsiteB"
 },
 "X":{
  "0":-588.0727539062,
  "1":-253.9686889648,
  "2":-290.2241210938,
  "3":-1987.0313720703,
  "4":-1979.8796386719,
  "5":-284.5892944336,
  "6":-1987.0632324219,
  "7":-592.2599487305,
  "8":-620.0735473633,
  "9":-273.3405761719,
  "10":-329.9786376953,
  "11":-1991.0345458984,
  "12":-2043.0607910156,
  "13":-1969.03125,
  "14":-1987.03125,
  "15":-1987.03125,
  "16":-493.3160400391,
  "17":-259.4453125,
  "18":-1987.0313720703
 },
 "Y":{
  "0":-1981.4803466797,
  "1":-2150.69140625,
  "2":-2185.2866210938,
  "3":435.6283569336,
  "4":494.9080505371,
  "5":-2159.2087402344,
  "6":412.9583129883,
  "7":-1982.1782226562,
  "8":-1949.6242675781,
  "9":-2214.361328125,
  "10":-2194.4865722656,
  "11":416.432434082,
  "12":385.2067565918,
  "13":450.03125,
  "14":417.1783752441,
  "15":417.1783752441,
  "16":-2004.6430664062,
  "17":-2152.4755859375,
  "18":446.2794189453
 },
 "Z":{
  "0":-179.96875,
  "1":-173.239074707,
  "2":-171.7752685547,
  "3":-159.96875,
  "4":-165.6948242188,
  "5":-173.8428955078,
  "6":-159.96875,
  "7":-179.96875,
  "8":-179.96875,
  "9":-168.4404907227,
  "10":-172.7243652344,
  "11":-159.96875,
  "12":-159.96875,
  "13":-159.96875,
  "14":-159.96875,
  "15":-159.96875,
  "16":-179.96875,
  "17":-173.3239135742,
  "18":-159.96875
 },
 "round":{
  "0":1,
  "1":3,
  "2":3,
  "3":5,
  "4":5,
  "5":6,
  "6":9,
  "7":10,
  "8":10,
  "9":11,
  "10":11,
  "11":12,
  "12":12,
  "13":13,
  "14":14,
  "15":14,
  "16":18,
  "17":19,
  "18":20
 }
}