{
 "tick":{
  "0":13704,
  "1":16328,
  "2":24896,
  "3":29998,
  "4":38342,
  "5":40347,
  "6":66673,
  "7":68368,
  "8":91296,
  "9":97880,
  "10":109967,
  "11":149861,
  "12":152485,
  "13":156700,
  "14":158345,
  "15":172264
 },
 "event":{
  "0":"planted",
  "1":"exploded",
  "2":"planted",
  "3":"planted",
  "4":"planted",
  "5":"defused",
  "6":"planted",
  "7":"defused",
  "8":"planted",
  "9":"planted",
  "10":"planted",
  "11":"planted",
  "12":"exploded",
  "13":"planted",
  "14":"defused",
  "15":"planted"
 },
 "site":{
  "0":"BombsiteB",
  "1":"BombsiteB",
  "2":"BombsiteB",
  "3":"BombsiteB",
  "4":"BombsiteA",
  "5":"BombsiteA",
  "6":"BombsiteB",
  "7":"BombsiteB",
  "8":"BombsiteA",
  "9":"BombsiteB",
  "10":"BombsiteA",
  "11":"BombsiteA",
  "12":"BombsiteA",
  "13":"BombsiteB",
  "14":"BombsiteB",
  "15":"BombsiteB"
 },
 "X":{
  "0":-2216.1313476562,
  "1":-2216.1313476562,
  "2":-2216.03125,
  "3":-2216.03125,
  "4":-284.1673583984,
  "5":-321.1557617188,
  "6":-2303.6069335938,
  "7":-2341.1828613281,
  "8":-352.9940185547,
  "9":-2230.9326171875,
  "10":-246.9664306641,
  "11":-374.6646728516,
  "12":-374.6646728516,
  "13":-2216.03125,
  "14":-2227.8149414062,
  "15":-2218.9599609375
 },
 "Y":{
  "0":869.8964233398,
  "1":869.8964233398,
  "2":875.4435424805,
  "3":875.9884643555,
  "4":-724.3444213867,
  "5":-742.1533813477,
  "6":904.350769043,
  "7":858.0010375977,
  "8":-684.1457519531,
  "9":865.5338745117,
  "10":-640.2411499023,
  "11":-688.9579467773,
  "12":-688.9579467773,
  "13":863.6270751953,
  "14":857.4492797852,
  "15":882.5116577148
 },
 "Z":{
  "0":11744.03125,
  "1":11744.03125,
  "2":11744.03125,
  "3":11744.03125,
  "4":11776.03125,
  "5":11776.03125,
  "6":11744.03125,
  "7":11744.03125,
  "8":11774.2998046875,
  "9":11744.03125,
  "10":11774.03125,
  "11":11774.9013671875,
  "12":11774.9013671875,
  "13":11744.03125,
  "14":11744.03125,
  "15":11744.03125
 },
 "round":{
  "0":3,
  "1":3,
  "2":4,
  "3":5,
  "4":6,
  "5":6,
  "6":9,
  "7":9,
  "8":12,
  "9":13,
  "10":15,
  "11":21,
  "12":21,
  "13":22,
  "14":22,
  "15":24
 }
}