{
 "tick":{
  "0":10668,
  "1":18721,
  "2":21345,
  "3":25342,
  "4":27966,
  "5":54655,
  "6":57279,
  "7":63939,
  "8":66563,
  "9":74455,
  "10":77079,
  "11":81461,
  "12":84085
 },
 "event":{
  "0":"planted",
  "1":"planted",
  "2":"exploded",
  "3":"planted",
  "4":"exploded",
  "5":"planted",
  "6":"exploded",
  "7":"planted",
  "8":"exploded",
  "9":"planted",
  "10":"exploded",
  "11":"planted",
  "12":"exploded"
 },
 "site":{
  "0":"BombsiteB",
  "1":"BombsiteA",
  "2":"BombsiteA",
  "3":"BombsiteB",
  "4":"BombsiteB",
  "5":"BombsiteB",
  "6":"BombsiteB",
  "7":"BombsiteB",
  "8":"BombsiteB",
  "9":"BombsiteA",
  "10":"BombsiteA",
  "11":"BombsiteB",
  "12":"BombsiteB"
 },
 "X":{
  "0":-1987.03125,
  "1":-548.633605957,
  "2":-548.633605957,
  "3":-1987.0313720703,
  "4":-1987.0313720703,
  "5":-1987.0333251953,
  "6":-1987.0333251953,
  "7":-1908.4409179688,
  "8":-1908.4409179688,
  "9":-288.0808105469,
  "10":-288.0808105469,
  "11":-1969.03125,
  "12":-1969.03125
 },
 "Y":{
  "0":426.1520996094,
  "1":-1974.9064941406,
  "2":-1974.9064941406,
  "3":425.7916259766,
  "4":425.7916259766,
  "5":439.1019287109,
  "6":439.1019287109,
  "7":242.0331878662,
  "8":242.0331878662,
  "9":-2160.0627441406,
  "10":-2160.0627441406,
  "11":450.0313415527,
  "12":450.0313415527
 },
 "Z":{
  "0":-159.96875,
  "1":-179.96875,
  "2":-179.96875,
  "3":-159.96875,
  "4":-159.96875,
  "5":-159.96875,
  "6":-159.96875,
  "7":-159.96875,
  "8":-159.96875,
  "9":-173.9221801758,
  "10":-173.9221801758,
  "11":-159.96875,
  "12":-159.96875
 },
 "round":{
  "0":2,
  "1":3,
  "2":3,
  "3":4,
  "4":4,
  "5":8,
  "6":8,
  "7":9,
  "8":9,
  "9":10,
  "10":10,
  "11":11,
  "12":11
 }
}