{
 "tick":{
  "0":24457,
  "1":37706,
  "2":40330,
  "3":48916,
  "4":62221,
  "5":63966,
  "6":93429,
  "7":97709,
  "8":100333,
  "9":119399,
  "10":120441,
  "11":126645,
  "12":129269,
  "13":138916,
  "14":140185,
  "15":152214,
  "16":154838,
  "17":161696
 },
 "event":{
  "0":"planted",
  "1":"planted",
  "2":"exploded",
  "3":"planted",
  "4":"planted",
  "5":"defused",
  "6":"planted",
  "7":"planted",
  "8":"exploded",
  "9":"planted",
  "10":"defused",
  "11":"planted",
  "12":"exploded",
  "13":"planted",
  "14":"defused",
  "15":"planted",
  "16":"exploded",
  "17":"planted"
 },
 "site":{
  "0":"BombsiteB",
  "1":"BombsiteA",
  "2":"BombsiteA",
  "3":"BombsiteA",
  "4":"BombsiteA",
  "5":"BombsiteA",
  "6":"BombsiteA",
  "7":"BombsiteB",
  "8":"BombsiteB",
  "9":"BombsiteB",
  "10":"BombsiteB",
  "11":"BombsiteB",
  "12":"BombsiteB",
  "13":"BombsiteB",
  "14":"BombsiteB",
  "15":"BombsiteB",
  "16":"BombsiteB",
  "17":"BombsiteB"
 },
 "X":{
  "0":-1069.5217285156,
  "1":1302.0133056641,
  "2":1302.0133056641,
  "3":1282.3092041016,
  "4":1275.8286132812,
  "5":1292.2261962891,
  "6":1282.3262939453,
  "7":-1136.03125,
  "8":-1136.03125,
  "9":-1185.6728515625,
  "10":-1240.9561767578,
  "11":-1136.0313720703,
  "12":-1136.0313720703,
  "13":-1136.0314941406,
  "14":-1165.6663818359,
  "15":-1072.7713623047,
  "16":-1072.7713623047,
  "17":-1075.4481201172
 },
 "Y":{
  "0":599.9653930664,
  "1":1869.7152099609,
  "2":1869.7152099609,
  "3":1944.3588867188,
  "4":1868.015625,
  "5":1927.0056152344,
  "6":1868.6833496094,
  "7":699.96875,
  "8":699.96875,
  "9":694.6346435547,
  "10":667.3638305664,
  "11":669.7695922852,
  "12":669.7695922852,
  "13":699.96875,
  "14":645.9632568359,
  "15":599.9708251953,
  "16":599.9708251953,
  "17":599.966003418
 },
 "Z":{
  "0":-1.96875,
  "1":-191.96875,
  "2":-191.96875,
  "3":-191.96875,
  "4":-179.0032958984,
  "5":-191.96875,
  "6":-185.3876953125,
  "7":-1.96875,
  "8":-1.96875,
  "9":-3.8569335938,
  "10":0.0312509537,
  "11":-1.96875,
  "12":-1.96875,
  "13":-1.96875,
  "14":-3.96875,
  "15":-1.96875,
  "16":-1.96875,
  "17":-1.96875
 },
 "round":{
  "0":3,
  "1":5,
  "2":5,
  "3":6,
  "4":8,
  "5":8,
  "6":13,
  "7":14,
  "8":14,
  "9":17,
  "10":17,
  "11":18,
  "12":18,
  "13":20,
  "14":20,
  "15":22,
  "16":22,
  "17":23
 }
}