{
 "tick":{
  "0":40504,
  "1":43128,
  "2":55424,
  "3":58048,
  "4":62895,
  "5":65519,
  "6":79617,
  "7":81651,
  "8":97870,
  "9":100069,
  "10":130096,
  "11":132098,
  "12":138882,
  "13":140480,
  "14":166084,
  "15":168708,
  "16":178103
 },
 "event":{
  "0":"planted",
  "1":"exploded",
  "2":"planted",
  "3":"exploded",
  "4":"planted",
  "5":"exploded",
  "6":"planted",
  "7":"defused",
  "8":"planted",
  "9":"defused",
  "10":"planted",
  "11":"defused",
  "12":"planted",
  "13":"defused",
  "14":"planted",
  "15":"exploded",
  "16":"planted"
 },
 "site":{
  "0":"BombsiteB",
  "1":"BombsiteB",
  "2":"BombsiteA",
  "3":"BombsiteA",
  "4":"BombsiteA",
  "5":"BombsiteA",
  "6":"BombsiteB",
  "7":"BombsiteB",
  "8":"BombsiteB",
  "9":"BombsiteB",
  "10":"BombsiteB",
  "11":"BombsiteB",
  "12":"BombsiteB",
  "13":"BombsiteB",
  "14":"BombsiteB",
  "15":"BombsiteB",
  "16":"BombsiteA"
 },
 "X":{
  "0":1077.2103271484,
  "1":1077.2103271484,
  "2":-1280.16796875,
  "3":-1280.16796875,
  "4":-1279.0622558594,
  "5":-1279.0622558594,
  "6":869.0313720703,
  "7":870.5709838867,
  "8":995.5039672852,
  "9":958.3023681641,
  "10":802.0447387695,
  "11":858.5786743164,
  "12":793.8806762695,
  "13":797.4802246094,
  "14":784.4533691406,
  "15":784.4533691406,
  "16":-1263.7106933594
 },
 "Y":{
  "0":181.095489502,
  "1":181.095489502,
  "2":758.7261352539,
  "3":758.7261352539,
  "4":725.3749389648,
  "5":725.3749389648,
  "6":80.7709121704,
  "7":19.5234470367,
  "8":-77.9725341797,
  "9":-101.7803955078,
  "10":4.9686326981,
  "11":-11.9977416992,
  "12":4.9687066078,
  "13":4.9699749947,
  "14":-1.8084106445,
  "15":-1.8084106445,
  "16":729.9686279297
 },
 "Z":{
  "0":134.03125,
  "1":134.03125,
  "2":54.03125,
  "3":54.03125,
  "4":56.03125,
  "5":56.03125,
  "6":130.9011077881,
  "7":130.9011230469,
  "8":134.03125,
  "9":134.03125,
  "10":130.9011230469,
  "11":130.03125,
  "12":130.9011230469,
  "13":130.9011230469,
  "14":130.9011230469,
  "15":130.9011230469,
  "16":56.03125
 },
 "round":{
  "0":7,
  "1":7,
  "2":9,
  "3":9,
  "4":10,
  "5":10,
  "6":12,
  "7":12,
  "8":13,
  "9":13,
  "10":17,
  "11":17,
  "12":18,
  "13":18,
  "14":22,
  "15":22,
  "16":23
 }
}