{
 "tick":{
  "0":4179,
  "1":7590,
  "2":22515,
  "3":31782,
  "4":34406,
  "5":41774,
  "6":44007,
  "7":60485,
  "8":63109,
  "9":66755,
  "10":126348,
  "11":128972,
  "12":139645,
  "13":142269,
  "14":148721,
  "15":151345,
  "16":174244,
  "17":175382
 },
 "event":{
  "0":"planted",
  "1":"planted",
  "2":"planted",
  "3":"planted",
  "4":"exploded",
  "5":"planted",
  "6":"defused",
  "7":"planted",
  "8":"exploded",
  "9":"planted",
  "10":"planted",
  "11":"exploded",
  "12":"planted",
  "13":"exploded",
  "14":"planted",
  "15":"exploded",
  "16":"planted",
  "17":"defused"
 },
 "site":{
  "0":"BombsiteB",
  "1":"BombsiteA",
  "2":"BombsiteA",
  "3":"BombsiteA",
  "4":"BombsiteA",
  "5":"BombsiteB",
  "6":"BombsiteB",
  "7":"BombsiteA",
  "8":"BombsiteA",
  "9":"BombsiteB",
  "10":"BombsiteA",
  "11":"BombsiteA",
  "12":"BombsiteB",
  "13":"BombsiteB",
  "14":"BombsiteA",
  "15":"BombsiteA",
  "16":"BombsiteB",
  "17":"BombsiteB"
 },
 "X":{
  "0":559.9678955078,
  "1":641.6736450195,
  "2":738.1832275391,
  "3":667.4866943359,
  "4":667.4866943359,
  "5":389.5401000977,
  "6":368.509552002,
  "7":721.8200073242,
  "8":721.8200073242,
  "9":344.9223022461,
  "10":603.4821777344,
  "11":603.4821777344,
  "12":497.2049255371,
  "13":497.2049255371,
  "14":638.2401123047,
  "15":638.2401123047,
  "16":852.9143066406,
  "17":846.7838745117
 },
 "Y":{
  "0":-1160.2447509766,
  "1":-604.1457519531,
  "2":-825.0974731445,
  "3":-777.9130249023,
  "4":-777.9130249023,
  "5":-903.194152832,
  "6":-844.9556274414,
  "7":-773.541809082,
  "8":-773.541809082,
  "9":-1102.7259521484,
  "10":-935.1815795898,
  "11":-935.1815795898,
  "12":-1215.3015136719,
  "13":-1215.3015136719,
  "14":-768.0334472656,
  "15":-768.0334472656,
  "16":-947.5505981445,
  "17":-1007.8776855469
 },
 "Z":{
  "0":-769.96875,
  "1":-415.96875,
  "2":-399.9682617188,
  "3":-415.96875,
  "4":-415.96875,
  "5":-771.96875,
  "6":-771.96875,
  "7":-399.9682617188,
  "8":-399.9682617188,
  "9":-765.96875,
  "10":-414.96875,
  "11":-414.96875,
  "12":-769.96875,
  "13":-769.96875,
  "14":-415.96875,
  "15":-415.96875,
  "16":-765.96875,
  "17":-765.96875
 },
 "round":{
  "0":1,
  "1":2,
  "2":4,
  "3":5,
  "4":5,
  "5":6,
  "6":6,
  "7":8,
  "8":8,
  "9":9,
  "10":15,
  "11":15,
  "12":16,
  "13":16,
  "14":17,
  "15":17,
  "16":20,
  "17":20
 }
}