{
 "tick":{
  "0":79438,
  "1":80760,
  "2":93928,
  "3":96110,
  "4":114050
 },
 "event":{
  "0":"planted",
  "1":"defused",
  "2":"planted",
  "3":"defused",
  "4":"planted"
 },
 "site":{
  "0":"BombsiteB",
  "1":"BombsiteB",
  "2":"BombsiteB",
  "3":"BombsiteB",
  "4":"BombsiteA"
 },
 "X":{
  "0":-968.9708862305,
  "1":-913.2462158203,
  "2":-1166.2612304688,
  "3":-1165.7213134766,
  "4":-2565.2937011719
 },
 "Y":{
  "0":-80.503112793,
  "1":-61.9710693359,
  "2":-72.4730224609,
  "3":-122.1213989258,
  "4":642.7613525391
 },
 "Z":{
  "0":100.0312423706,
  "1":100.0312423706,
  "2":103.7309112549,
  "3":103.5312576294,
  "4":484.0312805176
 },
 "round":{
  "0":10,
  "1":10,
  "2":12,
  "3":12,
  "4":13
 }
}