{
 "tick":{
  "0":22987,
  "1":24514,
  "2":43919,
  "3":45528,
  "4":61719,
  "5":63185,
  "6":85558,
  "7":86505,
  "8":103605,
  "9":109982,
  "10":112606,
  "11":129203,
  "12":131324,
  "13":146342
 },
 "event":{
  "0":"planted",
  "1":"defused",
  "2":"planted",
  "3":"defused",
  "4":"planted",
  "5":"defused",
  "6":"planted",
  "7":"defused",
  "8":"planted",
  "9":"planted",
  "10":"exploded",
  "11":"planted",
  "12":"defused",
  "13":"planted"
 },
 "site":{
  "0":"BombsiteB",
  "1":"BombsiteB",
  "2":"BombsiteA",
  "3":"BombsiteA",
  "4":"BombsiteB",
  "5":"BombsiteB",
  "6":"BombsiteA",
  "7":"BombsiteA",
  "8":"BombsiteB",
  "9":"BombsiteA",
  "10":"BombsiteA",
  "11":"BombsiteB",
  "12":"BombsiteB",
  "13":"BombsiteB"
 },
 "X":{
  "0":547.0649414062,
  "1":497.9342346191,
  "2":1835.6234130859,
  "3":1819.0308837891,
  "4":314.9676818848,
  "5":320.5180664062,
  "6":2174.6967773438,
  "7":2127.86328125,
  "8":498.9678955078,
  "9":2084.9921875,
  "10":2084.9921875,
  "11":546.4515991211,
  "12":487.7208251953,
  "13":364.2423095703
 },
 "Y":{
  "0":2951.6186523438,
  "1":2987.4477539062,
  "2":274.3245849609,
  "3":291.9382324219,
  "4":2775.8513183594,
  "5":2835.7580566406,
  "6":603.5369262695,
  "7":570.6015625,
  "8":2544.5319824219,
  "9":183.1502075195,
  "10":183.1502075195,
  "11":2944.5485839844,
  "12":2948.1879882812,
  "13":2809.6235351562
 },
 "Z":{
  "0":161.5312347412,
  "1":161.53125,
  "2":161.0312194824,
  "3":161.0312194824,
  "4":184.2997589111,
  "5":184.2997589111,
  "6":160.03125,
  "7":160.03125,
  "8":166.03125,
  "9":160.03125,
  "10":160.03125,
  "11":161.5312347412,
  "12":161.5312347412,
  "13":184.2997589111
 },
 "round":{
  "0":4,
  "1":4,
  "2":6,
  "3":6,
  "4":7,
  "5":7,
  "6":10,
  "7":10,
  "8":12,
  "9":13,
  "10":13,
  "11":15,
  "12":15,
  "13":17
 }
}