{
 "tick":{
  "0":1973,
  "1":7273,
  "2":22347,
  "3":24971,
  "4":35779,
  "5":67654,
  "6":68807,
  "7":96912,
  "8":98304,
  "9":108324,
  "10":110948,
  "11":128454,
  "12":136153,
  "13":138777,
  "14":145096,
  "15":153717,
  "16":156341
 },
 "event":{
  "0":"planted",
  "1":"planted",
  "2":"planted",
  "3":"exploded",
  "4":"planted",
  "5":"planted",
  "6":"defused",
  "7":"planted",
  "8":"defused",
  "9":"planted",
  "10":"exploded",
  "11":"planted",
  "12":"planted",
  "13":"exploded",
  "14":"planted",
  "15":"planted",
  "16":"exploded"
 },
 "site":{
  "0":"BombsiteA",
  "1":"BombsiteA",
  "2":"BombsiteA",
  "3":"BombsiteA",
  "4":"BombsiteA",
  "5":"BombsiteA",
  "6":"BombsiteA",
  "7":"BombsiteA",
  "8":"BombsiteA",
  "9":"BombsiteA",
  "10":"BombsiteA",
  "11":"BombsiteA",
  "12":"BombsiteB",
  "13":"BombsiteB",
  "14":"BombsiteA",
  "15":"BombsiteA",
  "16":"BombsiteA"
 },
 "X":{
  "0":-452.3164672852,
  "1":-282.089050293,
  "2":-437.3509521484,
  "3":-437.3509521484,
  "4":-554.9686279297,
  "5":-297.6700439453,
  "6":-350.5562744141,
  "7":-503.5772705078,
  "8":-468.0872802734,
  "9":-416.9127197266,
  "10":-416.9127197266,
  "11":-598.5894775391,
  "12":-1969.03125,
  "13":-1969.03125,
  "14":-487.1201171875,
  "15":-253.9686279297,
  "16":-253.9686279297
 },
 "Y":{
  "0":-2038.5754394531,
  "1":-2164.8752441406,
  "2":-2011.8459472656,
  "3":-2011.8459472656,
  "4":-2103.6931152344,
  "5":-2162.6071777344,
  "6":-2188.1474609375,
  "7":-2262.7680664062,
  "8":-2215.357421875,
  "9":-2002.01953125,
  "10":-2002.01953125,
  "11":-2153.0876464844,
  "12":450.03125,
  "13":450.03125,
  "14":-1993.3695068359,
  "15":-2149.7231445312,
  "16":-2149.7231445312
 },
 "Z":{
  "0":-179.96875,
  "1":-173.2280883789,
  "2":-179.96875,
  "3":-179.96875,
  "4":-179.96875,
  "5":-174.1221923828,
  "6":-174.2024536133,
  "7":-174.3704223633,
  "8":-177.0073852539,
  "9":-179.96875,
  "10":-179.96875,
  "11":-179.96875,
  "12":-159.96875,
  "13":-159.96875,
  "14":-179.96875,
  "15":-173.3251342773,
  "16":-173.3251342773
 },
 "round":{
  "0":1,
  "1":2,
  "2":4,
  "3":4,
  "4":6,
  "5":9,
  "6":9,
  "7":13,
  "8":13,
  "9":14,
  "10":14,
  "11":16,
  "12":17,
  "13":17,
  "14":18,
  "15":19,
  "16":19
 }
}