{
 "tick":{
  "0":92662,
  "1":95009,
  "2":130719,
  "3":132600,
  "4":140529,
  "5":142534,
  "6":149223
 },
 "event":{
  "0":"planted",
  "1":"defused",
  "2":"planted",
  "3":"defused",
  "4":"planted",
  "5":"defused",
  "6":"planted"
 },
 "site":{
  "0":"BombsiteB",
  "1":"BombsiteB",
  "2":"BombsiteA",
  "3":"BombsiteA",
  "4":"BombsiteA",
  "5":"BombsiteA",
  "6":"BombsiteB"
 },
 "X":{
  "0":-1160.5483398438,
  "1":-1099.1650390625,
  "2":-2518.9685058594,
  "3":-2577.7551269531,
  "4":-2431.8959960938,
  "5":-2488.8479003906,
  "6":-1163.3508300781
 },
 "Y":{
  "0":-67.9063110352,
  "1":-66.575012207,
  "2":657.7205200195,
  "3":640.7801513672,
  "4":664.4232177734,
  "5":645.2745361328,
  "6":-89.0548706055
 },
 "Z":{
  "0":103.53125,
  "1":103.53125,
  "2":484.03125,
  "3":484.03125,
  "4":482.839263916,
  "5":484.0312805176,
  "6":103.5312576294
 },
 "round":{
  "0":9,
  "1":9,
  "2":15,
  "3":15,
  "4":16,
  "5":16,
  "6":17
 }
}