{
 "tick":{
  "0":2255,
  "1":4879,
  "2":12960,
  "3":19427,
  "4":37471,
  "5":55373,
  "6":63557,
  "7":66181,
  "8":73554,
  "9":82076,
  "10":89205,
  "11":91829,
  "12":98608,
  "13":105573,
  "14":111723
 },
 "event":{
  "0":"planted",
  "1":"exploded",
  "2":"planted",
  "3":"planted",
  "4":"planted",
  "5":"planted",
  "6":"planted",
  "7":"exploded",
  "8":"planted",
  "9":"planted",
  "10":"planted",
  "11":"exploded",
  "12":"planted",
  "13":"planted",
  "14":"planted"
 },
 "site":{
  "0":"BombsiteA",
  "1":"BombsiteA",
  "2":"BombsiteA",
  "3":"BombsiteA",
  "4":"BombsiteA",
  "5":"BombsiteB",
  "6":"BombsiteA",
  "7":"BombsiteA",
  "8":"BombsiteA",
  "9":"BombsiteB",
  "10":"BombsiteB",
  "11":"BombsiteB",
  "12":"BombsiteB",
  "13":"BombsiteA",
  "14":"BombsiteA"
 },
 "X":{
  "0":-143.5661621094,
  "1":-143.5661621094,
  "2":-380.0032348633,
  "3":-373.546875,
  "4":-356.9221191406,
  "5":-2351.9851074219,
  "6":-349.1151733398,
  "7":-349.1151733398,
  "8":-380.0032958984,
  "9":-2226.5288085938,
  "10":-2216.03125,
  "11":-2216.03125,
  "12":-2217.1147460938,
  "13":-307.8873291016,
  "14":-302.7161865234
 },
 "Y":{
  "0":-540.0314941406,
  "1":-540.0314941406,
  "2":-689.0313110352,
  "3":-688.7095336914,
  "4":-685.014831543,
  "5":784.8529052734,
  "6":-683.2798461914,
  "7":-683.2798461914,
  "8":-689.0313720703,
  "9":873.5285644531,
  "10":875.9705810547,
  "11":875.9705810547,
  "12":885.2158813477,
  "13":-713.0305175781,
  "14":-713.0313110352
 },
 "Z":{
  "0":11776.03125,
  "1":11776.03125,
  "2":11774.91015625,
  "3":11774.8701171875,
  "4":11774.408203125,
  "5":11744.03125,
  "6":11774.19140625,
  "7":11774.19140625,
  "8":11774.91015625,
  "9":11744.03125,
  "10":11744.03125,
  "11":11744.03125,
  "12":11744.03125,
  "13":11776.03125,
  "14":11776.03125
 },
 "round":{
  "0":1,
  "1":1,
  "2":2,
  "3":3,
  "4":5,
  "5":7,
  "6":8,
  "7":8,
  "8":9,
  "9":10,
  "10":11,
  "11":11,
  "12":12,
  "13":13,
  "14":14
 }
}