{
 "tick":{
  "0":6024,
  "1":13260,
  "2":15884,
  "3":19893,
  "4":28804,
  "5":38910,
  "6":41534,
  "7":56383,
  "8":67229,
  "9":69853,
  "10":77438,
  "11":80062,
  "12":83674,
  "13":89730,
  "14":91667
 },
 "event":{
  "0":"planted",
  "1":"planted",
  "2":"exploded",
  "3":"planted",
  "4":"planted",
  "5":"planted",
  "6":"exploded",
  "7":"planted",
  "8":"planted",
  "9":"exploded",
  "10":"planted",
  "11":"exploded",
  "12":"planted",
  "13":"planted",
  "14":"defused"
 },
 "site":{
  "0":"BombsiteB",
  "1":"BombsiteB",
  "2":"BombsiteB",
  "3":"BombsiteB",
  "4":"BombsiteB",
  "5":"BombsiteB",
  "6":"BombsiteB",
  "7":"BombsiteA",
  "8":"BombsiteB",
  "9":"BombsiteB",
  "10":"BombsiteB",
  "11":"BombsiteB",
  "12":"BombsiteA",
  "13":"BombsiteA",
  "14":"BombsiteA"
 },
 "X":{
  "0":815.5432739258,
  "1":869.0313110352,
  "2":869.0313110352,
  "3":869.0338134766,
  "4":802.4485473633,
  "5":808.6384887695,
  "6":808.6384887695,
  "7":-1569.7990722656,
  "8":723.9686279297,
  "9":723.9686279297,
  "10":785.4389038086,
  "11":785.4389038086,
  "12":-1280.0344238281,
  "13":-1581.8736572266,
  "14":-1628.5709228516
 },
 "Y":{
  "0":4.9679546356,
  "1":82.96875,
  "2":82.96875,
  "3":68.2348022461,
  "4":4.9686789513,
  "5":4.9698839188,
  "6":4.9698839188,
  "7":709.7749023438,
  "8":87.3831787109,
  "9":87.3831787109,
  "10":4.9686288834,
  "11":4.9686288834,
  "12":746.7754516602,
  "13":705.598449707,
  "14":665.9639892578
 },
 "Z":{
  "0":130.9011230469,
  "1":130.9011077881,
  "2":130.9011077881,
  "3":130.9011077881,
  "4":130.9011230469,
  "5":130.9011230469,
  "6":130.9011230469,
  "7":56.03125,
  "8":130.03125,
  "9":130.03125,
  "10":130.9011230469,
  "11":130.9011230469,
  "12":54.03125,
  "13":56.03125,
  "14":61.2400283813
 },
 "round":{
  "0":1,
  "1":2,
  "2":2,
  "3":3,
  "4":4,
  "5":5,
  "6":5,
  "7":7,
  "8":8,
  "9":8,
  "10":9,
  "11":9,
  "12":10,
  "13":11,
  "14":11
 }
}