{
 "tick":{
  "0":7964,
  "1":17207,
  "2":18806,
  "3":70180,
  "4":72804,
  "5":155931,
  "6":158104,
  "7":165469,
  "8":166702
 },
 "event":{
  "0":"planted",
  "1":"planted",
  "2":"defused",
  "3":"planted",
  "4":"exploded",
  "5":"planted",
  "6":"defused",
  "7":"planted",
  "8":"defused"
 },
 "site":{
  "0":"BombsiteA",
  "1":"BombsiteB",
  "2":"BombsiteB",
  "3":"BombsiteB",
  "4":"BombsiteB",
  "5":"BombsiteB",
  "6":"BombsiteB",
  "7":"BombsiteA",
  "8":"BombsiteA"
 },
 "X":{
  "0":-2166.0734863281,
  "1":-1119.6706542969,
  "2":-1124.4056396484,
  "3":-1166.1029052734,
  "4":-1166.1029052734,
  "5":-1163.1997070312,
  "6":-1161.943359375,
  "7":-2066.12890625,
  "8":-2011.9478759766
 },
 "Y":{
  "0":565.7194824219,
  "1":125.9527282715,
  "2":78.4755172729,
  "3":-78.2489624023,
  "4":-78.2489624023,
  "5":-76.8770751953,
  "6":-57.5982055664,
  "7":648.3444213867,
  "8":623.4878540039
 },
 "Z":{
  "0":521.6519165039,
  "1":103.53125,
  "2":103.53125,
  "3":103.53125,
  "4":103.53125,
  "5":103.5312576294,
  "6":103.5312576294,
  "7":476.03125,
  "8":476.03125
 },
 "round":{
  "0":1,
  "1":2,
  "2":2,
  "3":9,
  "4":9,
  "5":21,
  "6":21,
  "7":22,
  "8":22
 }
}