{
 "tick":{
  "0":7076,
  "1":8750,
  "2":40889,
  "3":43513,
  "4":52065,
  "5":60052,
  "6":70140,
  "7":71307,
  "8":85383,
  "9":87549,
  "10":134627,
  "11":151215,
  "12":160303,
  "13":172954,
  "14":174973,
  "15":206761,
  "16":209385,
  "17":213624
 },
 "event":{
  "0":"planted",
  "1":"defused",
  "2":"planted",
  "3":"exploded",
  "4":"planted",
  "5":"planted",
  "6":"planted",
  "7":"defused",
  "8":"planted",
  "9":"defused",
  "10":"planted",
  "11":"planted",
  "12":"planted",
  "13":"planted",
  "14":"defused",
  "15":"planted",
  "16":"exploded",
  "17":"planted"
 },
 "site":{
  "0":"BombsiteB",
  "1":"BombsiteB",
  "2":"BombsiteA",
  "3":"BombsiteA",
  "4":"BombsiteA",
  "5":"BombsiteB",
  "6":"BombsiteB",
  "7":"BombsiteB",
  "8":"BombsiteA",
  "9":"BombsiteA",
  "10":"BombsiteB",
  "11":"BombsiteB",
  "12":"BombsiteB",
  "13":"BombsiteB",
  "14":"BombsiteB",
  "15":"BombsiteA",
  "16":"BombsiteA",
  "17":"BombsiteB"
 },
 "X":{
  "0":813.9348754883,
  "1":811.6301879883,
  "2":-1280.0291748047,
  "3":-1280.0291748047,
  "4":-1212.7814941406,
  "5":804.8717041016,
  "6":778.6444702148,
  "7":816.0338134766,
  "8":-1573.7095947266,
  "9":-1582.9587402344,
  "10":812.7901611328,
  "11":815.6771240234,
  "12":869.0313720703,
  "13":804.5587768555,
  "14":784.7593383789,
  "15":-1563.3526611328,
  "16":-1563.3526611328,
  "17":916.762878418
 },
 "Y":{
  "0":4.8923578262,
  "1":-4.1680297852,
  "2":784.0531616211,
  "3":784.0531616211,
  "4":893.0326538086,
  "5":152.0313110352,
  "6":4.9686274529,
  "7":-35.8811645508,
  "8":699.9798583984,
  "9":642.9799194336,
  "10":4.9675359726,
  "11":4.967956543,
  "12":77.3071136475,
  "13":4.9691872597,
  "14":-52.9790649414,
  "15":711.5121459961,
  "16":711.5121459961,
  "17":43.6293869019
 },
 "Z":{
  "0":130.9011230469,
  "1":130.9011230469,
  "2":54.03125,
  "3":54.03125,
  "4":62.03125,
  "5":130.9011077881,
  "6":130.9011230469,
  "7":130.9011077881,
  "8":56.03125,
  "9":69.1748733521,
  "10":130.9011230469,
  "11":130.9011230469,
  "12":130.9011077881,
  "13":130.9011230469,
  "14":130.03125,
  "15":56.03125,
  "16":56.03125,
  "17":130.9011077881
 },
 "round":{
  "0":1,
  "1":1,
  "2":6,
  "3":6,
  "4":7,
  "5":8,
  "6":9,
  "7":9,
  "8":11,
  "9":11,
  "10":16,
  "11":18,
  "12":19,
  "13":20,
  "14":20,
  "15":23,
  "16":23,
  "17":24
 }
}