{
 "tick":{
  "0":2488,
  "1":3887,
  "2":23290,
  "3":24749,
  "4":60505,
  "5":63129,
  "6":66542,
  "7":69166,
  "8":82548,
  "9":95596,
  "10":96421,
  "11":112319,
  "12":114943,
  "13":119021,
  "14":134643,
  "15":137267,
  "16":145368,
  "17":158515,
  "18":161023
 },
 "event":{
  "0":"planted",
  "1":"defused",
  "2":"planted",
  "3":"defused",
  "4":"planted",
  "5":"exploded",
  "6":"planted",
  "7":"exploded",
  "8":"planted",
  "9":"planted",
  "10":"defused",
  "11":"planted",
  "12":"exploded",
  "13":"planted",
  "14":"planted",
  "15":"exploded",
  "16":"planted",
  "17":"planted",
  "18":"defused"
 },
 "site":{
  "0":"BombsiteB",
  "1":"BombsiteB",
  "2":"BombsiteA",
  "3":"BombsiteA",
  "4":"BombsiteA",
  "5":"BombsiteA",
  "6":"BombsiteA",
  "7":"BombsiteA",
  "8":"BombsiteA",
  "9":"BombsiteB",
  "10":"BombsiteB",
  "11":"BombsiteA",
  "12":"BombsiteA",
  "13":"BombsiteA",
  "14":"BombsiteB",
  "15":"BombsiteB",
  "16":"BombsiteA",
  "17":"BombsiteB",
  "18":"BombsiteB"
 },
 "X":{
  "0":346.3668518066,
  "1":397.9493103027,
  "2":588.6057739258,
  "3":643.49609375,
  "4":785.921875,
  "5":785.921875,
  "6":663.6770019531,
  "7":663.6770019531,
  "8":664.2638549805,
  "9":340.0313415527,
  "10":350.3344421387,
  "11":651.100769043,
  "12":651.100769043,
  "13":663.0139160156,
  "14":634.9713134766,
  "15":634.9713134766,
  "16":649.1060180664,
  "17":457.94921875,
  "18":504.2699584961
 },
 "Y":{
  "0":-692.4025268555,
  "1":-725.4743041992,
  "2":-838.2177124023,
  "3":-809.967956543,
  "4":-606.3503417969,
  "5":-606.3503417969,
  "6":-766.4979858398,
  "7":-766.4979858398,
  "8":-609.6118164062,
  "9":-702.1175537109,
  "10":-762.6510009766,
  "11":-768.0301513672,
  "12":-768.0301513672,
  "13":-766.6346435547,
  "14":-1264.1215820312,
  "15":-1264.1215820312,
  "16":-790.7886962891,
  "17":-1238.6988525391,
  "18":-1197.7664794922
 },
 "Z":{
  "0":-765.96875,
  "1":-771.96875,
  "2":-399.96875,
  "3":-415.96875,
  "4":-399.9683837891,
  "5":-399.9683837891,
  "6":-399.96875,
  "7":-399.96875,
  "8":-399.96875,
  "9":-765.96875,
  "10":-771.96875,
  "11":-415.96875,
  "12":-415.96875,
  "13":-399.96875,
  "14":-769.96875,
  "15":-769.96875,
  "16":-415.96875,
  "17":-765.96875,
  "18":-769.96875
 },
 "round":{
  "0":1,
  "1":1,
  "2":4,
  "3":4,
  "4":9,
  "5":9,
  "6":10,
  "7":10,
  "8":12,
  "9":13,
  "10":13,
  "11":15,
  "12":15,
  "13":16,
  "14":18,
  "15":18,
  "16":19,
  "17":21,
  "18":21
 }
}