{
 "tick":{
  "0":7510,
  "1":10134,
  "2":17274,
  "3":19898,
  "4":25315,
  "5":27939,
  "6":36040,
  "7":49855,
  "8":57864,
  "9":60488,
  "10":82753,
  "11":90685,
  "12":91830,
  "13":122396,
  "14":124050
 },
 "event":{
  "0":"planted",
  "1":"exploded",
  "2":"planted",
  "3":"exploded",
  "4":"planted",
  "5":"exploded",
  "6":"planted",
  "7":"planted",
  "8":"planted",
  "9":"exploded",
  "10":"planted",
  "11":"planted",
  "12":"defused",
  "13":"planted",
  "14":"defused"
 },
 "site":{
  "0":"BombsiteB",
  "1":"BombsiteB",
  "2":"BombsiteA",
  "3":"BombsiteA",
  "4":"BombsiteB",
  "5":"BombsiteB",
  "6":"BombsiteB",
  "7":"BombsiteA",
  "8":"BombsiteB",
  "9":"BombsiteB",
  "10":"BombsiteA",
  "11":"BombsiteA",
  "12":"BombsiteA",
  "13":"BombsiteB",
  "14":"BombsiteB"
 },
 "X":{
  "0":869.0313720703,
  "1":869.0313720703,
  "2":-1219.7998046875,
  "3":-1219.7998046875,
  "4":784.8431396484,
  "5":784.8431396484,
  "6":788.5922241211,
  "7":-1248.212890625,
  "8":822.2032470703,
  "9":822.2032470703,
  "10":-1561.8491210938,
  "11":-1214.2366943359,
  "12":-1272.2961425781,
  "13":796.1315307617,
  "14":853.5118408203
 },
 "Y":{
  "0":82.96875,
  "1":82.96875,
  "2":729.96875,
  "3":729.96875,
  "4":4.9683876038,
  "5":4.9683876038,
  "6":4.968266964,
  "7":729.9685668945,
  "8":4.966439724,
  "9":4.966439724,
  "10":699.6965942383,
  "11":893.0291748047,
  "12":911.5033569336,
  "13":4.9716830254,
  "14":-17.7399291992
 },
 "Z":{
  "0":130.9011077881,
  "1":130.9011077881,
  "2":56.03125,
  "3":56.03125,
  "4":130.9011230469,
  "5":130.9011230469,
  "6":130.9011230469,
  "7":56.03125,
  "8":130.9011230469,
  "9":130.9011230469,
  "10":56.03125,
  "11":62.03125,
  "12":54.03125,
  "13":130.9011230469,
  "14":130.03125
 },
 "round":{
  "0":2,
  "1":2,
  "2":3,
  "3":3,
  "4":4,
  "5":4,
  "6":5,
  "7":7,
  "8":8,
  "9":8,
  "10":12,
  "11":13,
  "12":13,
  "13":17,
  "14":17
 }
}