{
 "tick":{
  "0":11632,
  "1":13884,
  "2":28443,
  "3":35327,
  "4":43901,
  "5":46525,
  "6":53818,
  "7":56442,
  "8":71352,
  "9":88952,
  "10":91576,
  "11":97379,
  "12":111453,
  "13":113497,
  "14":118007,
  "15":120631,
  "16":126484,
  "17":138800,
  "18":139942
 },
 "event":{
  "0":"planted",
  "1":"defused",
  "2":"planted",
  "3":"planted",
  "4":"planted",
  "5":"exploded",
  "6":"planted",
  "7":"exploded",
  "8":"planted",
  "9":"planted",
  "10":"exploded",
  "11":"planted",
  "12":"planted",
  "13":"defused",
  "14":"planted",
  "15":"exploded",
  "16":"planted",
  "17":"planted",
  "18":"defused"
 },
 "site":{
  "0":"BombsiteB",
  "1":"BombsiteB",
  "2":"BombsiteA",
  "3":"BombsiteB",
  "4":"BombsiteA",
  "5":"BombsiteA",
  "6":"BombsiteA",
  "7":"BombsiteA",
  "8":"BombsiteA",
  "9":"BombsiteA",
  "10":"BombsiteA",
  "11":"BombsiteA",
  "12":"BombsiteA",
  "13":"BombsiteA",
  "14":"BombsiteA",
  "15":"BombsiteA",
  "16":"BombsiteB",
  "17":"BombsiteA",
  "18":"BombsiteA"
 },
 "X":{
  "0":-1987.0345458984,
  "1":-2002.2629394531,
  "2":-272.7757568359,
  "3":-1987.0314941406,
  "4":-305.046875,
  "5":-305.046875,
  "6":-277.9698486328,
  "7":-277.9698486328,
  "8":-253.96875,
  "9":-253.96875,
  "10":-253.96875,
  "11":-470.3278198242,
  "12":-295.1801757812,
  "13":-343.5854492188,
  "14":-435.9483642578,
  "15":-435.9483642578,
  "16":-1874.2849121094,
  "17":-379.6781616211,
  "18":-399.9344482422
 },
 "Y":{
  "0":410.007019043,
  "1":352.004699707,
  "2":-2156.0100097656,
  "3":413.0478820801,
  "4":-2019.0026855469,
  "5":-2019.0026855469,
  "6":-2157.3859863281,
  "7":-2157.3859863281,
  "8":-2145.6481933594,
  "9":-2134.0754394531,
  "10":-2134.0754394531,
  "11":-1985.3092041016,
  "12":-2161.9484863281,
  "13":-2196.724609375,
  "14":-1985.1501464844,
  "15":-1985.1501464844,
  "16":286.5897521973,
  "17":-2133.1958007812,
  "18":-2078.2646484375
 },
 "Z":{
  "0":-159.96875,
  "1":-159.96875,
  "2":-173.6021728516,
  "3":-159.96875,
  "4":-172.3728637695,
  "5":-172.3728637695,
  "6":-173.7106933594,
  "7":-173.7106933594,
  "8":-173.4613037109,
  "9":-172.9469604492,
  "10":-172.9469604492,
  "11":-179.96875,
  "12":-174.0700683594,
  "13":-173.1301879883,
  "14":-179.96875,
  "15":-179.96875,
  "16":-159.96875,
  "17":-179.96875,
  "18":-179.96875
 },
 "round":{
  "0":2,
  "1":2,
  "2":4,
  "3":5,
  "4":6,
  "5":6,
  "6":7,
  "7":7,
  "8":9,
  "9":11,
  "10":11,
  "11":12,
  "12":15,
  "13":15,
  "14":16,
  "15":16,
  "16":17,
  "17":19,
  "18":19
 }
}