{
 "tick":{
  "0":1226,
  "1":2849,
  "2":21393,
  "3":22325,
  "4":31586,
  "5":32890,
  "6":57337,
  "7":77256,
  "8":94083,
  "9":96707,
  "10":112220
 },
 "event":{
  "0":"planted",
  "1":"defused",
  "2":"planted",
  "3":"defused",
  "4":"planted",
  "5":"defused",
  "6":"planted",
  "7":"planted",
  "8":"planted",
  "9":"exploded",
  "10":"planted"
 },
 "site":{
  "0":"BombsiteA",
  "1":"BombsiteA",
  "2":"BombsiteA",
  "3":"BombsiteA",
  "4":"BombsiteB",
  "5":"BombsiteB",
  "6":"BombsiteA",
  "7":"BombsiteA",
  "8":"BombsiteB",
  "9":"BombsiteB",
  "10":"BombsiteB"
 },
 "X":{
  "0":515.546875,
  "1":515.5953369141,
  "2":806.5729370117,
  "3":850.2473754883,
  "4":501.0844726562,
  "5":540.7507324219,
  "6":496.0319519043,
  "7":739.280456543,
  "8":864.8384399414,
  "9":864.8384399414,
  "10":636.0953979492
 },
 "Y":{
  "0":-904.4124755859,
  "1":-842.5762329102,
  "2":-610.4605712891,
  "3":-650.8088378906,
  "4":-1258.8697509766,
  "5":-1211.4964599609,
  "6":-947.8356933594,
  "7":-608.4977416992,
  "8":-925.3049316406,
  "9":-925.3049316406,
  "10":-1256.0329589844
 },
 "Z":{
  "0":-403.4469604492,
  "1":-399.96875,
  "2":-399.9682617188,
  "3":-399.9682617188,
  "4":-769.96875,
  "5":-769.96875,
  "6":-414.65625,
  "7":-399.9682617188,
  "8":-765.96875,
  "9":-765.96875,
  "10":-768.84375
 },
 "round":{
  "0":1,
  "1":1,
  "2":4,
  "3":4,
  "4":6,
  "5":6,
  "6":9,
  "7":11,
  "8":14,
  "9":14,
  "10":16
 }
}