{
 "tick":{
  "0":2850,
  "1":4862,
  "2":29449,
  "3":31701,
  "4":39574,
  "5":40278,
  "6":50755,
  "7":53379,
  "8":60640,
  "9":63264,
  "10":68090,
  "11":70714,
  "12":82364,
  "13":108732,
  "14":126632,
  "15":144264,
  "16":145334,
  "17":149122
 },
 "event":{
  "0":"planted",
  "1":"defused",
  "2":"planted",
  "3":"defused",
  "4":"planted",
  "5":"defused",
  "6":"planted",
  "7":"exploded",
  "8":"planted",
  "9":"exploded",
  "10":"planted",
  "11":"exploded",
  "12":"planted",
  "13":"planted",
  "14":"planted",
  "15":"planted",
  "16":"defused",
  "17":"planted"
 },
 "site":{
  "0":"BombsiteA",
  "1":"BombsiteA",
  "2":"BombsiteB",
  "3":"BombsiteB",
  "4":"BombsiteB",
  "5":"BombsiteB",
  "6":"BombsiteA",
  "7":"BombsiteA",
  "8":"BombsiteB",
  "9":"BombsiteB",
  "10":"BombsiteB",
  "11":"BombsiteB",
  "12":"BombsiteB",
  "13":"BombsiteA",
  "14":"BombsiteB",
  "15":"BombsiteA",
  "16":"BombsiteA",
  "17":"BombsiteB"
 },
 "X":{
  "0":-1258.3312988281,
  "1":-1263.7097167969,
  "2":1099.6743164062,
  "3":1099.1505126953,
  "4":795.3226928711,
  "5":856.2517700195,
  "6":-1525.1896972656,
  "7":-1525.1896972656,
  "8":818.0202636719,
  "9":818.0202636719,
  "10":790.0946044922,
  "11":790.0946044922,
  "12":778.5986328125,
  "13":-1280.03125,
  "14":908.6175537109,
  "15":-1263.9442138672,
  "16":-1205.0511474609,
  "17":804.723815918
 },
 "Y":{
  "0":729.9696655273,
  "1":670.888671875,
  "2":58.5853424072,
  "3":119.3449172974,
  "4":4.9684252739,
  "5":-1.8235473633,
  "6":969.3079223633,
  "7":969.3079223633,
  "8":4.968583107,
  "9":4.968583107,
  "10":4.9683804512,
  "11":4.9683804512,
  "12":159.1338500977,
  "13":793.96875,
  "14":-81.0982055664,
  "15":729.9686279297,
  "16":711.3826904297,
  "17":4.9698586464
 },
 "Z":{
  "0":56.03125,
  "1":59.423576355,
  "2":134.03125,
  "3":134.03125,
  "4":130.9011230469,
  "5":130.9011230469,
  "6":56.3895301819,
  "7":56.3895301819,
  "8":130.9011230469,
  "9":130.9011230469,
  "10":130.9011230469,
  "11":130.9011230469,
  "12":130.03125,
  "13":54.03125,
  "14":134.03125,
  "15":56.03125,
  "16":56.03125,
  "17":130.9011230469
 },
 "round":{
  "0":1,
  "1":1,
  "2":6,
  "3":6,
  "4":7,
  "5":7,
  "6":9,
  "7":9,
  "8":10,
  "9":10,
  "10":11,
  "11":11,
  "12":13,
  "13":17,
  "14":19,
  "15":21,
  "16":21,
  "17":22
 }
}