{
 "tick":{
  "0":8047,
  "1":10671,
  "2":16158,
  "3":21798,
  "4":38965,
  "5":41589,
  "6":66830,
  "7":68939,
  "8":83737,
  "9":93067,
  "10":95691,
  "11":101304,
  "12":123004,
  "13":131362,
  "14":135774
 },
 "event":{
  "0":"planted",
  "1":"exploded",
  "2":"planted",
  "3":"planted",
  "4":"planted",
  "5":"exploded",
  "6":"planted",
  "7":"defused",
  "8":"planted",
  "9":"planted",
  "10":"exploded",
  "11":"planted",
  "12":"planted",
  "13":"planted",
  "14":"planted"
 },
 "site":{
  "0":"BombsiteB",
  "1":"BombsiteB",
  "2":"BombsiteB",
  "3":"BombsiteB",
  "4":"BombsiteB",
  "5":"BombsiteB",
  "6":"BombsiteA",
  "7":"BombsiteA",
  "8":"BombsiteB",
  "9":"BombsiteA",
  "10":"BombsiteA",
  "11":"BombsiteB",
  "12":"BombsiteB",
  "13":"BombsiteA",
  "14":"BombsiteB"
 },
 "X":{
  "0":-1890.2044677734,
  "1":-1890.2044677734,
  "2":-1987.03125,
  "3":-1904.3524169922,
  "4":-1969.03125,
  "5":-1969.03125,
  "6":-253.9709472656,
  "7":-301.8088378906,
  "8":-1987.0275878906,
  "9":-438.9344482422,
  "10":-438.9344482422,
  "11":-1969.0419921875,
  "12":-1888.2586669922,
  "13":-392.8363037109,
  "14":-1969.03125
 },
 "Y":{
  "0":242.0313720703,
  "1":242.0313720703,
  "2":430.9872131348,
  "3":242.0324859619,
  "4":450.0313110352,
  "5":450.0313110352,
  "6":-2134.0732421875,
  "7":-2172.6203613281,
  "8":412.9691467285,
  "9":-1979.8565673828,
  "10":-1979.8565673828,
  "11":450.0305175781,
  "12":246.6669769287,
  "13":-1998.7716064453,
  "14":450.032623291
 },
 "Z":{
  "0":-159.96875,
  "1":-159.96875,
  "2":-159.96875,
  "3":-159.96875,
  "4":-159.96875,
  "5":-159.96875,
  "6":-172.9470214844,
  "7":-173.4160766602,
  "8":-159.96875,
  "9":-179.96875,
  "10":-179.96875,
  "11":-159.96875,
  "12":-159.96875,
  "13":-179.2772216797,
  "14":-159.96875
 },
 "round":{
  "0":1,
  "1":1,
  "2":2,
  "3":3,
  "4":5,
  "5":5,
  "6":10,
  "7":10,
  "8":12,
  "9":13,
  "10":13,
  "11":14,
  "12":17,
  "13":18,
  "14":19
 }
}