{
 "tick":{
  "0":5086,
  "1":7710,
  "2":56536,
  "3":59160,
  "4":109817,
  "5":127978,
  "6":129491,
  "7":135855,
  "8":137233,
  "9":159253,
  "10":161329,
  "11":169105,
  "12":170955,
  "13":183836,
  "14":186096,
  "15":191071,
  "16":192791
 },
 "event":{
  "0":"planted",
  "1":"exploded",
  "2":"planted",
  "3":"exploded",
  "4":"planted",
  "5":"planted",
  "6":"defused",
  "7":"planted",
  "8":"defused",
  "9":"planted",
  "10":"defused",
  "11":"planted",
  "12":"defused",
  "13":"planted",
  "14":"defused",
  "15":"planted",
  "16":"defused"
 },
 "site":{
  "0":"BombsiteA",
  "1":"BombsiteA",
  "2":"BombsiteA",
  "3":"BombsiteA",
  "4":"BombsiteB",
  "5":"BombsiteA",
  "6":"BombsiteA",
  "7":"BombsiteA",
  "8":"BombsiteA",
  "9":"BombsiteB",
  "10":"BombsiteB",
  "11":"BombsiteA",
  "12":"BombsiteA",
  "13":"BombsiteB",
  "14":"BombsiteB",
  "15":"BombsiteB",
  "16":"BombsiteB"
 },
 "X":{
  "0":-1205.1912841797,
  "1":-1205.1912841797,
  "2":-1280.03125,
  "3":-1280.03125,
  "4":755.96875,
  "5":-1213.2116699219,
  "6":-1250.6129150391,
  "7":-1264.2683105469,
  "8":-1296.5577392578,
  "9":782.9467163086,
  "10":782.4238891602,
  "11":-1249.734375,
  "12":-1295.5318603516,
  "13":835.1572875977,
  "14":875.600402832,
  "15":1094.7211914062,
  "16":1040.9189453125
 },
 "Y":{
  "0":729.9686279297,
  "1":729.9686279297,
  "2":793.96875,
  "3":793.96875,
  "4":17.9687290192,
  "5":893.0315551758,
  "6":902.6974487305,
  "7":724.3770751953,
  "8":774.4378051758,
  "9":4.9436926842,
  "10":-56.8189697266,
  "11":729.9686889648,
  "12":768.9975585938,
  "13":-78.5153808594,
  "14":-35.0059814453,
  "15":-16.5936889648,
  "16":-44.958984375
 },
 "Z":{
  "0":56.03125,
  "1":56.03125,
  "2":54.03125,
  "3":54.03125,
  "4":130.9011230469,
  "5":62.03125,
  "6":61.6482772827,
  "7":56.03125,
  "8":54.03125,
  "9":130.9011230469,
  "10":130.03125,
  "11":56.03125,
  "12":54.03125,
  "13":134.03125,
  "14":130.03125,
  "15":134.03125,
  "16":134.03125
 },
 "round":{
  "0":1,
  "1":1,
  "2":8,
  "3":8,
  "4":13,
  "5":15,
  "6":15,
  "7":16,
  "8":16,
  "9":19,
  "10":19,
  "11":20,
  "12":20,
  "13":22,
  "14":22,
  "15":23,
  "16":23
 }
}