{
 "tick":{
  "0":36913,
  "1":39537,
  "2":64642,
  "3":77218,
  "4":143556,
  "5":162427,
  "6":165051,
  "7":182535,
  "8":218257
 },
 "event":{
  "0":"planted",
  "1":"exploded",
  "2":"planted",
  "3":"planted",
  "4":"planted",
  "5":"planted",
  "6":"exploded",
  "7":"planted",
  "8":"planted"
 },
 "site":{
  "0":"BombsiteA",
  "1":"BombsiteA",
  "2":"BombsiteB",
  "3":"BombsiteB",
  "4":"BombsiteA",
  "5":"BombsiteA",
  "6":"BombsiteA",
  "7":"BombsiteA",
  "8":"BombsiteB"
 },
 "X":{
  "0":-2579.5122070312,
  "1":-2579.5122070312,
  "2":-1158.8092041016,
  "3":-1155.9796142578,
  "4":-2602.6354980469,
  "5":-2518.9719238281,
  "6":-2518.9719238281,
  "7":-2476.0217285156,
  "8":-1166.2868652344
 },
 "Y":{
  "0":640.5006713867,
  "1":640.5006713867,
  "2":-80.1882324219,
  "3":52.9797058105,
  "4":606.2172851562,
  "5":657.7237548828,
  "6":657.7237548828,
  "7":559.1422119141,
  "8":-94.8606567383
 },
 "Z":{
  "0":484.03125,
  "1":484.03125,
  "2":103.53125,
  "3":103.53125,
  "4":484.03125,
  "5":484.0312805176,
  "6":484.0312805176,
  "7":484.03125,
  "8":103.8823699951
 },
 "round":{
  "0":5,
  "1":5,
  "2":8,
  "3":9,
  "4":16,
  "5":18,
  "6":18,
  "7":20,
  "8":24
 }
}