{
 "tick":{
  "0":37078,
  "1":39702,
  "2":85966,
  "3":87382,
  "4":94486,
  "5":100669,
  "6":103293,
  "7":109250,
  "8":115054
 },
 "event":{
  "0":"planted",
  "1":"exploded",
  "2":"planted",
  "3":"defused",
  "4":"planted",
  "5":"planted",
  "6":"exploded",
  "7":"planted",
  "8":"planted"
 },
 "site":{
  "0":"BombsiteB",
  "1":"BombsiteB",
  "2":"BombsiteA",
  "3":"BombsiteA",
  "4":"BombsiteA",
  "5":"BombsiteB",
  "6":"BombsiteB",
  "7":"BombsiteA",
  "8":"BombsiteB"
 },
 "X":{
  "0":-2216.03125,
  "1":-2216.03125,
  "2":-298.0400390625,
  "3":-350.3250732422,
  "4":-357.5931396484,
  "5":-2223.8713378906,
  "6":-2223.8713378906,
  "7":-374.9696044922,
  "8":-2216.0317382812
 },
 "Y":{
  "0":811.0119628906,
  "1":811.0119628906,
  "2":-721.9177246094,
  "3":-690.4606933594,
  "4":-685.1639404297,
  "5":868.7271118164,
  "6":868.7271118164,
  "7":-689.0348510742,
  "8":868.0152587891
 },
 "Z":{
  "0":11744.03125,
  "1":11744.03125,
  "2":11776.03125,
  "3":11775.0888671875,
  "4":11774.4267578125,
  "5":11744.03125,
  "6":11744.03125,
  "7":11774.9111328125,
  "8":11744.03125
 },
 "round":{
  "0":5,
  "1":5,
  "2":12,
  "3":12,
  "4":13,
  "5":14,
  "6":14,
  "7":15,
  "8":16
 }
}