{
 "tick":{
  "0":6514,
  "1":9138,
  "2":13389,
  "3":19209,
  "4":42146,
  "5":44770,
  "6":48032,
  "7":50656,
  "8":80163,
  "9":81852,
  "10":86526,
  "11":95692,
  "12":108313,
  "13":110937,
  "14":124105,
  "15":126342,
  "16":134380,
  "17":143031,
  "18":144011,
  "19":170131,
  "20":171409
 },
 "event":{
  "0":"planted",
  "1":"exploded",
  "2":"planted",
  "3":"planted",
  "4":"planted",
  "5":"exploded",
  "6":"planted",
  "7":"exploded",
  "8":"planted",
  "9":"defused",
  "10":"planted",
  "11":"planted",
  "12":"planted",
  "13":"exploded",
  "14":"planted",
  "15":"defused",
  "16":"planted",
  "17":"planted",
  "18":"defused",
  "19":"planted",
  "20":"defused"
 },
 "site":{
  "0":"BombsiteA",
  "1":"BombsiteA",
  "2":"BombsiteA",
  "3":"BombsiteB",
  "4":"BombsiteA",
  "5":"BombsiteA",
  "6":"BombsiteA",
  "7":"BombsiteA",
  "8":"BombsiteB",
  "9":"BombsiteB",
  "10":"BombsiteA",
  "11":"BombsiteB",
  "12":"BombsiteB",
  "13":"BombsiteB",
  "14":"BombsiteA",
  "15":"BombsiteA",
  "16":"BombsiteB",
  "17":"BombsiteA",
  "18":"BombsiteA",
  "19":"BombsiteA",
  "20":"BombsiteA"
 },
 "X":{
  "0":-1239.9842529297,
  "1":-1239.9842529297,
  "2":-1556.4222412109,
  "3":869.0313110352,
  "4":-1280.0317382812,
  "5":-1280.0317382812,
  "6":-1572.9664306641,
  "7":-1572.9664306641,
  "8":937.1377563477,
  "9":946.3463134766,
  "10":-1241.7619628906,
  "11":784.9866333008,
  "12":869.0278930664,
  "13":869.0278930664,
  "14":-1240.71484375,
  "15":-1180.9880371094,
  "16":809.3233032227,
  "17":-1303.2005615234,
  "18":-1357.9083251953,
  "19":-1209.1448974609,
  "20":-1168.6657714844
 },
 "Y":{
  "0":724.6378173828,
  "1":724.6378173828,
  "2":714.1657714844,
  "3":35.1278152466,
  "4":772.4951171875,
  "5":772.4951171875,
  "6":701.9763793945,
  "7":701.9763793945,
  "8":18.1188220978,
  "9":77.5928726196,
  "10":729.9669189453,
  "11":4.9684324265,
  "12":60.3291320801,
  "13":60.3291320801,
  "14":729.9686889648,
  "15":714.2517089844,
  "16":4.9707250595,
  "17":775.1890869141,
  "18":800.1080322266,
  "19":729.9714355469,
  "20":754.9473876953
 },
 "Z":{
  "0":56.03125,
  "1":56.03125,
  "2":56.03125,
  "3":130.9011077881,
  "4":54.03125,
  "5":54.03125,
  "6":56.03125,
  "7":56.03125,
  "8":130.03125,
  "9":130.9011077881,
  "10":56.03125,
  "11":130.9011230469,
  "12":130.9011077881,
  "13":130.9011077881,
  "14":56.03125,
  "15":52.2751159668,
  "16":130.9011230469,
  "17":54.03125,
  "18":54.03125,
  "19":56.03125,
  "20":53.4427871704
 },
 "round":{
  "0":1,
  "1":1,
  "2":2,
  "3":3,
  "4":6,
  "5":6,
  "6":7,
  "7":7,
  "8":12,
  "9":12,
  "10":13,
  "11":14,
  "12":16,
  "13":16,
  "14":18,
  "15":18,
  "16":19,
  "17":20,
  "18":20,
  "19":23,
  "20":23
 }
}