{
 "tick":{
  "0":5108,
  "1":6585,
  "2":13846,
  "3":45907,
  "4":48531,
  "5":102761,
  "6":115991,
  "7":118615,
  "8":128136,
  "9":130760,
  "10":139677
 },
 "event":{
  "0":"planted",
  "1":"defused",
  "2":"planted",
  "3":"planted",
  "4":"exploded",
  "5":"planted",
  "6":"planted",
  "7":"exploded",
  "8":"planted",
  "9":"exploded",
  "10":"planted"
 },
 "site":{
  "0":"BombsiteB",
  "1":"BombsiteB",
  "2":"BombsiteA",
  "3":"BombsiteB",
  "4":"BombsiteB",
  "5":"BombsiteA",
  "6":"BombsiteA",
  "7":"BombsiteA",
  "8":"BombsiteA",
  "9":"BombsiteA",
  "10":"BombsiteA"
 },
 "X":{
  "0":-1984.6610107422,
  "1":-2017.3223876953,
  "2":-494.0535888672,
  "3":-1992.3953857422,
  "4":-1992.3953857422,
  "5":-293.8304443359,
  "6":-626.2091064453,
  "7":-626.2091064453,
  "8":-280.4852294922,
  "9":-280.4852294922,
  "10":-502.706237793
 },
 "Y":{
  "0":450.0313720703,
  "1":401.1130371094,
  "2":-2015.5395507812,
  "3":435.1422729492,
  "4":435.1422729492,
  "5":-2161.5888671875,
  "6":-1989.8439941406,
  "7":-1989.8439941406,
  "8":-2158.052734375,
  "9":-2158.052734375,
  "10":-1987.2188720703
 },
 "Z":{
  "0":-159.96875,
  "1":-159.96875,
  "2":-179.96875,
  "3":-159.96875,
  "4":-159.96875,
  "5":-174.0420532227,
  "6":-179.96875,
  "7":-179.96875,
  "8":-173.7632446289,
  "9":-173.7632446289,
  "10":-179.96875
 },
 "round":{
  "0":1,
  "1":1,
  "2":2,
  "3":6,
  "4":6,
  "5":13,
  "6":16,
  "7":16,
  "8":17,
  "9":17,
  "10":18
 }
}