{
 "tick":{
  "0":16579,
  "1":19203,
  "2":41809,
  "3":61711,
  "4":62442,
  "5":70339,
  "6":72963,
  "7":80717,
  "8":82064,
  "9":86547,
  "10":92004,
  "11":100921,
  "12":103545,
  "13":108952,
  "14":110896,
  "15":115772,
  "16":118396,
  "17":134098
 },
 "event":{
  "0":"planted",
  "1":"exploded",
  "2":"planted",
  "3":"planted",
  "4":"defused",
  "5":"planted",
  "6":"exploded",
  "7":"planted",
  "8":"defused",
  "9":"planted",
  "10":"planted",
  "11":"planted",
  "12":"exploded",
  "13":"planted",
  "14":"defused",
  "15":"planted",
  "16":"exploded",
  "17":"planted"
 },
 "site":{
  "0":"BombsiteB",
  "1":"BombsiteB",
  "2":"BombsiteA",
  "3":"BombsiteB",
  "4":"BombsiteB",
  "5":"BombsiteA",
  "6":"BombsiteA",
  "7":"BombsiteA",
  "8":"BombsiteA",
  "9":"BombsiteA",
  "10":"BombsiteA",
  "11":"BombsiteA",
  "12":"BombsiteA",
  "13":"BombsiteB",
  "14":"BombsiteB",
  "15":"BombsiteB",
  "16":"BombsiteB",
  "17":"BombsiteA"
 },
 "X":{
  "0":-2146.03125,
  "1":-2146.03125,
  "2":-371.8099365234,
  "3":-2216.0324707031,
  "4":-2256.8376464844,
  "5":-347.03125,
  "6":-347.03125,
  "7":-362.6439819336,
  "8":-366.4202270508,
  "9":-374.4661865234,
  "10":-431.3918457031,
  "11":-394.9069213867,
  "12":-394.9069213867,
  "13":-2216.03125,
  "14":-2232.3071289062,
  "15":-2221.5556640625,
  "16":-2221.5556640625,
  "17":-347.03125
 },
 "Y":{
  "0":725.3111572266,
  "1":725.3111572266,
  "2":-688.3235473633,
  "3":892.6363525391,
  "4":936.6227416992,
  "5":-682.8167724609,
  "6":-682.8167724609,
  "7":-686.2864990234,
  "8":-744.0284423828,
  "9":-688.9204101562,
  "10":-513.9104614258,
  "11":-689.0314941406,
  "12":-689.0314941406,
  "13":868.0184326172,
  "14":871.6011962891,
  "15":870.0369262695,
  "16":870.0369262695,
  "17":-682.8167114258
 },
 "Z":{
  "0":11744.03125,
  "1":11744.03125,
  "2":11774.822265625,
  "3":11744.03125,
  "4":11744.03125,
  "5":11774.1337890625,
  "6":11774.1337890625,
  "7":11774.5673828125,
  "8":11784.072265625,
  "9":11774.896484375,
  "10":11776.03125,
  "11":11774.91015625,
  "12":11774.91015625,
  "13":11744.03125,
  "14":11744.03125,
  "15":11744.03125,
  "16":11744.03125,
  "17":11774.1337890625
 },
 "round":{
  "0":3,
  "1":3,
  "2":6,
  "3":10,
  "4":10,
  "5":11,
  "6":11,
  "7":12,
  "8":12,
  "9":13,
  "10":14,
  "11":15,
  "12":15,
  "13":16,
  "14":16,
  "15":17,
  "16":17,
  "17":19
 }
}