{
 "tick":{
  "0":18301,
  "1":20925,
  "2":52825,
  "3":62097,
  "4":79919,
  "5":82543,
  "6":98848,
  "7":101140,
  "8":129115,
  "9":144289,
  "10":156521,
  "11":188824,
  "12":190614
 },
 "event":{
  "0":"planted",
  "1":"exploded",
  "2":"planted",
  "3":"planted",
  "4":"planted",
  "5":"exploded",
  "6":"planted",
  "7":"defused",
  "8":"planted",
  "9":"planted",
  "10":"planted",
  "11":"planted",
  "12":"defused"
 },
 "site":{
  "0":"BombsiteA",
  "1":"BombsiteA",
  "2":"BombsiteB",
  "3":"BombsiteA",
  "4":"BombsiteA",
  "5":"BombsiteA",
  "6":"BombsiteA",
  "7":"BombsiteA",
  "8":"BombsiteA",
  "9":"BombsiteB",
  "10":"BombsiteA",
  "11":"BombsiteA",
  "12":"BombsiteA"
 },
 "X":{
  "0":-2587.6228027344,
  "1":-2587.6228027344,
  "2":-1166.2625732422,
  "3":-2166.365234375,
  "4":-2517.6755371094,
  "5":-2517.6755371094,
  "6":-2137.2431640625,
  "7":-2192.517578125,
  "8":-2591.4582519531,
  "9":-1166.2707519531,
  "10":-2506.7080078125,
  "11":-2574.2944335938,
  "12":-2601.2436523438
 },
 "Y":{
  "0":628.2565307617,
  "1":628.2565307617,
  "2":-95.5827636719,
  "3":565.6962890625,
  "4":650.1741943359,
  "5":650.1741943359,
  "6":575.6948852539,
  "7":550.6173706055,
  "8":638.6001586914,
  "9":-90.3039550781,
  "10":582.90625,
  "11":638.5579223633,
  "12":631.6536865234
 },
 "Z":{
  "0":484.0312805176,
  "1":484.0312805176,
  "2":103.7388305664,
  "3":521.6403808594,
  "4":484.03125,
  "5":484.03125,
  "6":522.2686157227,
  "7":481.270324707,
  "8":484.03125,
  "9":103.7871627808,
  "10":484.0312805176,
  "11":484.03125,
  "12":484.03125
 },
 "round":{
  "0":3,
  "1":3,
  "2":5,
  "3":6,
  "4":8,
  "5":8,
  "6":11,
  "7":11,
  "8":13,
  "9":15,
  "10":16,
  "11":20,
  "12":20
 }
}