{
 "tick":{
  "0":26021,
  "1":28308,
  "2":34655,
  "3":37279,
  "4":58288,
  "5":60475,
  "6":69760,
  "7":72233,
  "8":78726,
  "9":81350,
  "10":97511,
  "11":100135,
  "12":108809,
  "13":109700,
  "14":129220,
  "15":133344,
  "16":135968,
  "17":142399
 },
 "event":{
  "0":"planted",
  "1":"defused",
  "2":"planted",
  "3":"exploded",
  "4":"planted",
  "5":"defused",
  "6":"planted",
  "7":"defused",
  "8":"planted",
  "9":"exploded",
  "10":"planted",
  "11":"exploded",
  "12":"planted",
  "13":"defused",
  "14":"planted",
  "15":"planted",
  "16":"exploded",
  "17":"planted"
 },
 "site":{
  "0":"BombsiteB",
  "1":"BombsiteB",
  "2":"BombsiteB",
  "3":"BombsiteB",
  "4":"BombsiteA",
  "5":"BombsiteA",
  "6":"BombsiteA",
  "7":"BombsiteA",
  "8":"BombsiteA",
  "9":"BombsiteA",
  "10":"BombsiteB",
  "11":"BombsiteB",
  "12":"BombsiteB",
  "13":"BombsiteB",
  "14":"BombsiteB",
  "15":"BombsiteB",
  "16":"BombsiteB",
  "17":"BombsiteB"
 },
 "X":{
  "0":-2288.8422851562,
  "1":-2241.5187988281,
  "2":-2216.03125,
  "3":-2216.03125,
  "4":-301.3404541016,
  "5":-338.6109008789,
  "6":-320.9208984375,
  "7":-326.2532958984,
  "8":-351.9952392578,
  "9":-351.9952392578,
  "10":-2216.03125,
  "11":-2216.03125,
  "12":-2216.03125,
  "13":-2275.8684082031,
  "14":-2216.03125,
  "15":-2216.1572265625,
  "16":-2216.1572265625,
  "17":-2216.0324707031
 },
 "Y":{
  "0":642.1373901367,
  "1":678.3995361328,
  "2":873.5405883789,
  "3":873.5405883789,
  "4":-713.0275878906,
  "5":-760.3350219727,
  "6":-720.1655273438,
  "7":-780.0032348633,
  "8":-691.2331542969,
  "9":-691.2331542969,
  "10":899.983215332,
  "11":899.983215332,
  "12":878.7592163086,
  "13":893.8000488281,
  "14":874.8638916016,
  "15":887.2846069336,
  "16":887.2846069336,
  "17":873.3416748047
 },
 "Z":{
  "0":11744.03125,
  "1":11744.03125,
  "2":11744.03125,
  "3":11744.03125,
  "4":11776.03125,
  "5":11776.03125,
  "6":11776.03125,
  "7":11776.03125,
  "8":11775.185546875,
  "9":11775.185546875,
  "10":11744.03125,
  "11":11744.03125,
  "12":11744.03125,
  "13":11744.03125,
  "14":11744.03125,
  "15":11744.03125,
  "16":11744.03125,
  "17":11744.03125
 },
 "round":{
  "0":3,
  "1":3,
  "2":4,
  "3":4,
  "4":7,
  "5":7,
  "6":8,
  "7":8,
  "8":9,
  "9":9,
  "10":11,
  "11":11,
  "12":12,
  "13":12,
  "14":13,
  "15":14,
  "16":14,
  "17":15
 }
}