{
 "tick":{
  "0":2411,
  "1":10264,
  "2":12888,
  "3":16653,
  "4":19277,
  "5":23103,
  "6":25727,
  "7":39028,
  "8":41652,
  "9":78335,
  "10":84559,
  "11":94312,
  "12":101394,
  "13":102254,
  "14":124633,
  "15":126167
 },
 "event":{
  "0":"planted",
  "1":"planted",
  "2":"exploded",
  "3":"planted",
  "4":"exploded",
  "5":"planted",
  "6":"exploded",
  "7":"planted",
  "8":"exploded",
  "9":"planted",
  "10":"planted",
  "11":"planted",
  "12":"planted",
  "13":"defused",
  "14":"planted",
  "15":"defused"
 },
 "site":{
  "0":"BombsiteA",
  "1":"BombsiteB",
  "2":"BombsiteB",
  "3":"BombsiteA",
  "4":"BombsiteA",
  "5":"BombsiteB",
  "6":"BombsiteB",
  "7":"BombsiteA",
  "8":"BombsiteA",
  "9":"BombsiteA",
  "10":"BombsiteA",
  "11":"BombsiteB",
  "12":"BombsiteB",
  "13":"BombsiteB",
  "14":"BombsiteA",
  "15":"BombsiteA"
 },
 "X":{
  "0":-555.8714599609,
  "1":-1890.705078125,
  "2":-1890.705078125,
  "3":-270.8412475586,
  "4":-270.8412475586,
  "5":-1906.8615722656,
  "6":-1906.8615722656,
  "7":-585.3156738281,
  "8":-585.3156738281,
  "9":-338.9772338867,
  "10":-312.9526367188,
  "11":-1974.3359375,
  "12":-1894.8997802734,
  "13":-1849.9815673828,
  "14":-485.0618896484,
  "15":-453.8096923828
 },
 "Y":{
  "0":-2132.3698730469,
  "1":251.0096893311,
  "2":251.0096893311,
  "3":-2213.6259765625,
  "4":-2213.6259765625,
  "5":242.1111450195,
  "6":242.1111450195,
  "7":-1977.9114990234,
  "8":-1977.9114990234,
  "9":-2040.9132080078,
  "10":-2021.845703125,
  "11":450.03125,
  "12":242.0315704346,
  "13":280.6712036133,
  "14":-1980.2905273438,
  "15":-1926.9444580078
 },
 "Z":{
  "0":-179.96875,
  "1":-159.96875,
  "2":-159.96875,
  "3":-168.3947753906,
  "4":-168.3947753906,
  "5":-159.96875,
  "6":-159.96875,
  "7":-179.96875,
  "8":-179.96875,
  "9":-176.3627319336,
  "10":-173.201965332,
  "11":-159.96875,
  "12":-159.96875,
  "13":-159.96875,
  "14":-179.96875,
  "15":-179.96875
 },
 "round":{
  "0":1,
  "1":2,
  "2":2,
  "3":3,
  "4":3,
  "5":4,
  "6":4,
  "7":6,
  "8":6,
  "9":11,
  "10":12,
  "11":13,
  "12":14,
  "13":14,
  "14":18,
  "15":18
 }
}