{
 "tick":{
  "0":6794,
  "1":13082,
  "2":22787,
  "3":25190,
  "4":34116,
  "5":35312,
  "6":78108,
  "7":88546,
  "8":92349,
  "9":109964,
  "10":116657,
  "11":161361,
  "12":162329,
  "13":169324
 },
 "event":{
  "0":"planted",
  "1":"planted",
  "2":"planted",
  "3":"defused",
  "4":"planted",
  "5":"defused",
  "6":"planted",
  "7":"planted",
  "8":"planted",
  "9":"planted",
  "10":"planted",
  "11":"planted",
  "12":"defused",
  "13":"planted"
 },
 "site":{
  "0":"BombsiteA",
  "1":"BombsiteA",
  "2":"BombsiteA",
  "3":"BombsiteA",
  "4":"BombsiteB",
  "5":"BombsiteB",
  "6":"BombsiteA",
  "7":"BombsiteA",
  "8":"BombsiteA",
  "9":"BombsiteB",
  "10":"BombsiteB",
  "11":"BombsiteA",
  "12":"BombsiteA",
  "13":"BombsiteA"
 },
 "X":{
  "0":-609.0427856445,
  "1":-430.5135498047,
  "2":-438.7669677734,
  "3":-497.2083740234,
  "4":-1906.4315185547,
  "5":-1948.7188720703,
  "6":-429.9647216797,
  "7":-283.3034667969,
  "8":-422.5157470703,
  "9":-1969.0313720703,
  "10":-1875.4873046875,
  "11":-287.7132568359,
  "12":-228.9144287109,
  "13":-271.4279785156
 },
 "Y":{
  "0":-2172.1032714844,
  "1":-1984.3215332031,
  "2":-1988.4738769531,
  "3":-1973.0743408203,
  "4":242.0318145752,
  "5":285.5846862793,
  "6":-1985.5888671875,
  "7":-2158.7998046875,
  "8":-1984.8601074219,
  "9":450.03125,
  "10":242.0316162109,
  "11":-2187.4196777344,
  "12":-2168.5942382812,
  "13":-2176.0847167969
 },
 "Z":{
  "0":-179.96875,
  "1":-179.96875,
  "2":-179.96875,
  "3":-179.96875,
  "4":-159.96875,
  "5":-159.96875,
  "6":-179.96875,
  "7":-173.8220825195,
  "8":-179.96875,
  "9":-159.96875,
  "10":-159.96875,
  "11":-171.4741210938,
  "12":-170.5341796875,
  "13":-171.7578735352
 },
 "round":{
  "0":1,
  "1":2,
  "2":3,
  "3":3,
  "4":4,
  "5":4,
  "6":10,
  "7":11,
  "8":12,
  "9":13,
  "10":14,
  "11":19,
  "12":19,
  "13":20
 }
}