{
 "tick":{
  "0":21382,
  "1":24006,
  "2":30375,
  "3":32288,
  "4":40944,
  "5":50506,
  "6":60308,
  "7":61278,
  "8":87907,
  "9":90183,
  "10":104039,
  "11":110880,
  "12":119905,
  "13":125384,
  "14":128008
 },
 "event":{
  "0":"planted",
  "1":"exploded",
  "2":"planted",
  "3":"defused",
  "4":"planted",
  "5":"planted",
  "6":"planted",
  "7":"defused",
  "8":"planted",
  "9":"defused",
  "10":"planted",
  "11":"planted",
  "12":"planted",
  "13":"planted",
  "14":"exploded"
 },
 "site":{
  "0":"BombsiteA",
  "1":"BombsiteA",
  "2":"BombsiteB",
  "3":"BombsiteB",
  "4":"BombsiteB",
  "5":"BombsiteA",
  "6":"BombsiteB",
  "7":"BombsiteB",
  "8":"BombsiteB",
  "9":"BombsiteB",
  "10":"BombsiteA",
  "11":"BombsiteB",
  "12":"BombsiteA",
  "13":"BombsiteB",
  "14":"BombsiteB"
 },
 "X":{
  "0":-1570.3746337891,
  "1":-1570.3746337891,
  "2":805.2594604492,
  "3":743.9362792969,
  "4":798.8323364258,
  "5":-1257.9967041016,
  "6":869.0317382812,
  "7":930.789855957,
  "8":1009.237121582,
  "9":973.985534668,
  "10":-1253.0291748047,
  "11":794.3442993164,
  "12":-1221.1348876953,
  "13":776.6389770508,
  "14":776.6389770508
 },
 "Y":{
  "0":697.8847045898,
  "1":697.8847045898,
  "2":4.9695534706,
  "3":-2.6571655273,
  "4":4.968298912,
  "5":729.9677124023,
  "6":65.987701416,
  "7":67.7121353149,
  "8":114.3372955322,
  "9":153.7781982422,
  "10":729.9682617188,
  "11":4.9703679085,
  "12":722.9873046875,
  "13":4.9675064087,
  "14":4.9675064087
 },
 "Z":{
  "0":56.03125,
  "1":56.03125,
  "2":130.9011230469,
  "3":130.03125,
  "4":130.9011230469,
  "5":56.03125,
  "6":130.9011077881,
  "7":130.9011077881,
  "8":130.03125,
  "9":130.9011077881,
  "10":56.03125,
  "11":130.9011230469,
  "12":56.03125,
  "13":130.9011230469,
  "14":130.9011230469
 },
 "round":{
  "0":4,
  "1":4,
  "2":5,
  "3":5,
  "4":6,
  "5":7,
  "6":9,
  "7":9,
  "8":12,
  "9":12,
  "10":15,
  "11":16,
  "12":17,
  "13":18,
  "14":18
 }
}