{
 "tick":{
  "0":5596,
  "1":7137,
  "2":11655,
  "3":14279,
  "4":36792,
  "5":39416,
  "6":45167,
  "7":47791,
  "8":51199,
  "9":53823,
  "10":61575,
  "11":65450,
  "12":68074,
  "13":84003,
  "14":86184,
  "15":92293,
  "16":110759,
  "17":133217
 },
 "event":{
  "0":"planted",
  "1":"defused",
  "2":"planted",
  "3":"exploded",
  "4":"planted",
  "5":"exploded",
  "6":"planted",
  "7":"exploded",
  "8":"planted",
  "9":"exploded",
  "10":"planted",
  "11":"planted",
  "12":"exploded",
  "13":"planted",
  "14":"defused",
  "15":"planted",
  "16":"planted",
  "17":"planted"
 },
 "site":{
  "0":"BombsiteA",
  "1":"BombsiteA",
  "2":"BombsiteA",
  "3":"BombsiteA",
  "4":"BombsiteA",
  "5":"BombsiteA",
  "6":"BombsiteA",
  "7":"BombsiteA",
  "8":"BombsiteA",
  "9":"BombsiteA",
  "10":"BombsiteB",
  "11":"BombsiteA",
  "12":"BombsiteA",
  "13":"BombsiteB",
  "14":"BombsiteB",
  "15":"BombsiteB",
  "16":"BombsiteA",
  "17":"BombsiteA"
 },
 "X":{
  "0":-342.6374511719,
  "1":-369.1046142578,
  "2":-460.1279296875,
  "3":-460.1279296875,
  "4":-494.2314453125,
  "5":-494.2314453125,
  "6":-494.4160766602,
  "7":-494.4160766602,
  "8":-372.5789794922,
  "9":-372.5789794922,
  "10":-2037.0294189453,
  "11":-253.96875,
  "12":-253.96875,
  "13":-1987.0280761719,
  "14":-2039.0783691406,
  "15":-1969.03125,
  "16":-300.2113037109,
  "17":-268.0875244141
 },
 "Y":{
  "0":-2020.9071044922,
  "1":-2048.8989257812,
  "2":-2000.3740234375,
  "3":-2000.3740234375,
  "4":-2011.2475585938,
  "5":-2011.2475585938,
  "6":-2006.7987060547,
  "7":-2006.7987060547,
  "8":-1995.67578125,
  "9":-1995.67578125,
  "10":84.4814529419,
  "11":-2134.0754394531,
  "12":-2134.0754394531,
  "13":419.8857727051,
  "14":386.233001709,
  "15":450.0313110352,
  "16":-2163.2807617188,
  "17":-2154.7663574219
 },
 "Z":{
  "0":-175.7989501953,
  "1":-179.3956298828,
  "2":-179.96875,
  "3":-179.96875,
  "4":-179.96875,
  "5":-179.96875,
  "6":-179.96875,
  "7":-179.96875,
  "8":-177.3389892578,
  "9":-177.3389892578,
  "10":-159.96875,
  "11":-172.9469604492,
  "12":-172.9469604492,
  "13":-159.96875,
  "14":-159.96875,
  "15":-159.96875,
  "16":-174.1752319336,
  "17":-173.5043945312
 },
 "round":{
  "0":1,
  "1":1,
  "2":2,
  "3":2,
  "4":5,
  "5":5,
  "6":6,
  "7":6,
  "8":7,
  "9":7,
  "10":8,
  "11":9,
  "12":9,
  "13":11,
  "14":11,
  "15":12,
  "16":15,
  "17":18
 }
}