{
 "tick":{
  "0":14008,
  "1":16632,
  "2":33219,
  "3":35843,
  "4":44467,
  "5":47091,
  "6":53378,
  "7":56002,
  "8":81702,
  "9":88214,
  "10":115040,
  "11":121698
 },
 "event":{
  "0":"planted",
  "1":"exploded",
  "2":"planted",
  "3":"exploded",
  "4":"planted",
  "5":"exploded",
  "6":"planted",
  "7":"exploded",
  "8":"planted",
  "9":"planted",
  "10":"planted",
  "11":"planted"
 },
 "site":{
  "0":"BombsiteB",
  "1":"BombsiteB",
  "2":"BombsiteA",
  "3":"BombsiteA",
  "4":"BombsiteB",
  "5":"BombsiteB",
  "6":"BombsiteA",
  "7":"BombsiteA",
  "8":"BombsiteA",
  "9":"BombsiteA",
  "10":"BombsiteB",
  "11":"BombsiteB"
 },
 "X":{
  "0":-1987.0294189453,
  "1":-1987.0294189453,
  "2":-253.9686889648,
  "3":-253.9686889648,
  "4":-1969.0314941406,
  "5":-1969.0314941406,
  "6":-275.1116943359,
  "7":-275.1116943359,
  "8":-271.5283203125,
  "9":-489.6833496094,
  "10":-1969.03125,
  "11":-1912.2106933594
 },
 "Y":{
  "0":435.311920166,
  "1":435.311920166,
  "2":-2134.0754394531,
  "3":-2134.0754394531,
  "4":450.0570678711,
  "5":450.0570678711,
  "6":-2212.7248535156,
  "7":-2212.7248535156,
  "8":-2166.1594238281,
  "9":-1979.8797607422,
  "10":450.0313415527,
  "11":242.0313720703
 },
 "Z":{
  "0":-159.96875,
  "1":-159.96875,
  "2":-172.9469604492,
  "3":-172.9469604492,
  "4":-159.96875,
  "5":-159.96875,
  "6":-168.6646728516,
  "7":-168.6646728516,
  "8":-172.6445922852,
  "9":-179.96875,
  "10":-159.96875,
  "11":-159.96875
 },
 "round":{
  "0":2,
  "1":2,
  "2":4,
  "3":4,
  "4":5,
  "5":5,
  "6":6,
  "7":6,
  "8":9,
  "9":10,
  "10":13,
  "11":14
 }
}