{
 "tick":{
  "0":21882,
  "1":23513,
  "2":34882,
  "3":37506,
  "4":92718,
  "5":99469,
  "6":102093
 },
 "event":{
  "0":"planted",
  "1":"defused",
  "2":"planted",
  "3":"exploded",
  "4":"planted",
  "5":"planted",
  "6":"exploded"
 },
 "site":{
  "0":"BombsiteA",
  "1":"BombsiteA",
  "2":"BombsiteB",
  "3":"BombsiteB",
  "4":"BombsiteA",
  "5":"BombsiteB",
  "6":"BombsiteB"
 },
 "X":{
  "0":-1570.888671875,
  "1":-1579.5544433594,
  "2":869.0313720703,
  "3":869.0313720703,
  "4":-1243.947265625,
  "5":800.755859375,
  "6":800.755859375
 },
 "Y":{
  "0":940.609375,
  "1":899.5161743164,
  "2":76.4763565063,
  "3":76.4763565063,
  "4":729.9685668945,
  "5":4.9710845947,
  "6":4.9710845947
 },
 "Z":{
  "0":56.03125,
  "1":56.03125,
  "2":130.9011077881,
  "3":130.9011077881,
  "4":56.03125,
  "5":130.9011230469,
  "6":130.9011230469
 },
 "round":{
  "0":4,
  "1":4,
  "2":6,
  "3":6,
  "4":13,
  "5":14,
  "6":14
 }
}