{
 "tick":{
  "0":5504,
  "1":18431,
  "2":21055,
  "3":27849,
  "4":44345,
  "5":46969,
  "6":52822,
  "7":55446,
  "8":59655,
  "9":62279,
  "10":67970
 },
 "event":{
  "0":"planted",
  "1":"planted",
  "2":"exploded",
  "3":"planted",
  "4":"planted",
  "5":"exploded",
  "6":"planted",
  "7":"exploded",
  "8":"planted",
  "9":"exploded",
  "10":"planted"
 },
 "site":{
  "0":"BombsiteB",
  "1":"BombsiteB",
  "2":"BombsiteB",
  "3":"BombsiteB",
  "4":"BombsiteB",
  "5":"BombsiteB",
  "6":"BombsiteA",
  "7":"BombsiteA",
  "8":"BombsiteB",
  "9":"BombsiteB",
  "10":"BombsiteB"
 },
 "X":{
  "0":-1136.0313720703,
  "1":-1136.0313720703,
  "2":-1136.0313720703,
  "3":-1054.5611572266,
  "4":-1136.03125,
  "5":-1136.03125,
  "6":1279.4526367188,
  "7":1279.4526367188,
  "8":-1136.03125,
  "9":-1136.03125,
  "10":-1188.6579589844
 },
 "Y":{
  "0":699.96875,
  "1":699.96875,
  "2":699.96875,
  "3":599.967956543,
  "4":699.96875,
  "5":699.96875,
  "6":1922.1870117188,
  "7":1922.1870117188,
  "8":699.96875,
  "9":699.96875,
  "10":852.6874389648
 },
 "Z":{
  "0":-1.96875,
  "1":-1.96875,
  "2":-1.96875,
  "3":-1.96875,
  "4":-1.96875,
  "5":-1.96875,
  "6":-179.0946655273,
  "7":-179.0946655273,
  "8":-1.96875,
  "9":-1.96875,
  "10":0.03125
 },
 "round":{
  "0":1,
  "1":3,
  "2":3,
  "3":4,
  "4":7,
  "5":7,
  "6":8,
  "7":8,
  "8":9,
  "9":9,
  "10":10
 }
}