{
 "tick":{
  "0":5260,
  "1":20036,
  "2":28208,
  "3":30832,
  "4":39226,
  "5":41850,
  "6":50420,
  "7":79530,
  "8":82154,
  "9":90988,
  "10":93612,
  "11":100328,
  "12":102700,
  "13":111542,
  "14":112775
 },
 "event":{
  "0":"planted",
  "1":"planted",
  "2":"planted",
  "3":"exploded",
  "4":"planted",
  "5":"exploded",
  "6":"planted",
  "7":"planted",
  "8":"exploded",
  "9":"planted",
  "10":"exploded",
  "11":"planted",
  "12":"defused",
  "13":"planted",
  "14":"defused"
 },
 "site":{
  "0":"BombsiteA",
  "1":"BombsiteB",
  "2":"BombsiteA",
  "3":"BombsiteA",
  "4":"BombsiteA",
  "5":"BombsiteA",
  "6":"BombsiteB",
  "7":"BombsiteA",
  "8":"BombsiteA",
  "9":"BombsiteA",
  "10":"BombsiteA",
  "11":"BombsiteB",
  "12":"BombsiteB",
  "13":"BombsiteB",
  "14":"BombsiteB"
 },
 "X":{
  "0":-2124.0161132812,
  "1":-952.2875366211,
  "2":-2388.5852050781,
  "3":-2388.5852050781,
  "4":-2518.9685058594,
  "5":-2518.9685058594,
  "6":-1166.2425537109,
  "7":-2554.6164550781,
  "8":-2554.6164550781,
  "9":-2579.8395996094,
  "10":-2579.8395996094,
  "11":-1166.2885742188,
  "12":-1158.2884521484,
  "13":-1166.3200683594,
  "14":-1152.8876953125
 },
 "Y":{
  "0":582.9233398438,
  "1":162.9686431885,
  "2":511.5089111328,
  "3":511.5089111328,
  "4":657.7209472656,
  "5":657.7209472656,
  "6":-83.3027954102,
  "7":628.305847168,
  "8":628.305847168,
  "9":635.3287353516,
  "10":635.3287353516,
  "11":-61.3842163086,
  "12":-68.6719970703,
  "13":-35.9727172852,
  "14":24.2558441162
 },
 "Z":{
  "0":522.2482910156,
  "1":100.0312423706,
  "2":484.03125,
  "3":484.03125,
  "4":484.0312805176,
  "5":484.0312805176,
  "6":103.6205291748,
  "7":484.03125,
  "8":484.03125,
  "9":484.03125,
  "10":484.03125,
  "11":103.8924789429,
  "12":103.53125,
  "13":104.0785751343,
  "14":103.53125
 },
 "round":{
  "0":1,
  "1":3,
  "2":4,
  "3":4,
  "4":5,
  "5":5,
  "6":6,
  "7":9,
  "8":9,
  "9":10,
  "10":10,
  "11":11,
  "12":11,
  "13":12,
  "14":12
 }
}