{
 "tick":{
  "0":6540,
  "1":13490,
  "2":16114,
  "3":30920,
  "4":32743,
  "5":38709,
  "6":41333,
  "7":51990,
  "8":52959,
  "9":77424,
  "10":80048,
  "11":95837,
  "12":158109,
  "13":163888,
  "14":176979,
  "15":183421,
  "16":186045,
  "17":194422,
  "18":219301
 },
 "event":{
  "0":"planted",
  "1":"planted",
  "2":"exploded",
  "3":"planted",
  "4":"defused",
  "5":"planted",
  "6":"exploded",
  "7":"planted",
  "8":"defused",
  "9":"planted",
  "10":"exploded",
  "11":"planted",
  "12":"planted",
  "13":"planted",
  "14":"planted",
  "15":"planted",
  "16":"exploded",
  "17":"planted",
  "18":"planted"
 },
 "site":{
  "0":"BombsiteA",
  "1":"BombsiteA",
  "2":"BombsiteA",
  "3":"BombsiteA",
  "4":"BombsiteA",
  "5":"BombsiteB",
  "6":"BombsiteB",
  "7":"BombsiteA",
  "8":"BombsiteA",
  "9":"BombsiteB",
  "10":"BombsiteB",
  "11":"BombsiteB",
  "12":"BombsiteB",
  "13":"BombsiteB",
  "14":"BombsiteA",
  "15":"BombsiteB",
  "16":"BombsiteB",
  "17":"BombsiteA",
  "18":"BombsiteA"
 },
 "X":{
  "0":-371.1577148438,
  "1":-356.456237793,
  "2":-356.456237793,
  "3":-184.8057861328,
  "4":-209.8950195312,
  "5":-2264.9599609375,
  "6":-2264.9599609375,
  "7":-294.1689453125,
  "8":-354.9049682617,
  "9":-2218.7641601562,
  "10":-2218.7641601562,
  "11":-2216.03125,
  "12":-2272.7509765625,
  "13":-2359.4738769531,
  "14":-241.5417480469,
  "15":-2216.03125,
  "16":-2216.03125,
  "17":-302.3125,
  "18":-367.4487915039
 },
 "Y":{
  "0":-688.2020263672,
  "1":-684.9084472656,
  "2":-684.9084472656,
  "3":-719.7387695312,
  "4":-664.6569213867,
  "5":653.3287963867,
  "6":653.3287963867,
  "7":-717.5252685547,
  "8":-721.639465332,
  "9":903.7731933594,
  "10":903.7731933594,
  "11":869.5751342773,
  "12":879.9056396484,
  "13":732.1413574219,
  "14":-707.6423339844,
  "15":868.9811401367,
  "16":868.9811401367,
  "17":-713.0324707031,
  "18":-687.3541259766
 },
 "Z":{
  "0":11774.806640625,
  "1":11774.3955078125,
  "2":11774.3955078125,
  "3":11776.03125,
  "4":11774.03125,
  "5":11744.03125,
  "6":11744.03125,
  "7":11776.03125,
  "8":11776.03125,
  "9":11744.03125,
  "10":11744.03125,
  "11":11744.03125,
  "12":11744.03125,
  "13":11744.03125,
  "14":11776.03125,
  "15":11744.03125,
  "16":11744.03125,
  "17":11776.03125,
  "18":11774.701171875
 },
 "round":{
  "0":1,
  "1":2,
  "2":2,
  "3":4,
  "4":4,
  "5":5,
  "6":5,
  "7":6,
  "8":6,
  "9":9,
  "10":9,
  "11":11,
  "12":13,
  "13":14,
  "14":16,
  "15":17,
  "16":17,
  "17":18,
  "18":22
 }
}