{
 "tick":{
  "0":2463,
  "1":4399,
  "2":13328,
  "3":14729,
  "4":28856,
  "5":31480,
  "6":96380,
  "7":120575,
  "8":123199,
  "9":140714,
  "10":142252,
  "11":149694,
  "12":151760,
  "13":155978,
  "14":158602,
  "15":165710
 },
 "event":{
  "0":"planted",
  "1":"defused",
  "2":"planted",
  "3":"defused",
  "4":"planted",
  "5":"exploded",
  "6":"planted",
  "7":"planted",
  "8":"exploded",
  "9":"planted",
  "10":"defused",
  "11":"planted",
  "12":"defused",
  "13":"planted",
  "14":"exploded",
  "15":"planted"
 },
 "site":{
  "0":"BombsiteB",
  "1":"BombsiteB",
  "2":"BombsiteB",
  "3":"BombsiteB",
  "4":"BombsiteB",
  "5":"BombsiteB",
  "6":"BombsiteB",
  "7":"BombsiteA",
  "8":"BombsiteA",
  "9":"BombsiteB",
  "10":"BombsiteB",
  "11":"BombsiteA",
  "12":"BombsiteA",
  "13":"BombsiteA",
  "14":"BombsiteA",
  "15":"BombsiteB"
 },
 "X":{
  "0":800.3265991211,
  "1":819.0573120117,
  "2":866.3461303711,
  "3":823.1651000977,
  "4":790.3970336914,
  "5":790.3970336914,
  "6":790.0855712891,
  "7":-1213.2791748047,
  "8":-1213.2791748047,
  "9":790.7391357422,
  "10":844.3634643555,
  "11":-1259.6970214844,
  "12":-1229.1014404297,
  "13":-1241.4278564453,
  "14":-1241.4278564453,
  "15":794.7725219727
 },
 "Y":{
  "0":4.9705657959,
  "1":-53.9168701172,
  "2":-71.3111572266,
  "3":-114.2318115234,
  "4":4.9700450897,
  "5":4.9700450897,
  "6":4.9687104225,
  "7":893.0313720703,
  "8":893.0313720703,
  "9":4.9683837891,
  "10":-19.6343994141,
  "11":729.9686279297,
  "12":682.6931762695,
  "13":722.3404541016,
  "14":722.3404541016,
  "15":4.9682712555
 },
 "Z":{
  "0":130.9011230469,
  "1":130.9011077881,
  "2":133.690536499,
  "3":134.03125,
  "4":130.9011230469,
  "5":130.9011230469,
  "6":130.9011230469,
  "7":62.03125,
  "8":62.03125,
  "9":130.9011230469,
  "10":130.03125,
  "11":56.03125,
  "12":55.4312858582,
  "13":56.03125,
  "14":56.03125,
  "15":130.9011230469
 },
 "round":{
  "0":1,
  "1":1,
  "2":2,
  "3":2,
  "4":4,
  "5":4,
  "6":12,
  "7":15,
  "8":15,
  "9":17,
  "10":17,
  "11":18,
  "12":18,
  "13":19,
  "14":19,
  "15":20
 }
}