{
 "tick":{
  "0":5087,
  "1":7711,
  "2":13560,
  "3":16184,
  "4":21824,
  "5":24448,
  "6":32602,
  "7":43467,
  "8":50759,
  "9":59812,
  "10":72728,
  "11":74643,
  "12":82198,
  "13":92840,
  "14":95464,
  "15":103031,
  "16":110318,
  "17":120994,
  "18":123618
 },
 "event":{
  "0":"planted",
  "1":"exploded",
  "2":"planted",
  "3":"exploded",
  "4":"planted",
  "5":"exploded",
  "6":"planted",
  "7":"planted",
  "8":"planted",
  "9":"planted",
  "10":"planted",
  "11":"defused",
  "12":"planted",
  "13":"planted",
  "14":"exploded",
  "15":"planted",
  "16":"planted",
  "17":"planted",
  "18":"exploded"
 },
 "site":{
  "0":"BombsiteA",
  "1":"BombsiteA",
  "2":"BombsiteB",
  "3":"BombsiteB",
  "4":"BombsiteA",
  "5":"BombsiteA",
  "6":"BombsiteB",
  "7":"BombsiteB",
  "8":"BombsiteA",
  "9":"BombsiteA",
  "10":"BombsiteB",
  "11":"BombsiteB",
  "12":"BombsiteA",
  "13":"BombsiteA",
  "14":"BombsiteA",
  "15":"BombsiteB",
  "16":"BombsiteB",
  "17":"BombsiteB",
  "18":"BombsiteB"
 },
 "X":{
  "0":1966.0317382812,
  "1":1966.0317382812,
  "2":538.0155029297,
  "3":538.0155029297,
  "4":1949.03125,
  "5":1949.03125,
  "6":545.8350219727,
  "7":536.3573608398,
  "8":2081.8400878906,
  "9":1966.0313720703,
  "10":500.1285095215,
  "11":528.1479492188,
  "12":2103.9802246094,
  "13":1966.03125,
  "14":1966.03125,
  "15":546.7545776367,
  "16":564.9426879883,
  "17":561.3572387695,
  "18":561.3572387695
 },
 "Y":{
  "0":721.6077270508,
  "1":721.6077270508,
  "2":2939.875,
  "3":2939.875,
  "4":696.96875,
  "5":696.96875,
  "6":2937.4650878906,
  "7":2950.8642578125,
  "8":183.6089019775,
  "9":721.96875,
  "10":2878.8037109375,
  "11":2825.4030761719,
  "12":180.3878936768,
  "13":721.9686889648,
  "14":721.9686889648,
  "15":2948.0380859375,
  "16":2866.916015625,
  "17":2829.33984375,
  "18":2829.33984375
 },
 "Z":{
  "0":160.03125,
  "1":160.03125,
  "2":161.5312347412,
  "3":161.5312347412,
  "4":160.03125,
  "5":160.03125,
  "6":161.5312347412,
  "7":161.5312347412,
  "8":160.03125,
  "9":160.03125,
  "10":161.5312347412,
  "11":161.5312347412,
  "12":160.03125,
  "13":160.03125,
  "14":160.03125,
  "15":161.5312347412,
  "16":161.5312347412,
  "17":161.5312347412,
  "18":161.5312347412
 },
 "round":{
  "0":1,
  "1":1,
  "2":2,
  "3":2,
  "4":3,
  "5":3,
  "6":4,
  "7":6,
  "8":7,
  "9":8,
  "10":9,
  "11":9,
  "12":10,
  "13":11,
  "14":11,
  "15":12,
  "16":13,
  "17":14,
  "18":14
 }
}