{
 "tick":{
  "0":8646,
  "1":11270,
  "2":17005,
  "3":19629,
  "4":42486,
  "5":59315,
  "6":61939,
  "7":86185,
  "8":87767,
  "9":96664,
  "10":103643,
  "11":139777,
  "12":142401,
  "13":150427,
  "14":155996,
  "15":158620
 },
 "event":{
  "0":"planted",
  "1":"exploded",
  "2":"planted",
  "3":"exploded",
  "4":"planted",
  "5":"planted",
  "6":"exploded",
  "7":"planted",
  "8":"defused",
  "9":"planted",
  "10":"planted",
  "11":"planted",
  "12":"exploded",
  "13":"planted",
  "14":"planted",
  "15":"exploded"
 },
 "site":{
  "0":"BombsiteB",
  "1":"BombsiteB",
  "2":"BombsiteB",
  "3":"BombsiteB",
  "4":"BombsiteB",
  "5":"BombsiteB",
  "6":"BombsiteB",
  "7":"BombsiteB",
  "8":"BombsiteB",
  "9":"BombsiteA",
  "10":"BombsiteA",
  "11":"BombsiteA",
  "12":"BombsiteA",
  "13":"BombsiteB",
  "14":"BombsiteA",
  "15":"BombsiteA"
 },
 "X":{
  "0":-2216.03125,
  "1":-2216.03125,
  "2":-2216.02734375,
  "3":-2216.02734375,
  "4":-2220.7294921875,
  "5":-2216.0297851562,
  "6":-2216.0297851562,
  "7":-2344.8413085938,
  "8":-2300.8752441406,
  "9":-369.881652832,
  "10":-347.3745117188,
  "11":-376.8734741211,
  "12":-376.8734741211,
  "13":-2258.7941894531,
  "14":-347.03125,
  "15":-347.03125
 },
 "Y":{
  "0":875.2061157227,
  "1":875.2061157227,
  "2":868.5274047852,
  "3":868.5274047852,
  "4":880.7413330078,
  "5":871.2473144531,
  "6":871.2473144531,
  "7":870.1585083008,
  "8":827.76953125,
  "9":-687.8942871094,
  "10":-682.8931274414,
  "11":-719.2720947266,
  "12":-719.2720947266,
  "13":662.530090332,
  "14":-682.8167724609,
  "15":-682.8167724609
 },
 "Z":{
  "0":11744.03125,
  "1":11744.03125,
  "2":11744.03125,
  "3":11744.03125,
  "4":11744.03125,
  "5":11744.03125,
  "6":11744.03125,
  "7":11744.03125,
  "8":11744.03125,
  "9":11774.7685546875,
  "10":11774.1435546875,
  "11":11776.03125,
  "12":11776.03125,
  "13":11744.03125,
  "14":11774.1337890625,
  "15":11774.1337890625
 },
 "round":{
  "0":2,
  "1":2,
  "2":3,
  "3":3,
  "4":5,
  "5":7,
  "6":7,
  "7":11,
  "8":11,
  "9":13,
  "10":14,
  "11":20,
  "12":20,
  "13":21,
  "14":22,
  "15":22
 }
}