{
 "tick":{
  "0":17936,
  "1":20560,
  "2":24462,
  "3":27086,
  "4":34502,
  "5":60739,
  "6":63363,
  "7":70003,
  "8":74462,
  "9":81866,
  "10":96788,
  "11":99412,
  "12":107694,
  "13":110318,
  "14":133460,
  "15":134988,
  "16":151262,
  "17":153886
 },
 "event":{
  "0":"planted",
  "1":"exploded",
  "2":"planted",
  "3":"exploded",
  "4":"planted",
  "5":"planted",
  "6":"exploded",
  "7":"planted",
  "8":"planted",
  "9":"planted",
  "10":"planted",
  "11":"exploded",
  "12":"planted",
  "13":"exploded",
  "14":"planted",
  "15":"defused",
  "16":"planted",
  "17":"exploded"
 },
 "site":{
  "0":"BombsiteA",
  "1":"BombsiteA",
  "2":"BombsiteA",
  "3":"BombsiteA",
  "4":"BombsiteB",
  "5":"BombsiteA",
  "6":"BombsiteA",
  "7":"BombsiteB",
  "8":"BombsiteA",
  "9":"BombsiteA",
  "10":"BombsiteB",
  "11":"BombsiteB",
  "12":"BombsiteA",
  "13":"BombsiteA",
  "14":"BombsiteB",
  "15":"BombsiteB",
  "16":"BombsiteB",
  "17":"BombsiteB"
 },
 "X":{
  "0":-578.8605957031,
  "1":-578.8605957031,
  "2":-253.96875,
  "3":-253.96875,
  "4":-1924.720703125,
  "5":-315.5594482422,
  "6":-315.5594482422,
  "7":-1901.5872802734,
  "8":-298.7834472656,
  "9":-608.0256958008,
  "10":-1969.0313720703,
  "11":-1969.0313720703,
  "12":-385.4630126953,
  "13":-385.4630126953,
  "14":-1969.0313720703,
  "15":-2016.1451416016,
  "16":-1987.0321044922,
  "17":-1987.0321044922
 },
 "Y":{
  "0":-1979.9449462891,
  "1":-1979.9449462891,
  "2":-2134.0754394531,
  "3":-2134.0754394531,
  "4":242.1154937744,
  "5":-2025.5311279297,
  "6":-2025.5311279297,
  "7":242.0314025879,
  "8":-2012.7392578125,
  "9":-2158.5107421875,
  "10":450.03125,
  "11":450.03125,
  "12":-2131.3198242188,
  "13":-2131.3198242188,
  "14":450.03125,
  "15":409.9497070312,
  "16":392.4878540039,
  "17":392.4878540039
 },
 "Z":{
  "0":-179.96875,
  "1":-179.96875,
  "2":-172.9469604492,
  "3":-172.9469604492,
  "4":-159.96875,
  "5":-173.5974731445,
  "6":-173.5974731445,
  "7":-159.96875,
  "8":-171.5377807617,
  "9":-179.96875,
  "10":-159.96875,
  "11":-159.96875,
  "12":-179.96875,
  "13":-179.96875,
  "14":-159.96875,
  "15":-159.96875,
  "16":-159.96875,
  "17":-159.96875
 },
 "round":{
  "0":3,
  "1":3,
  "2":4,
  "3":4,
  "4":5,
  "5":8,
  "6":8,
  "7":9,
  "8":10,
  "9":11,
  "10":13,
  "11":13,
  "12":14,
  "13":14,
  "14":18,
  "15":18,
  "16":20,
  "17":20
 }
}