{
 "tick":{
  "0":26077,
  "1":28701,
  "2":43858,
  "3":52386,
  "4":77496,
  "5":80120,
  "6":93187,
  "7":122435,
  "8":125059,
  "9":133042,
  "10":135666,
  "11":157534,
  "12":160158
 },
 "event":{
  "0":"planted",
  "1":"exploded",
  "2":"planted",
  "3":"planted",
  "4":"planted",
  "5":"exploded",
  "6":"planted",
  "7":"planted",
  "8":"exploded",
  "9":"planted",
  "10":"exploded",
  "11":"planted",
  "12":"exploded"
 },
 "site":{
  "0":"BombsiteB",
  "1":"BombsiteB",
  "2":"BombsiteA",
  "3":"BombsiteB",
  "4":"BombsiteB",
  "5":"BombsiteB",
  "6":"BombsiteA",
  "7":"BombsiteA",
  "8":"BombsiteA",
  "9":"BombsiteA",
  "10":"BombsiteA",
  "11":"BombsiteB",
  "12":"BombsiteB"
 },
 "X":{
  "0":340.03125,
  "1":340.03125,
  "2":775.6349487305,
  "3":648.5416259766,
  "4":722.8852539062,
  "5":722.8852539062,
  "6":509.1972351074,
  "7":866.1236572266,
  "8":866.1236572266,
  "9":496.0321655273,
  "10":496.0321655273,
  "11":342.2023620605,
  "12":342.2023620605
 },
 "Y":{
  "0":-694.8690795898,
  "1":-694.8690795898,
  "2":-603.2821655273,
  "3":-1308.8260498047,
  "4":-1143.0340576172,
  "5":-1143.0340576172,
  "6":-920.1885375977,
  "7":-794.6278076172,
  "8":-794.6278076172,
  "9":-942.4028930664,
  "10":-942.4028930664,
  "11":-710.1600341797,
  "12":-710.1600341797
 },
 "Z":{
  "0":-765.96875,
  "1":-765.96875,
  "2":-399.9683227539,
  "3":-765.96875,
  "4":-768.96875,
  "5":-768.96875,
  "6":-407.2552490234,
  "7":-399.9685058594,
  "8":-399.9685058594,
  "9":-413.2764892578,
  "10":-413.2764892578,
  "11":-765.96875,
  "12":-765.96875
 },
 "round":{
  "0":4,
  "1":4,
  "2":5,
  "3":6,
  "4":10,
  "5":10,
  "6":12,
  "7":16,
  "8":16,
  "9":17,
  "10":17,
  "11":20,
  "12":20
 }
}