{
 "tick":{
  "0":15509,
  "1":24772,
  "2":31330,
  "3":33954,
  "4":39597,
  "5":42221,
  "6":62776,
  "7":64818,
  "8":72261,
  "9":74885,
  "10":82228,
  "11":93454,
  "12":104020,
  "13":106644,
  "14":120717,
  "15":131080,
  "16":138944
 },
 "event":{
  "0":"planted",
  "1":"planted",
  "2":"planted",
  "3":"exploded",
  "4":"planted",
  "5":"exploded",
  "6":"planted",
  "7":"defused",
  "8":"planted",
  "9":"exploded",
  "10":"planted",
  "11":"planted",
  "12":"planted",
  "13":"exploded",
  "14":"planted",
  "15":"planted",
  "16":"planted"
 },
 "site":{
  "0":"BombsiteA",
  "1":"BombsiteA",
  "2":"BombsiteB",
  "3":"BombsiteB",
  "4":"BombsiteB",
  "5":"BombsiteB",
  "6":"BombsiteB",
  "7":"BombsiteB",
  "8":"BombsiteA",
  "9":"BombsiteA",
  "10":"BombsiteB",
  "11":"BombsiteB",
  "12":"BombsiteB",
  "13":"BombsiteB",
  "14":"BombsiteA",
  "15":"BombsiteB",
  "16":"BombsiteB"
 },
 "X":{
  "0":1235.6428222656,
  "1":1219.1016845703,
  "2":-1041.0476074219,
  "3":-1041.0476074219,
  "4":-1136.03125,
  "5":-1136.03125,
  "6":-1016.0223388672,
  "7":-989.7318115234,
  "8":1277.9182128906,
  "9":1277.9182128906,
  "10":-959.9669799805,
  "11":-1219.2421875,
  "12":-1136.0306396484,
  "13":-1136.0306396484,
  "14":1274.9248046875,
  "15":-1039.1148681641,
  "16":-1020.5298461914
 },
 "Y":{
  "0":1814.677734375,
  "1":1783.3625488281,
  "2":599.9702148438,
  "3":599.9702148438,
  "4":699.96875,
  "5":699.96875,
  "6":594.7526245117,
  "7":596.087097168,
  "8":1858.1864013672,
  "9":1858.1864013672,
  "10":609.6657104492,
  "11":533.6084594727,
  "12":699.96875,
  "13":699.96875,
  "14":1851.2663574219,
  "15":599.9683837891,
  "16":599.4176635742
 },
 "Z":{
  "0":-190.2190551758,
  "1":-191.96875,
  "2":-1.96875,
  "3":-1.96875,
  "4":-1.96875,
  "5":-1.96875,
  "6":-1.96875,
  "7":-1.96875,
  "8":-183.4670410156,
  "9":-183.4670410156,
  "10":-1.96875,
  "11":0.03125,
  "12":-1.96875,
  "13":-1.96875,
  "14":-191.96875,
  "15":-1.96875,
  "16":-1.96875
 },
 "round":{
  "0":3,
  "1":4,
  "2":5,
  "3":5,
  "4":6,
  "5":6,
  "6":9,
  "7":9,
  "8":10,
  "9":10,
  "10":11,
  "11":13,
  "12":15,
  "13":15,
  "14":17,
  "15":18,
  "16":19
 }
}