{
 "tick":{
  "0":33035,
  "1":34995,
  "2":62247,
  "3":79614,
  "4":82238,
  "5":99655,
  "6":102279,
  "7":108372,
  "8":116679,
  "9":124222,
  "10":139428,
  "11":142052,
  "12":146859,
  "13":160836
 },
 "event":{
  "0":"planted",
  "1":"defused",
  "2":"planted",
  "3":"planted",
  "4":"exploded",
  "5":"planted",
  "6":"exploded",
  "7":"planted",
  "8":"planted",
  "9":"planted",
  "10":"planted",
  "11":"exploded",
  "12":"planted",
  "13":"planted"
 },
 "site":{
  "0":"BombsiteB",
  "1":"BombsiteB",
  "2":"BombsiteA",
  "3":"BombsiteA",
  "4":"BombsiteA",
  "5":"BombsiteB",
  "6":"BombsiteB",
  "7":"BombsiteA",
  "8":"BombsiteA",
  "9":"BombsiteA",
  "10":"BombsiteB",
  "11":"BombsiteB",
  "12":"BombsiteB",
  "13":"BombsiteA"
 },
 "X":{
  "0":-1166.2897949219,
  "1":-1131.6040039062,
  "2":-2128.5046386719,
  "3":-2554.095703125,
  "4":-2554.095703125,
  "5":-1166.2952880859,
  "6":-1166.2952880859,
  "7":-2509.1237792969,
  "8":-2584.9658203125,
  "9":-2568.3989257812,
  "10":-1166.2788085938,
  "11":-1166.2788085938,
  "12":-1166.2720947266,
  "13":-2557.2614746094
 },
 "Y":{
  "0":-79.8610229492,
  "1":-38.7082519531,
  "2":580.5894165039,
  "3":644.5102539062,
  "4":644.5102539062,
  "5":-79.9823608398,
  "6":-79.9823608398,
  "7":653.6520996094,
  "8":639.6325683594,
  "9":642.2684936523,
  "10":-97.3238525391,
  "11":-97.3238525391,
  "12":-93.8356323242,
  "13":644.0181274414
 },
 "Z":{
  "0":103.8996963501,
  "1":103.53125,
  "2":522.2464599609,
  "3":484.03125,
  "4":484.03125,
  "5":103.932144165,
  "6":103.932144165,
  "7":484.03125,
  "8":484.03125,
  "9":484.0312805176,
  "10":103.834777832,
  "11":103.834777832,
  "12":103.7950897217,
  "13":484.0312805176
 },
 "round":{
  "0":5,
  "1":5,
  "2":8,
  "3":10,
  "4":10,
  "5":12,
  "6":12,
  "7":13,
  "8":14,
  "9":15,
  "10":17,
  "11":17,
  "12":18,
  "13":20
 }
}