{
 "tick":{
  "0":4547,
  "1":12704,
  "2":15328,
  "3":21017,
  "4":28025,
  "5":44159,
  "6":46274,
  "7":53835,
  "8":56459,
  "9":62846,
  "10":65470,
  "11":73159,
  "12":75783,
  "13":85591,
  "14":88215,
  "15":96193,
  "16":107723,
  "17":108633
 },
 "event":{
  "0":"planted",
  "1":"planted",
  "2":"exploded",
  "3":"planted",
  "4":"planted",
  "5":"planted",
  "6":"defused",
  "7":"planted",
  "8":"exploded",
  "9":"planted",
  "10":"exploded",
  "11":"planted",
  "12":"exploded",
  "13":"planted",
  "14":"exploded",
  "15":"planted",
  "16":"planted",
  "17":"defused"
 },
 "site":{
  "0":"BombsiteA",
  "1":"BombsiteA",
  "2":"BombsiteA",
  "3":"BombsiteB",
  "4":"BombsiteA",
  "5":"BombsiteA",
  "6":"BombsiteA",
  "7":"BombsiteB",
  "8":"BombsiteB",
  "9":"BombsiteA",
  "10":"BombsiteA",
  "11":"BombsiteA",
  "12":"BombsiteA",
  "13":"BombsiteB",
  "14":"BombsiteB",
  "15":"BombsiteB",
  "16":"BombsiteA",
  "17":"BombsiteA"
 },
 "X":{
  "0":760.7447509766,
  "1":507.7490539551,
  "2":507.7490539551,
  "3":721.8101196289,
  "4":797.1441040039,
  "5":742.8995361328,
  "6":802.3430786133,
  "7":340.0314331055,
  "8":340.0314331055,
  "9":755.4900512695,
  "10":755.4900512695,
  "11":613.8121337891,
  "12":613.8121337891,
  "13":642.4992675781,
  "14":642.4992675781,
  "15":431.1472473145,
  "16":784.0319213867,
  "17":730.2482910156
 },
 "Y":{
  "0":-605.9710083008,
  "1":-934.31640625,
  "2":-934.31640625,
  "3":-1177.0361328125,
  "4":-608.5825195312,
  "5":-607.7781982422,
  "6":-606.5064086914,
  "7":-703.7987060547,
  "8":-703.7987060547,
  "9":-772.3294067383,
  "10":-772.3294067383,
  "11":-818.0487670898,
  "12":-818.0487670898,
  "13":-1256.0314941406,
  "14":-1256.0314941406,
  "15":-697.990234375,
  "16":-604.7870483398,
  "17":-574.4832763672
 },
 "Z":{
  "0":-399.9682617188,
  "1":-410.6656494141,
  "2":-410.6656494141,
  "3":-768.96875,
  "4":-399.9683227539,
  "5":-399.9682617188,
  "6":-399.9682617188,
  "7":-765.96875,
  "8":-765.96875,
  "9":-399.9682617188,
  "10":-399.9682617188,
  "11":-415.96875,
  "12":-415.96875,
  "13":-768.84375,
  "14":-768.84375,
  "15":-765.96875,
  "16":-399.9683837891,
  "17":-399.9682617188
 },
 "round":{
  "0":1,
  "1":2,
  "2":2,
  "3":3,
  "4":4,
  "5":6,
  "6":6,
  "7":7,
  "8":7,
  "9":8,
  "10":8,
  "11":9,
  "12":9,
  "13":10,
  "14":10,
  "15":11,
  "16":12,
  "17":12
 }
}