{
 "tick":{
  "0":89176,
  "1":91800,
  "2":103438,
  "3":112049,
  "4":114673,
  "5":129414,
  "6":132038,
  "7":139841,
  "8":157878,
  "9":160502,
  "10":183108,
  "11":189542,
  "12":192166,
  "13":205551,
  "14":206478,
  "15":213442,
  "16":215729,
  "17":221865,
  "18":223847
 },
 "event":{
  "0":"planted",
  "1":"exploded",
  "2":"planted",
  "3":"planted",
  "4":"exploded",
  "5":"planted",
  "6":"exploded",
  "7":"planted",
  "8":"planted",
  "9":"exploded",
  "10":"planted",
  "11":"planted",
  "12":"exploded",
  "13":"planted",
  "14":"defused",
  "15":"planted",
  "16":"defused",
  "17":"planted",
  "18":"defused"
 },
 "site":{
  "0":"BombsiteA",
  "1":"BombsiteA",
  "2":"BombsiteA",
  "3":"BombsiteA",
  "4":"BombsiteA",
  "5":"BombsiteA",
  "6":"BombsiteA",
  "7":"BombsiteB",
  "8":"BombsiteA",
  "9":"BombsiteA",
  "10":"BombsiteA",
  "11":"BombsiteB",
  "12":"BombsiteB",
  "13":"BombsiteA",
  "14":"BombsiteA",
  "15":"BombsiteA",
  "16":"BombsiteA",
  "17":"BombsiteA",
  "18":"BombsiteA"
 },
 "X":{
  "0":-365.9116210938,
  "1":-365.9116210938,
  "2":-345.8958129883,
  "3":-306.9391479492,
  "4":-306.9391479492,
  "5":-284.2431640625,
  "6":-284.2431640625,
  "7":-2330.3991699219,
  "8":-292.5227050781,
  "9":-292.5227050781,
  "10":-349.0844726562,
  "11":-2216.03125,
  "12":-2216.03125,
  "13":-318.1138916016,
  "14":-269.5148925781,
  "15":-308.5903930664,
  "16":-248.60546875,
  "17":-299.5131225586,
  "18":-353.9251708984
 },
 "Y":{
  "0":-687.0091552734,
  "1":-687.0091552734,
  "2":-510.9686279297,
  "3":-713.0316162109,
  "4":-713.0316162109,
  "5":-713.0313720703,
  "6":-713.0313720703,
  "7":785.7593994141,
  "8":-713.0314941406,
  "9":-713.0314941406,
  "10":-683.2730712891,
  "11":866.4382324219,
  "12":866.4382324219,
  "13":-723.4546508789,
  "14":-739.7538452148,
  "15":-713.0313110352,
  "16":-718.0409545898,
  "17":-714.4321899414,
  "18":-686.3518676758
 },
 "Z":{
  "0":11774.6572265625,
  "1":11774.6572265625,
  "2":11776.03125,
  "3":11776.03125,
  "4":11776.03125,
  "5":11776.03125,
  "6":11776.03125,
  "7":11744.03125,
  "8":11776.03125,
  "9":11776.03125,
  "10":11774.1904296875,
  "11":11744.03125,
  "12":11744.03125,
  "13":11776.03125,
  "14":11776.03125,
  "15":11776.03125,
  "16":11776.03125,
  "17":11776.03125,
  "18":11774.5751953125
 },
 "round":{
  "0":2,
  "1":2,
  "2":4,
  "3":5,
  "4":5,
  "5":7,
  "6":7,
  "7":8,
  "8":10,
  "9":10,
  "10":14,
  "11":15,
  "12":15,
  "13":17,
  "14":17,
  "15":18,
  "16":18,
  "17":19,
  "18":19
 }
}