{
 "tick":{
  "0":50799,
  "1":52345,
  "2":58559,
  "3":60910,
  "4":113639,
  "5":115405,
  "6":134697,
  "7":150839,
  "8":164146,
  "9":173810
 },
 "event":{
  "0":"planted",
  "1":"defused",
  "2":"planted",
  "3":"defused",
  "4":"planted",
  "5":"defused",
  "6":"planted",
  "7":"planted",
  "8":"planted",
  "9":"planted"
 },
 "site":{
  "0":"BombsiteA",
  "1":"BombsiteA",
  "2":"BombsiteA",
  "3":"BombsiteA",
  "4":"BombsiteA",
  "5":"BombsiteA",
  "6":"BombsiteA",
  "7":"BombsiteA",
  "8":"BombsiteA",
  "9":"BombsiteB"
 },
 "X":{
  "0":1879.2937011719,
  "1":1937.2056884766,
  "2":1966.0313720703,
  "3":1994.2321777344,
  "4":2013.9686279297,
  "5":2006.7299804688,
  "6":2084.9631347656,
  "7":1966.03125,
  "8":1966.03125,
  "9":572.0594482422
 },
 "Y":{
  "0":299.5954589844,
  "1":310.158203125,
  "2":718.1359863281,
  "3":665.7515258789,
  "4":721.96875,
  "5":661.704284668,
  "6":183.1544494629,
  "7":721.9686889648,
  "8":721.96875,
  "9":2883.9709472656
 },
 "Z":{
  "0":161.0312042236,
  "1":161.03125,
  "2":160.03125,
  "3":160.03125,
  "4":160.03125,
  "5":160.03125,
  "6":160.03125,
  "7":160.03125,
  "8":160.03125,
  "9":168.0312347412
 },
 "round":{
  "0":3,
  "1":3,
  "2":4,
  "3":4,
  "4":11,
  "5":11,
  "6":13,
  "7":14,
  "8":16,
  "9":17
 }
}