{
 "tick":{
  "0":3702,
  "1":40625,
  "2":42792,
  "3":49718,
  "4":52342,
  "5":62225,
  "6":64450,
  "7":76302,
  "8":78858,
  "9":127364,
  "10":171223,
  "11":173847,
  "12":178460
 },
 "event":{
  "0":"planted",
  "1":"planted",
  "2":"defused",
  "3":"planted",
  "4":"exploded",
  "5":"planted",
  "6":"defused",
  "7":"planted",
  "8":"defused",
  "9":"planted",
  "10":"planted",
  "11":"exploded",
  "12":"planted"
 },
 "site":{
  "0":"BombsiteB",
  "1":"BombsiteB",
  "2":"BombsiteB",
  "3":"BombsiteB",
  "4":"BombsiteB",
  "5":"BombsiteB",
  "6":"BombsiteB",
  "7":"BombsiteB",
  "8":"BombsiteB",
  "9":"BombsiteB",
  "10":"BombsiteA",
  "11":"BombsiteA",
  "12":"BombsiteB"
 },
 "X":{
  "0":789.7018432617,
  "1":795.9686889648,
  "2":842.3512573242,
  "3":1077.5284423828,
  "4":1077.5284423828,
  "5":797.7656860352,
  "6":744.7310791016,
  "7":869.0314331055,
  "8":920.7823486328,
  "9":794.3504638672,
  "10":-1461.4323730469,
  "11":-1461.4323730469,
  "12":792.4560546875
 },
 "Y":{
  "0":4.5299239159,
  "1":4.9685058594,
  "2":-30.5119018555,
  "3":42.5992050171,
  "4":42.5992050171,
  "5":4.9685053825,
  "6":-24.9276733398,
  "7":51.2985801697,
  "8":84.5448150635,
  "9":4.9677700996,
  "10":844.8978271484,
  "11":844.8978271484,
  "12":4.9716629982
 },
 "Z":{
  "0":130.9011230469,
  "1":130.9011230469,
  "2":130.03125,
  "3":130.9011077881,
  "4":130.9011077881,
  "5":130.9011230469,
  "6":130.03125,
  "7":130.9011077881,
  "8":130.03125,
  "9":130.9011230469,
  "10":54.0312538147,
  "11":54.0312538147,
  "12":130.9011230469
 },
 "round":{
  "0":1,
  "1":7,
  "2":7,
  "3":8,
  "4":8,
  "5":10,
  "6":10,
  "7":12,
  "8":12,
  "9":18,
  "10":23,
  "11":23,
  "12":24
 }
}