{
 "tick":{
  "0":26744,
  "1":64137,
  "2":96694,
  "3":103700,
  "4":106324,
  "5":112283,
  "6":114907,
  "7":119516,
  "8":135267,
  "9":137891,
  "10":188675
 },
 "event":{
  "0":"planted",
  "1":"planted",
  "2":"planted",
  "3":"planted",
  "4":"exploded",
  "5":"planted",
  "6":"exploded",
  "7":"planted",
  "8":"planted",
  "9":"exploded",
  "10":"planted"
 },
 "site":{
  "0":"BombsiteB",
  "1":"BombsiteB",
  "2":"BombsiteA",
  "3":"BombsiteB",
  "4":"BombsiteB",
  "5":"BombsiteA",
  "6":"BombsiteA",
  "7":"BombsiteB",
  "8":"BombsiteA",
  "9":"BombsiteA",
  "10":"BombsiteA"
 },
 "X":{
  "0":-974.4039306641,
  "1":-1166.248046875,
  "2":-2509.0234375,
  "3":-1165.2541503906,
  "4":-1165.2541503906,
  "5":-2562.2817382812,
  "6":-2562.2817382812,
  "7":-1166.3676757812,
  "8":-2549.3737792969,
  "9":-2549.3737792969,
  "10":-2562.4868164062
 },
 "Y":{
  "0":-88.7849121094,
  "1":-80.8895263672,
  "2":653.6105957031,
  "3":-74.9152832031,
  "4":-74.9152832031,
  "5":643.2396240234,
  "6":643.2396240234,
  "7":-87.2092285156,
  "8":645.2440185547,
  "9":645.2440185547,
  "10":643.2056274414
 },
 "Z":{
  "0":100.0312576294,
  "1":103.6530075073,
  "2":484.03125,
  "3":103.53125,
  "4":103.53125,
  "5":484.03125,
  "6":484.03125,
  "7":104.3598861694,
  "8":484.03125,
  "9":484.03125,
  "10":484.03125
 },
 "round":{
  "0":4,
  "1":8,
  "2":12,
  "3":13,
  "4":13,
  "5":14,
  "6":14,
  "7":15,
  "8":17,
  "9":17,
  "10":23
 }
}