{
 "tick":{
  "0":2244,
  "1":3731,
  "2":25386,
  "3":42635,
  "4":45259,
  "5":52628,
  "6":61432,
  "7":64056,
  "8":70303,
  "9":101954,
  "10":104235,
  "11":109134,
  "12":110771,
  "13":132342,
  "14":134966,
  "15":141455,
  "16":175916,
  "17":177517
 },
 "event":{
  "0":"planted",
  "1":"defused",
  "2":"planted",
  "3":"planted",
  "4":"exploded",
  "5":"planted",
  "6":"planted",
  "7":"exploded",
  "8":"planted",
  "9":"planted",
  "10":"defused",
  "11":"planted",
  "12":"defused",
  "13":"planted",
  "14":"exploded",
  "15":"planted",
  "16":"planted",
  "17":"defused"
 },
 "site":{
  "0":"BombsiteA",
  "1":"BombsiteA",
  "2":"BombsiteA",
  "3":"BombsiteB",
  "4":"BombsiteB",
  "5":"BombsiteA",
  "6":"BombsiteA",
  "7":"BombsiteA",
  "8":"BombsiteB",
  "9":"BombsiteB",
  "10":"BombsiteB",
  "11":"BombsiteA",
  "12":"BombsiteA",
  "13":"BombsiteB",
  "14":"BombsiteB",
  "15":"BombsiteA",
  "16":"BombsiteB",
  "17":"BombsiteB"
 },
 "X":{
  "0":642.8280029297,
  "1":589.8272705078,
  "2":688.5913696289,
  "3":340.0664672852,
  "4":340.0664672852,
  "5":818.6202392578,
  "6":750.3298339844,
  "7":750.3298339844,
  "8":460.2196350098,
  "9":644.5972290039,
  "10":583.1651000977,
  "11":684.8430786133,
  "12":683.7435913086,
  "13":340.0313720703,
  "14":340.0313720703,
  "15":496.0427856445,
  "16":839.8260498047,
  "17":789.4327392578
 },
 "Y":{
  "0":-768.0316162109,
  "1":-797.6204833984,
  "2":-932.6271362305,
  "3":-865.1232910156,
  "4":-865.1232910156,
  "5":-613.5142211914,
  "6":-606.3001708984,
  "7":-606.3001708984,
  "8":-1301.4963378906,
  "9":-1256.33984375,
  "10":-1259.8715820312,
  "11":-767.5565185547,
  "12":-792.2202148438,
  "13":-700.4754638672,
  "14":-700.4754638672,
  "15":-901.1077270508,
  "16":-1027.6450195312,
  "17":-995.1917114258
 },
 "Z":{
  "0":-415.96875,
  "1":-399.96875,
  "2":-414.96875,
  "3":-771.96875,
  "4":-771.96875,
  "5":-399.9682617188,
  "6":-399.9682617188,
  "7":-399.9682617188,
  "8":-765.96875,
  "9":-768.84375,
  "10":-769.96875,
  "11":-399.96875,
  "12":-408.2122192383,
  "13":-765.96875,
  "14":-765.96875,
  "15":-402.7888183594,
  "16":-765.96875,
  "17":-771.96875
 },
 "round":{
  "0":1,
  "1":1,
  "2":4,
  "3":5,
  "4":5,
  "5":6,
  "6":7,
  "7":7,
  "8":8,
  "9":12,
  "10":12,
  "11":13,
  "12":13,
  "13":17,
  "14":17,
  "15":18,
  "16":22,
  "17":22
 }
}