{
 "tick":{
  "0":4674,
  "1":7298,
  "2":17578,
  "3":21899,
  "4":24523,
  "5":35383,
  "6":52914,
  "7":55538,
  "8":76658,
  "9":79282,
  "10":86544,
  "11":88611,
  "12":121533,
  "13":124157,
  "14":130774,
  "15":133398
 },
 "event":{
  "0":"planted",
  "1":"exploded",
  "2":"planted",
  "3":"planted",
  "4":"exploded",
  "5":"planted",
  "6":"planted",
  "7":"exploded",
  "8":"planted",
  "9":"exploded",
  "10":"planted",
  "11":"defused",
  "12":"planted",
  "13":"exploded",
  "14":"planted",
  "15":"exploded"
 },
 "site":{
  "0":"BombsiteA",
  "1":"BombsiteA",
  "2":"BombsiteB",
  "3":"BombsiteA",
  "4":"BombsiteA",
  "5":"BombsiteB",
  "6":"BombsiteA",
  "7":"BombsiteA",
  "8":"BombsiteB",
  "9":"BombsiteB",
  "10":"BombsiteB",
  "11":"BombsiteB",
  "12":"BombsiteB",
  "13":"BombsiteB",
  "14":"BombsiteB",
  "15":"BombsiteB"
 },
 "X":{
  "0":723.4086914062,
  "1":723.4086914062,
  "2":454.3861083984,
  "3":526.7692260742,
  "4":526.7692260742,
  "5":340.0314941406,
  "6":762.8386230469,
  "7":762.8386230469,
  "8":340.0313720703,
  "9":340.0313720703,
  "10":340.0313720703,
  "11":345.2283935547,
  "12":351.4747619629,
  "13":351.4747619629,
  "14":854.9095458984,
  "15":854.9095458984
 },
 "Y":{
  "0":-772.3037109375,
  "1":-772.3037109375,
  "2":-722.3583984375,
  "3":-909.5982666016,
  "4":-909.5982666016,
  "5":-703.5818481445,
  "6":-770.0313720703,
  "7":-770.0313720703,
  "8":-780.4597167969,
  "9":-780.4597167969,
  "10":-710.6960449219,
  "11":-658.9188232422,
  "12":-713.0379638672,
  "13":-713.0379638672,
  "14":-953.5732421875,
  "15":-953.5732421875
 },
 "Z":{
  "0":-399.9682617188,
  "1":-399.9682617188,
  "2":-771.96875,
  "3":-404.6987915039,
  "4":-404.6987915039,
  "5":-765.96875,
  "6":-399.9682617188,
  "7":-399.9682617188,
  "8":-771.96875,
  "9":-771.96875,
  "10":-765.96875,
  "11":-767.96875,
  "12":-765.96875,
  "13":-765.96875,
  "14":-765.96875,
  "15":-765.96875
 },
 "round":{
  "0":1,
  "1":1,
  "2":3,
  "3":4,
  "4":4,
  "5":6,
  "6":8,
  "7":8,
  "8":11,
  "9":11,
  "10":12,
  "11":12,
  "12":15,
  "13":15,
  "14":16,
  "15":16
 }
}