{
 "tick":{
  "0":3390,
  "1":22824,
  "2":25448,
  "3":42182,
  "4":44806,
  "5":116284,
  "6":124928,
  "7":127552,
  "8":135837,
  "9":137926,
  "10":157965,
  "11":167332,
  "12":169956,
  "13":178217,
  "14":180841,
  "15":188606,
  "16":190770
 },
 "event":{
  "0":"planted",
  "1":"planted",
  "2":"exploded",
  "3":"planted",
  "4":"exploded",
  "5":"planted",
  "6":"planted",
  "7":"exploded",
  "8":"planted",
  "9":"defused",
  "10":"planted",
  "11":"planted",
  "12":"exploded",
  "13":"planted",
  "14":"exploded",
  "15":"planted",
  "16":"defused"
 },
 "site":{
  "0":"BombsiteA",
  "1":"BombsiteB",
  "2":"BombsiteB",
  "3":"BombsiteA",
  "4":"BombsiteA",
  "5":"BombsiteB",
  "6":"BombsiteB",
  "7":"BombsiteB",
  "8":"BombsiteB",
  "9":"BombsiteB",
  "10":"BombsiteA",
  "11":"BombsiteB",
  "12":"BombsiteB",
  "13":"BombsiteB",
  "14":"BombsiteB",
  "15":"BombsiteB",
  "16":"BombsiteB"
 },
 "X":{
  "0":-359.5388183594,
  "1":-2216.0314941406,
  "2":-2216.0314941406,
  "3":-355.8588867188,
  "4":-355.8588867188,
  "5":-2216.02734375,
  "6":-2226.6303710938,
  "7":-2226.6303710938,
  "8":-2216.03125,
  "9":-2227.9672851562,
  "10":-362.0850830078,
  "11":-2254.4189453125,
  "12":-2254.4189453125,
  "13":-2146.03125,
  "14":-2146.03125,
  "15":-2220.7080078125,
  "16":-2234.6437988281
 },
 "Y":{
  "0":-685.5963745117,
  "1":879.6675415039,
  "2":879.6675415039,
  "3":-684.7785644531,
  "4":-684.7785644531,
  "5":903.7303466797,
  "6":893.8575439453,
  "7":893.8575439453,
  "8":896.9448852539,
  "9":838.7518310547,
  "10":-691.7365112305,
  "11":677.3860473633,
  "12":677.3860473633,
  "13":744.9298706055,
  "14":744.9298706055,
  "15":893.4095458984,
  "16":946.0003051758
 },
 "Z":{
  "0":11774.4814453125,
  "1":11744.03125,
  "2":11744.03125,
  "3":11774.37890625,
  "4":11774.37890625,
  "5":11744.03125,
  "6":11744.03125,
  "7":11744.03125,
  "8":11744.03125,
  "9":11744.03125,
  "10":11775.2490234375,
  "11":11744.03125,
  "12":11744.03125,
  "13":11744.03125,
  "14":11744.03125,
  "15":11744.03125,
  "16":11744.03125
 },
 "round":{
  "0":1,
  "1":5,
  "2":5,
  "3":7,
  "4":7,
  "5":17,
  "6":18,
  "7":18,
  "8":19,
  "9":19,
  "10":21,
  "11":22,
  "12":22,
  "13":23,
  "14":23,
  "15":24,
  "16":24
 }
}