{
 "tick":{
  "0":38398,
  "1":71957,
  "2":74581,
  "3":109934,
  "4":111526,
  "5":116775,
  "6":133759
 },
 "event":{
  "0":"planted",
  "1":"planted",
  "2":"exploded",
  "3":"planted",
  "4":"defused",
  "5":"planted",
  "6":"planted"
 },
 "site":{
  "0":"BombsiteB",
  "1":"BombsiteA",
  "2":"BombsiteA",
  "3":"BombsiteB",
  "4":"BombsiteB",
  "5":"BombsiteB",
  "6":"BombsiteB"
 },
 "X":{
  "0":-2216.03125,
  "1":-296.5084228516,
  "2":-296.5084228516,
  "3":-2220.0549316406,
  "4":-2254.8562011719,
  "5":-2216.03125,
  "6":-2146.03125
 },
 "Y":{
  "0":863.962890625,
  "1":-713.0313720703,
  "2":-713.0313720703,
  "3":859.7786254883,
  "4":878.8923339844,
  "5":898.3658447266,
  "6":655.2639160156
 },
 "Z":{
  "0":11744.03125,
  "1":11776.03125,
  "2":11776.03125,
  "3":11744.03125,
  "4":11744.03125,
  "5":11744.03125,
  "6":11744.03125
 },
 "round":{
  "0":5,
  "1":10,
  "2":10,
  "3":13,
  "4":13,
  "5":14,
  "6":16
 }
}