{
 "tick":{
  "0":17567,
  "1":19351,
  "2":82118,
  "3":84742,
  "4":107369,
  "5":109993,
  "6":114757,
  "7":138013,
  "8":143829,
  "9":146453,
  "10":163244
 },
 "event":{
  "0":"planted",
  "1":"defused",
  "2":"planted",
  "3":"exploded",
  "4":"planted",
  "5":"exploded",
  "6":"planted",
  "7":"planted",
  "8":"planted",
  "9":"exploded",
  "10":"planted"
 },
 "site":{
  "0":"BombsiteB",
  "1":"BombsiteB",
  "2":"BombsiteA",
  "3":"BombsiteA",
  "4":"BombsiteA",
  "5":"BombsiteA",
  "6":"BombsiteA",
  "7":"BombsiteA",
  "8":"BombsiteB",
  "9":"BombsiteB",
  "10":"BombsiteB"
 },
 "X":{
  "0":-1045.1339111328,
  "1":-1102.2447509766,
  "2":1270.4052734375,
  "3":1270.4052734375,
  "4":1281.2178955078,
  "5":1281.2178955078,
  "6":1283.8946533203,
  "7":1269.4661865234,
  "8":-1136.0313720703,
  "9":-1136.0313720703,
  "10":-1136.0313720703
 },
 "Y":{
  "0":599.9686279297,
  "1":587.5046386719,
  "2":1838.9458007812,
  "3":1838.9458007812,
  "4":1893.3548583984,
  "5":1893.3548583984,
  "6":1889.6446533203,
  "7":1841.1495361328,
  "8":696.2707519531,
  "9":696.2707519531,
  "10":699.96875
 },
 "Z":{
  "0":-1.96875,
  "1":-3.96875,
  "2":-191.96875,
  "3":-191.96875,
  "4":-180.513671875,
  "5":-180.513671875,
  "6":-191.96875,
  "7":-191.6260375977,
  "8":-1.96875,
  "9":-1.96875,
  "10":-1.96875
 },
 "round":{
  "0":3,
  "1":3,
  "2":9,
  "3":9,
  "4":12,
  "5":12,
  "6":13,
  "7":17,
  "8":18,
  "9":18,
  "10":20
 }
}