{
 "tick":{
  "0":2383,
  "1":9023,
  "2":16036,
  "3":18660,
  "4":23920,
  "5":40130,
  "6":41125,
  "7":51282,
  "8":51866,
  "9":71449,
  "10":74073,
  "11":77416,
  "12":80040,
  "13":106446,
  "14":107940,
  "15":125690,
  "16":127576,
  "17":152842,
  "18":155212
 },
 "event":{
  "0":"planted",
  "1":"planted",
  "2":"planted",
  "3":"exploded",
  "4":"planted",
  "5":"planted",
  "6":"defused",
  "7":"planted",
  "8":"defused",
  "9":"planted",
  "10":"exploded",
  "11":"planted",
  "12":"exploded",
  "13":"planted",
  "14":"defused",
  "15":"planted",
  "16":"defused",
  "17":"planted",
  "18":"defused"
 },
 "site":{
  "0":"BombsiteB",
  "1":"BombsiteB",
  "2":"BombsiteB",
  "3":"BombsiteB",
  "4":"BombsiteB",
  "5":"BombsiteB",
  "6":"BombsiteB",
  "7":"BombsiteB",
  "8":"BombsiteB",
  "9":"BombsiteB",
  "10":"BombsiteB",
  "11":"BombsiteA",
  "12":"BombsiteA",
  "13":"BombsiteA",
  "14":"BombsiteA",
  "15":"BombsiteB",
  "16":"BombsiteB",
  "17":"BombsiteB",
  "18":"BombsiteB"
 },
 "X":{
  "0":807.0936889648,
  "1":802.9520874023,
  "2":783.1945800781,
  "3":783.1945800781,
  "4":869.0325927734,
  "5":806.8526000977,
  "6":866.0014648438,
  "7":869.0313720703,
  "8":917.4905395508,
  "9":793.3601074219,
  "10":793.3601074219,
  "11":-1280.4862060547,
  "12":-1280.4862060547,
  "13":-1201.7679443359,
  "14":-1169.9686279297,
  "15":790.8309936523,
  "16":747.0379638672,
  "17":869.0313720703,
  "18":922.4050292969
 },
 "Y":{
  "0":4.9679613113,
  "1":4.9675531387,
  "2":4.7806420326,
  "3":4.7806420326,
  "4":76.8578796387,
  "5":4.9716086388,
  "6":-0.0542602539,
  "7":72.1921691895,
  "8":92.3486633301,
  "9":4.9685869217,
  "10":4.9685869217,
  "11":793.9683837891,
  "12":793.9683837891,
  "13":900.4838867188,
  "14":848.7302856445,
  "15":4.9685525894,
  "16":-9.3297119141,
  "17":65.7705078125,
  "18":96.9046630859
 },
 "Z":{
  "0":130.9011230469,
  "1":130.9011230469,
  "2":130.9011230469,
  "3":130.9011230469,
  "4":130.9011077881,
  "5":130.9011230469,
  "6":130.9011230469,
  "7":130.9011077881,
  "8":130.03125,
  "9":130.9011230469,
  "10":130.9011230469,
  "11":54.03125,
  "12":54.03125,
  "13":62.03125,
  "14":52.9865684509,
  "15":130.9011230469,
  "16":130.03125,
  "17":130.9011077881,
  "18":130.03125
 },
 "round":{
  "0":1,
  "1":2,
  "2":3,
  "3":3,
  "4":4,
  "5":6,
  "6":6,
  "7":8,
  "8":8,
  "9":9,
  "10":9,
  "11":10,
  "12":10,
  "13":13,
  "14":13,
  "15":15,
  "16":15,
  "17":18,
  "18":18
 }
}