{
 "tick":{
  "0":3969,
  "1":13508,
  "2":22488,
  "3":86127,
  "4":115302,
  "5":120827,
  "6":123451,
  "7":141587,
  "8":149552,
  "9":152176
 },
 "event":{
  "0":"planted",
  "1":"planted",
  "2":"planted",
  "3":"planted",
  "4":"planted",
  "5":"planted",
  "6":"exploded",
  "7":"planted",
  "8":"planted",
  "9":"exploded"
 },
 "site":{
  "0":"BombsiteB",
  "1":"BombsiteA",
  "2":"BombsiteB",
  "3":"BombsiteA",
  "4":"BombsiteB",
  "5":"BombsiteA",
  "6":"BombsiteA",
  "7":"BombsiteA",
  "8":"BombsiteB",
  "9":"BombsiteB"
 },
 "X":{
  "0":533.7341308594,
  "1":1974.0770263672,
  "2":542.44140625,
  "3":1966.0313720703,
  "4":539.6738891602,
  "5":2013.96875,
  "6":2013.96875,
  "7":2105.099609375,
  "8":545.5654907227,
  "9":545.5654907227
 },
 "Y":{
  "0":2954.2641601562,
  "1":721.9685668945,
  "2":2904.8076171875,
  "3":721.6737670898,
  "4":2916.0187988281,
  "5":721.9686889648,
  "6":721.9686889648,
  "7":180.2257385254,
  "8":2934.3645019531,
  "9":2934.3645019531
 },
 "Z":{
  "0":161.5312347412,
  "1":160.03125,
  "2":161.5312347412,
  "3":160.03125,
  "4":161.5312347412,
  "5":160.03125,
  "6":160.03125,
  "7":160.03125,
  "8":161.5312347412,
  "9":161.5312347412
 },
 "round":{
  "0":1,
  "1":2,
  "2":3,
  "3":11,
  "4":15,
  "5":16,
  "6":16,
  "7":18,
  "8":19,
  "9":19
 }
}