{
 "tick":{
  "0":3418,
  "1":6042,
  "2":13236,
  "3":15860,
  "4":22040,
  "5":30599,
  "6":32734,
  "7":40702,
  "8":49936,
  "9":52560,
  "10":58720,
  "11":61344,
  "12":67006,
  "13":69630,
  "14":86163,
  "15":96159,
  "16":97766,
  "17":106625,
  "18":126324,
  "19":127394
 },
 "event":{
  "0":"planted",
  "1":"exploded",
  "2":"planted",
  "3":"exploded",
  "4":"planted",
  "5":"planted",
  "6":"defused",
  "7":"planted",
  "8":"planted",
  "9":"exploded",
  "10":"planted",
  "11":"exploded",
  "12":"planted",
  "13":"exploded",
  "14":"planted",
  "15":"planted",
  "16":"defused",
  "17":"planted",
  "18":"planted",
  "19":"defused"
 },
 "site":{
  "0":"BombsiteB",
  "1":"BombsiteB",
  "2":"BombsiteA",
  "3":"BombsiteA",
  "4":"BombsiteA",
  "5":"BombsiteA",
  "6":"BombsiteA",
  "7":"BombsiteA",
  "8":"BombsiteA",
  "9":"BombsiteA",
  "10":"BombsiteB",
  "11":"BombsiteB",
  "12":"BombsiteA",
  "13":"BombsiteA",
  "14":"BombsiteA",
  "15":"BombsiteB",
  "16":"BombsiteB",
  "17":"BombsiteA",
  "18":"BombsiteB",
  "19":"BombsiteB"
 },
 "X":{
  "0":742.8568725586,
  "1":742.8568725586,
  "2":754.0251464844,
  "3":754.0251464844,
  "4":612.9141845703,
  "5":516.2552490234,
  "6":510.8961181641,
  "7":579.0286254883,
  "8":786.4630737305,
  "9":786.4630737305,
  "10":795.7602539062,
  "11":795.7602539062,
  "12":765.8273925781,
  "13":765.8273925781,
  "14":730.6820678711,
  "15":716.7536621094,
  "16":766.6819458008,
  "17":756.9157104492,
  "18":340.0296936035,
  "19":384.620300293
 },
 "Y":{
  "0":-1155.3370361328,
  "1":-1155.3370361328,
  "2":-603.8919067383,
  "3":-603.8919067383,
  "4":-936.4255981445,
  "5":-934.7834472656,
  "6":-890.0115966797,
  "7":-920.1645507812,
  "8":-606.4582519531,
  "9":-606.4582519531,
  "10":-835.996887207,
  "11":-835.996887207,
  "12":-604.2884521484,
  "13":-604.2884521484,
  "14":-608.2042236328,
  "15":-1142.7838134766,
  "16":-1179.4145507812,
  "17":-605.9686889648,
  "18":-809.6728515625,
  "19":-766.7883300781
 },
 "Z":{
  "0":-768.96875,
  "1":-768.96875,
  "2":-399.9682617188,
  "3":-399.9682617188,
  "4":-414.96875,
  "5":-410.7783203125,
  "6":-399.9706420898,
  "7":-407.2489624023,
  "8":-399.9683837891,
  "9":-399.9683837891,
  "10":-765.96875,
  "11":-765.96875,
  "12":-399.9682617188,
  "13":-399.9682617188,
  "14":-399.9682617188,
  "15":-752.96875,
  "16":-768.96875,
  "17":-399.9682617188,
  "18":-771.96875,
  "19":-771.96875
 },
 "round":{
  "0":1,
  "1":1,
  "2":2,
  "3":2,
  "4":3,
  "5":4,
  "6":4,
  "7":5,
  "8":6,
  "9":6,
  "10":7,
  "11":7,
  "12":8,
  "13":8,
  "14":10,
  "15":11,
  "16":11,
  "17":12,
  "18":15,
  "19":15
 }
}