{
 "tick":{
  "0":35783,
  "1":38407,
  "2":70886,
  "3":92019,
  "4":101833,
  "5":104457,
  "6":136866,
  "7":137943,
  "8":157362,
  "9":159290
 },
 "event":{
  "0":"planted",
  "1":"exploded",
  "2":"planted",
  "3":"planted",
  "4":"planted",
  "5":"exploded",
  "6":"planted",
  "7":"defused",
  "8":"planted",
  "9":"defused"
 },
 "site":{
  "0":"BombsiteB",
  "1":"BombsiteB",
  "2":"BombsiteA",
  "3":"BombsiteB",
  "4":"BombsiteA",
  "5":"BombsiteA",
  "6":"BombsiteA",
  "7":"BombsiteA",
  "8":"BombsiteA",
  "9":"BombsiteA"
 },
 "X":{
  "0":-1698.9686279297,
  "1":-1698.9686279297,
  "2":1235.96875,
  "3":-1371.6918945312,
  "4":1235.96875,
  "5":1235.96875,
  "6":1204.4763183594,
  "7":1151.1909179688,
  "8":1128.8365478516,
  "9":1141.72265625
 },
 "Y":{
  "0":2539.2795410156,
  "1":2539.2795410156,
  "2":2561.03125,
  "3":2565.96875,
  "4":2561.03125,
  "5":2561.03125,
  "6":2561.2937011719,
  "7":2589.1716308594,
  "8":2517.2626953125,
  "9":2572.669921875
 },
 "Z":{
  "0":8.6291275024,
  "1":8.6291275024,
  "2":99.602432251,
  "3":4.3404660225,
  "4":99.602432251,
  "5":99.602432251,
  "6":97.6526489258,
  "7":96.3716888428,
  "8":96.0210723877,
  "9":96.2279815674
 },
 "round":{
  "0":6,
  "1":6,
  "2":10,
  "3":13,
  "4":15,
  "5":15,
  "6":19,
  "7":19,
  "8":22,
  "9":22
 }
}