{
 "tick":{
  "0":14882,
  "1":17506,
  "2":41124,
  "3":89304,
  "4":90666,
  "5":103592,
  "6":106216,
  "7":111378
 },
 "event":{
  "0":"planted",
  "1":"exploded",
  "2":"planted",
  "3":"planted",
  "4":"defused",
  "5":"planted",
  "6":"exploded",
  "7":"planted"
 },
 "site":{
  "0":"BombsiteB",
  "1":"BombsiteB",
  "2":"BombsiteB",
  "3":"BombsiteB",
  "4":"BombsiteB",
  "5":"BombsiteB",
  "6":"BombsiteB",
  "7":"BombsiteA"
 },
 "X":{
  "0":-1969.03125,
  "1":-1969.03125,
  "2":-1897.6580810547,
  "3":-2038.6402587891,
  "4":-2039.3824462891,
  "5":-1895.8259277344,
  "6":-1895.8259277344,
  "7":-250.5858764648
 },
 "Y":{
  "0":450.03125,
  "1":450.03125,
  "2":242.0313720703,
  "3":98.7753143311,
  "4":157.2181091309,
  "5":244.0450439453,
  "6":244.0450439453,
  "7":-2137.03125
 },
 "Z":{
  "0":-159.96875,
  "1":-159.96875,
  "2":-159.96875,
  "3":-159.96875,
  "4":-159.96875,
  "5":-159.96875,
  "6":-159.96875,
  "7":-172.7775878906
 },
 "round":{
  "0":3,
  "1":3,
  "2":6,
  "3":13,
  "4":13,
  "5":15,
  "6":15,
  "7":16
 }
}