{
 "tick":{
  "0":14755,
  "1":16976,
  "2":47711,
  "3":50335,
  "4":57908,
  "5":60196,
  "6":86887,
  "7":101042,
  "8":102482
 },
 "event":{
  "0":"planted",
  "1":"defused",
  "2":"planted",
  "3":"exploded",
  "4":"planted",
  "5":"defused",
  "6":"planted",
  "7":"planted",
  "8":"defused"
 },
 "site":{
  "0":"BombsiteB",
  "1":"BombsiteB",
  "2":"BombsiteA",
  "3":"BombsiteA",
  "4":"BombsiteB",
  "5":"BombsiteB",
  "6":"BombsiteB",
  "7":"BombsiteA",
  "8":"BombsiteA"
 },
 "X":{
  "0":-1166.2745361328,
  "1":-1166.2545166016,
  "2":-2577.548828125,
  "3":-2577.548828125,
  "4":-1166.3543701172,
  "5":-1165.7977294922,
  "6":-1166.2739257812,
  "7":-2518.9685058594,
  "8":-2511.28125
 },
 "Y":{
  "0":-86.3862304688,
  "1":-89.2004394531,
  "2":640.8130493164,
  "3":640.8130493164,
  "4":-80.7982788086,
  "5":-110.2716064453,
  "6":-87.7852783203,
  "7":657.7197265625,
  "8":644.4476928711
 },
 "Z":{
  "0":103.8095321655,
  "1":103.6912307739,
  "2":484.03125,
  "3":484.03125,
  "4":104.2812805176,
  "5":103.53125,
  "6":103.8059158325,
  "7":484.0312805176,
  "8":484.03125
 },
 "round":{
  "0":3,
  "1":3,
  "2":7,
  "3":7,
  "4":8,
  "5":8,
  "6":12,
  "7":14,
  "8":14
 }
}