{
 "tick":{
  "0":48584,
  "1":52985,
  "2":62642,
  "3":65266,
  "4":75260,
  "5":77884,
  "6":81377,
  "7":84001,
  "8":97251,
  "9":126409,
  "10":138226,
  "11":140639,
  "12":152960,
  "13":155584,
  "14":162353,
  "15":164977
 },
 "event":{
  "0":"planted",
  "1":"planted",
  "2":"planted",
  "3":"exploded",
  "4":"planted",
  "5":"exploded",
  "6":"planted",
  "7":"exploded",
  "8":"planted",
  "9":"planted",
  "10":"planted",
  "11":"defused",
  "12":"planted",
  "13":"exploded",
  "14":"planted",
  "15":"exploded"
 },
 "site":{
  "0":"BombsiteB",
  "1":"BombsiteA",
  "2":"BombsiteB",
  "3":"BombsiteB",
  "4":"BombsiteA",
  "5":"BombsiteA",
  "6":"BombsiteA",
  "7":"BombsiteA",
  "8":"BombsiteA",
  "9":"BombsiteA",
  "10":"BombsiteA",
  "11":"BombsiteA",
  "12":"BombsiteB",
  "13":"BombsiteB",
  "14":"BombsiteA",
  "15":"BombsiteA"
 },
 "X":{
  "0":-1916.1892089844,
  "1":-253.9686889648,
  "2":-1884.3894042969,
  "3":-1884.3894042969,
  "4":-429.259765625,
  "5":-429.259765625,
  "6":-284.3852539062,
  "7":-284.3852539062,
  "8":-262.9024658203,
  "9":-616.233215332,
  "10":-258.0158691406,
  "11":-312.396484375,
  "12":-1969.0313720703,
  "13":-1969.0313720703,
  "14":-534.2652587891,
  "15":-534.2652587891
 },
 "Y":{
  "0":242.0313720703,
  "1":-2141.5915527344,
  "2":298.8836975098,
  "3":298.8836975098,
  "4":-1984.2655029297,
  "5":-1984.2655029297,
  "6":-2159.0864257812,
  "7":-2159.0864257812,
  "8":-2159.5168457031,
  "9":-1968.4697265625,
  "10":-2152.0947265625,
  "11":-2180.8420410156,
  "12":450.03125,
  "13":450.03125,
  "14":-2328.859375,
  "15":-2328.859375
 },
 "Z":{
  "0":-159.96875,
  "1":-173.2810058594,
  "2":-159.96875,
  "3":-159.96875,
  "4":-179.96875,
  "5":-179.96875,
  "6":-173.8447265625,
  "7":-173.8447265625,
  "8":-172.8516845703,
  "9":-179.96875,
  "10":-173.2941894531,
  "11":-173.1558227539,
  "12":-159.96875,
  "13":-159.96875,
  "14":-169.8595581055,
  "15":-169.8595581055
 },
 "round":{
  "0":2,
  "1":3,
  "2":5,
  "3":5,
  "4":6,
  "5":6,
  "6":7,
  "7":7,
  "8":9,
  "9":13,
  "10":15,
  "11":15,
  "12":17,
  "13":17,
  "14":18,
  "15":18
 }
}