{
 "tick":{
  "0":1772,
  "1":8819,
  "2":11443,
  "3":20021,
  "4":20621,
  "5":39167,
  "6":66873,
  "7":69497,
  "8":77103,
  "9":79727,
  "10":85069,
  "11":111922,
  "12":114338,
  "13":119255,
  "14":121050,
  "15":126188,
  "16":128812
 },
 "event":{
  "0":"planted",
  "1":"planted",
  "2":"exploded",
  "3":"planted",
  "4":"defused",
  "5":"planted",
  "6":"planted",
  "7":"exploded",
  "8":"planted",
  "9":"exploded",
  "10":"planted",
  "11":"planted",
  "12":"defused",
  "13":"planted",
  "14":"defused",
  "15":"planted",
  "16":"exploded"
 },
 "site":{
  "0":"BombsiteB",
  "1":"BombsiteA",
  "2":"BombsiteA",
  "3":"BombsiteA",
  "4":"BombsiteA",
  "5":"BombsiteB",
  "6":"BombsiteA",
  "7":"BombsiteA",
  "8":"BombsiteA",
  "9":"BombsiteA",
  "10":"BombsiteB",
  "11":"BombsiteB",
  "12":"BombsiteB",
  "13":"BombsiteB",
  "14":"BombsiteB",
  "15":"BombsiteA",
  "16":"BombsiteA"
 },
 "X":{
  "0":869.0309448242,
  "1":-1250.1009521484,
  "2":-1250.1009521484,
  "3":-1574.5856933594,
  "4":-1601.1618652344,
  "5":797.4042358398,
  "6":-1393.6058349609,
  "7":-1393.6058349609,
  "8":-1532.8937988281,
  "9":-1532.8937988281,
  "10":782.7556152344,
  "11":791.4383544922,
  "12":850.1849365234,
  "13":798.8891601562,
  "14":830.8031005859,
  "15":-1280.0277099609,
  "16":-1280.0277099609
 },
 "Y":{
  "0":82.96875,
  "1":729.0717163086,
  "2":729.0717163086,
  "3":699.8640136719,
  "4":644.8896484375,
  "5":4.9680685997,
  "6":797.0025024414,
  "7":797.0025024414,
  "8":700.3197631836,
  "9":700.3197631836,
  "10":4.9692173004,
  "11":4.9680218697,
  "12":-14.2440185547,
  "13":4.9678969383,
  "14":-46.1696166992,
  "15":793.96875,
  "16":793.96875
 },
 "Z":{
  "0":130.9011077881,
  "1":56.03125,
  "2":56.03125,
  "3":56.03125,
  "4":68.557510376,
  "5":130.9011230469,
  "6":54.03125,
  "7":54.03125,
  "8":56.03125,
  "9":56.03125,
  "10":130.9011230469,
  "11":130.9011230469,
  "12":130.03125,
  "13":130.9011230469,
  "14":130.9011077881,
  "15":54.03125,
  "16":54.03125
 },
 "round":{
  "0":1,
  "1":2,
  "2":2,
  "3":4,
  "4":4,
  "5":6,
  "6":10,
  "7":10,
  "8":11,
  "9":11,
  "10":12,
  "11":16,
  "12":16,
  "13":17,
  "14":17,
  "15":18,
  "16":18
 }
}