{
 "tick":{
  "0":2160,
  "1":4784,
  "2":9919,
  "3":12543,
  "4":17629,
  "5":20253,
  "6":35235,
  "7":37656,
  "8":62967,
  "9":67861,
  "10":76234,
  "11":106255,
  "12":106929,
  "13":110563,
  "14":113187,
  "15":133822,
  "16":135966
 },
 "event":{
  "0":"planted",
  "1":"exploded",
  "2":"planted",
  "3":"exploded",
  "4":"planted",
  "5":"exploded",
  "6":"planted",
  "7":"defused",
  "8":"planted",
  "9":"planted",
  "10":"planted",
  "11":"planted",
  "12":"defused",
  "13":"planted",
  "14":"exploded",
  "15":"planted",
  "16":"defused"
 },
 "site":{
  "0":"BombsiteB",
  "1":"BombsiteB",
  "2":"BombsiteA",
  "3":"BombsiteA",
  "4":"BombsiteB",
  "5":"BombsiteB",
  "6":"BombsiteA",
  "7":"BombsiteA",
  "8":"BombsiteA",
  "9":"BombsiteA",
  "10":"BombsiteB",
  "11":"BombsiteB",
  "12":"BombsiteB",
  "13":"BombsiteA",
  "14":"BombsiteA",
  "15":"BombsiteB",
  "16":"BombsiteB"
 },
 "X":{
  "0":-2008.1134033203,
  "1":-2008.1134033203,
  "2":-477.669128418,
  "3":-477.669128418,
  "4":-1899.4528808594,
  "5":-1899.4528808594,
  "6":-272.2022705078,
  "7":-284.1555175781,
  "8":-257.1290283203,
  "9":-263.2573852539,
  "10":-1956.1420898438,
  "11":-1987.03125,
  "12":-1960.3178710938,
  "13":-292.2504882812,
  "14":-292.2504882812,
  "15":-1987.0285644531,
  "16":-1978.9384765625
 },
 "Y":{
  "0":418.8200073242,
  "1":418.8200073242,
  "2":-2008.1844482422,
  "3":-2008.1844482422,
  "4":242.0283050537,
  "5":242.0283050537,
  "6":-2159.8742675781,
  "7":-2173.91796875,
  "8":-2156.8359375,
  "9":-2210.9494628906,
  "10":259.0151672363,
  "11":442.3309936523,
  "12":496.2897338867,
  "13":-2161.1687011719,
  "14":-2161.1687011719,
  "15":415.1121826172,
  "16":475.3741760254
 },
 "Z":{
  "0":-159.96875,
  "1":-159.96875,
  "2":-179.96875,
  "3":-179.96875,
  "4":-159.96875,
  "5":-159.96875,
  "6":-173.233215332,
  "7":-172.5160522461,
  "8":-172.8333740234,
  "9":-168.2956542969,
  "10":-159.96875,
  "11":-159.96875,
  "12":-166.040222168,
  "13":-174.0091552734,
  "14":-174.0091552734,
  "15":-159.96875,
  "16":-160.811340332
 },
 "round":{
  "0":1,
  "1":1,
  "2":2,
  "3":2,
  "4":3,
  "5":3,
  "6":5,
  "7":5,
  "8":10,
  "9":11,
  "10":12,
  "11":16,
  "12":16,
  "13":17,
  "14":17,
  "15":20,
  "16":20
 }
}