{
 "tick":{
  "0":3315,
  "1":10091,
  "2":39537,
  "3":61387,
  "4":64011,
  "5":72451,
  "6":74078,
  "7":78687,
  "8":96636,
  "9":101532,
  "10":104156,
  "11":110799,
  "12":125645,
  "13":128067,
  "14":132595,
  "15":139643,
  "16":142267
 },
 "event":{
  "0":"planted",
  "1":"planted",
  "2":"planted",
  "3":"planted",
  "4":"exploded",
  "5":"planted",
  "6":"defused",
  "7":"planted",
  "8":"planted",
  "9":"planted",
  "10":"exploded",
  "11":"planted",
  "12":"planted",
  "13":"defused",
  "14":"planted",
  "15":"planted",
  "16":"exploded"
 },
 "site":{
  "0":"BombsiteB",
  "1":"BombsiteB",
  "2":"BombsiteB",
  "3":"BombsiteB",
  "4":"BombsiteB",
  "5":"BombsiteA",
  "6":"BombsiteA",
  "7":"BombsiteA",
  "8":"BombsiteA",
  "9":"BombsiteA",
  "10":"BombsiteA",
  "11":"BombsiteB",
  "12":"BombsiteA",
  "13":"BombsiteA",
  "14":"BombsiteB",
  "15":"BombsiteA",
  "16":"BombsiteA"
 },
 "X":{
  "0":-1052.9255371094,
  "1":-1051.9735107422,
  "2":-1136.0290527344,
  "3":-1044.5310058594,
  "4":-1044.5310058594,
  "5":1229.7503662109,
  "6":1277.951171875,
  "7":1312.0313720703,
  "8":1280.0321044922,
  "9":1291.3914794922,
  "10":1291.3914794922,
  "11":-1046.6999511719,
  "12":1272.4486083984,
  "13":1288.8565673828,
  "14":-1133.7086181641,
  "15":1247.4294433594,
  "16":1247.4294433594
 },
 "Y":{
  "0":598.944519043,
  "1":599.9683837891,
  "2":699.8826904297,
  "3":599.9717407227,
  "4":599.9717407227,
  "5":2059.7746582031,
  "6":2020.9858398438,
  "7":2164.9692382812,
  "8":1914.6826171875,
  "9":1868.1799316406,
  "10":1868.1799316406,
  "11":599.9652709961,
  "12":1966.4990234375,
  "13":1908.5643310547,
  "14":783.7424926758,
  "15":1774.2265625,
  "16":1774.2265625
 },
 "Z":{
  "0":-1.96875,
  "1":-1.96875,
  "2":-1.96875,
  "3":-1.96875,
  "4":-1.96875,
  "5":-191.96875,
  "6":-191.96875,
  "7":-191.3162841797,
  "8":-179.3984375,
  "9":-191.96875,
  "10":-191.96875,
  "11":-1.96875,
  "12":-191.96875,
  "13":-191.96875,
  "14":-1.96875,
  "15":-179.9741210938,
  "16":-179.9741210938
 },
 "round":{
  "0":1,
  "1":2,
  "2":6,
  "3":9,
  "4":9,
  "5":10,
  "6":10,
  "7":11,
  "8":13,
  "9":14,
  "10":14,
  "11":15,
  "12":17,
  "13":17,
  "14":18,
  "15":19,
  "16":19
 }
}