{
 "tick":{
  "0":4106,
  "1":11685,
  "2":17976,
  "3":20600,
  "4":36708,
  "5":44065,
  "6":46689,
  "7":50548,
  "8":53172,
  "9":69448,
  "10":72072,
  "11":89372,
  "12":91996,
  "13":99108,
  "14":100536,
  "15":121672
 },
 "event":{
  "0":"planted",
  "1":"planted",
  "2":"planted",
  "3":"exploded",
  "4":"planted",
  "5":"planted",
  "6":"exploded",
  "7":"planted",
  "8":"exploded",
  "9":"planted",
  "10":"exploded",
  "11":"planted",
  "12":"exploded",
  "13":"planted",
  "14":"defused",
  "15":"planted"
 },
 "site":{
  "0":"BombsiteA",
  "1":"BombsiteA",
  "2":"BombsiteA",
  "3":"BombsiteA",
  "4":"BombsiteA",
  "5":"BombsiteA",
  "6":"BombsiteA",
  "7":"BombsiteB",
  "8":"BombsiteB",
  "9":"BombsiteA",
  "10":"BombsiteA",
  "11":"BombsiteB",
  "12":"BombsiteB",
  "13":"BombsiteB",
  "14":"BombsiteB",
  "15":"BombsiteB"
 },
 "X":{
  "0":-2511.5009765625,
  "1":-2486.6530761719,
  "2":-2570.3176269531,
  "3":-2570.3176269531,
  "4":-2473.7067871094,
  "5":-2522.6264648438,
  "6":-2522.6264648438,
  "7":-1166.3256835938,
  "8":-1166.3256835938,
  "9":-2532.2160644531,
  "10":-2532.2160644531,
  "11":-1159.5246582031,
  "12":-1159.5246582031,
  "13":-960.3173828125,
  "14":-900.8525390625,
  "15":-1166.3128662109
 },
 "Y":{
  "0":651.366394043,
  "1":787.7789306641,
  "2":641.6038208008,
  "3":641.6038208008,
  "4":887.3713989258,
  "5":649.4039916992,
  "6":649.4039916992,
  "7":-84.5460205078,
  "8":-84.5460205078,
  "9":647.9150390625,
  "10":647.9150390625,
  "11":-78.4205322266,
  "12":-78.4205322266,
  "13":-32.5487060547,
  "14":-42.2564697266,
  "15":-79.8282470703
 },
 "Z":{
  "0":484.03125,
  "1":476.5312194824,
  "2":484.0312805176,
  "3":484.0312805176,
  "4":476.03125,
  "5":484.03125,
  "6":484.03125,
  "7":104.1117706299,
  "8":104.1117706299,
  "9":484.0312805176,
  "10":484.0312805176,
  "11":103.53125,
  "12":103.53125,
  "13":100.0312423706,
  "14":100.03125,
  "15":104.036026001
 },
 "round":{
  "0":1,
  "1":2,
  "2":3,
  "3":3,
  "4":5,
  "5":6,
  "6":6,
  "7":7,
  "8":7,
  "9":9,
  "10":9,
  "11":11,
  "12":11,
  "13":12,
  "14":12,
  "15":15
 }
}