{
 "tick":{
  "0":4194,
  "1":5305,
  "2":18480,
  "3":20995,
  "4":28102,
  "5":30726,
  "6":44212,
  "7":46057,
  "8":76830,
  "9":78656,
  "10":89555,
  "11":104825,
  "12":113775,
  "13":116399,
  "14":136281
 },
 "event":{
  "0":"planted",
  "1":"defused",
  "2":"planted",
  "3":"defused",
  "4":"planted",
  "5":"exploded",
  "6":"planted",
  "7":"defused",
  "8":"planted",
  "9":"defused",
  "10":"planted",
  "11":"planted",
  "12":"planted",
  "13":"exploded",
  "14":"planted"
 },
 "site":{
  "0":"BombsiteA",
  "1":"BombsiteA",
  "2":"BombsiteA",
  "3":"BombsiteA",
  "4":"BombsiteB",
  "5":"BombsiteB",
  "6":"BombsiteA",
  "7":"BombsiteA",
  "8":"BombsiteB",
  "9":"BombsiteB",
  "10":"BombsiteA",
  "11":"BombsiteA",
  "12":"BombsiteB",
  "13":"BombsiteB",
  "14":"BombsiteA"
 },
 "X":{
  "0":-623.1294555664,
  "1":-566.2741699219,
  "2":-612.7740478516,
  "3":-555.4510498047,
  "4":-1900.6398925781,
  "5":-1900.6398925781,
  "6":-618.8892211914,
  "7":-674.9622192383,
  "8":-1969.03125,
  "9":-1968.9262695312,
  "10":-494.1918945312,
  "11":-497.951171875,
  "12":-1969.0291748047,
  "13":-1969.0291748047,
  "14":-585.6064453125
 },
 "Y":{
  "0":-2167.1899414062,
  "1":-2146.3037109375,
  "2":-2167.6437988281,
  "3":-2182.9516601562,
  "4":242.0319366455,
  "5":242.0319366455,
  "6":-1986.6181640625,
  "7":-2011.8929443359,
  "8":450.03125,
  "9":501.9825439453,
  "10":-2012.2322998047,
  "11":-1999.46875,
  "12":450.03125,
  "13":450.03125,
  "14":-2215.5788574219
 },
 "Z":{
  "0":-179.96875,
  "1":-179.96875,
  "2":-179.96875,
  "3":-179.96875,
  "4":-159.96875,
  "5":-159.96875,
  "6":-179.96875,
  "7":-179.96875,
  "8":-159.96875,
  "9":-167.4634399414,
  "10":-179.96875,
  "11":-179.96875,
  "12":-159.96875,
  "13":-159.96875,
  "14":-179.96875
 },
 "round":{
  "0":1,
  "1":1,
  "2":3,
  "3":3,
  "4":4,
  "5":4,
  "6":5,
  "7":5,
  "8":9,
  "9":9,
  "10":11,
  "11":13,
  "12":14,
  "13":14,
  "14":18
 }
}