{
 "tick":{
  "0":6017,
  "1":11730,
  "2":18225,
  "3":20849,
  "4":30896,
  "5":33520,
  "6":38926,
  "7":41550,
  "8":50419,
  "9":58505,
  "10":61129,
  "11":70496,
  "12":85618,
  "13":93736,
  "14":102408,
  "15":105032,
  "16":110299,
  "17":112923
 },
 "event":{
  "0":"planted",
  "1":"planted",
  "2":"planted",
  "3":"exploded",
  "4":"planted",
  "5":"exploded",
  "6":"planted",
  "7":"exploded",
  "8":"planted",
  "9":"planted",
  "10":"exploded",
  "11":"planted",
  "12":"planted",
  "13":"planted",
  "14":"planted",
  "15":"exploded",
  "16":"planted",
  "17":"exploded"
 },
 "site":{
  "0":"BombsiteB",
  "1":"BombsiteB",
  "2":"BombsiteA",
  "3":"BombsiteA",
  "4":"BombsiteA",
  "5":"BombsiteA",
  "6":"BombsiteB",
  "7":"BombsiteB",
  "8":"BombsiteA",
  "9":"BombsiteA",
  "10":"BombsiteA",
  "11":"BombsiteB",
  "12":"BombsiteA",
  "13":"BombsiteB",
  "14":"BombsiteA",
  "15":"BombsiteA",
  "16":"BombsiteA",
  "17":"BombsiteA"
 },
 "X":{
  "0":-2247.8615722656,
  "1":-2216.03125,
  "2":-347.03125,
  "3":-347.03125,
  "4":-84.1796264648,
  "5":-84.1796264648,
  "6":-2223.9653320312,
  "7":-2223.9653320312,
  "8":-359.046875,
  "9":-362.4581298828,
  "10":-362.4581298828,
  "11":-2216.0344238281,
  "12":-358.5108642578,
  "13":-2146.03125,
  "14":-347.5935058594,
  "15":-347.5935058594,
  "16":-360.159362793,
  "17":-360.159362793
 },
 "Y":{
  "0":881.7294311523,
  "1":879.0647583008,
  "2":-682.8167114258,
  "3":-682.8167114258,
  "4":-732.0313110352,
  "5":-732.0313110352,
  "6":867.8324584961,
  "7":867.8324584961,
  "8":-685.4868774414,
  "9":-686.2451171875,
  "10":-686.2451171875,
  "11":876.3289794922,
  "12":-685.3682250977,
  "13":741.8318481445,
  "14":-694.1770019531,
  "15":-694.1770019531,
  "16":-685.7341918945,
  "17":-685.7341918945
 },
 "Z":{
  "0":11744.03125,
  "1":11744.03125,
  "2":11774.1337890625,
  "3":11774.1337890625,
  "4":11776.03125,
  "5":11776.03125,
  "6":11744.03125,
  "7":11744.03125,
  "8":11774.4677734375,
  "9":11774.5625,
  "10":11774.5625,
  "11":11744.03125,
  "12":11774.4521484375,
  "13":11744.03125,
  "14":11775.5537109375,
  "15":11775.5537109375,
  "16":11774.498046875,
  "17":11774.498046875
 },
 "round":{
  "0":1,
  "1":2,
  "2":3,
  "3":3,
  "4":4,
  "5":4,
  "6":5,
  "7":5,
  "8":6,
  "9":7,
  "10":7,
  "11":9,
  "12":11,
  "13":12,
  "14":13,
  "15":13,
  "16":14,
  "17":14
 }
}