{
 "tick":{
  "0":3911,
  "1":10013,
  "2":19804,
  "3":21585,
  "4":43287,
  "5":59290,
  "6":61914,
  "7":68782,
  "8":71406,
  "9":79782,
  "10":82406,
  "11":157391,
  "12":160015
 },
 "event":{
  "0":"planted",
  "1":"planted",
  "2":"planted",
  "3":"defused",
  "4":"planted",
  "5":"planted",
  "6":"exploded",
  "7":"planted",
  "8":"exploded",
  "9":"planted",
  "10":"exploded",
  "11":"planted",
  "12":"exploded"
 },
 "site":{
  "0":"BombsiteB",
  "1":"BombsiteB",
  "2":"BombsiteA",
  "3":"BombsiteA",
  "4":"BombsiteB",
  "5":"BombsiteB",
  "6":"BombsiteB",
  "7":"BombsiteA",
  "8":"BombsiteA",
  "9":"BombsiteB",
  "10":"BombsiteB",
  "11":"BombsiteA",
  "12":"BombsiteA"
 },
 "X":{
  "0":-952.0080566406,
  "1":-1166.4135742188,
  "2":-2566.8999023438,
  "3":-2505.6909179688,
  "4":-1251.96875,
  "5":-1201.6370849609,
  "6":-1201.6370849609,
  "7":-2497.0209960938,
  "8":-2497.0209960938,
  "9":-1166.3182373047,
  "10":-1166.3182373047,
  "11":-2594.2216796875,
  "12":-2594.2216796875
 },
 "Y":{
  "0":-105.3296508789,
  "1":-70.2891845703,
  "2":622.9733276367,
  "3":615.3596801758,
  "4":5.0312495232,
  "5":87.9846038818,
  "6":87.9846038818,
  "7":799.0491943359,
  "8":799.0491943359,
  "9":-60.9326171875,
  "10":-60.9326171875,
  "11":638.1605224609,
  "12":638.1605224609
 },
 "Z":{
  "0":100.03125,
  "1":104.631111145,
  "2":484.03125,
  "3":484.03125,
  "4":103.53125,
  "5":103.53125,
  "6":103.53125,
  "7":476.5295715332,
  "8":476.5295715332,
  "9":104.0677642822,
  "10":104.0677642822,
  "11":484.03125,
  "12":484.03125
 },
 "round":{
  "0":1,
  "1":2,
  "2":3,
  "3":3,
  "4":6,
  "5":8,
  "6":8,
  "7":9,
  "8":9,
  "9":10,
  "10":10,
  "11":20,
  "12":20
 }
}