{
 "tick":{
  "0":2220,
  "1":4844,
  "2":11306,
  "3":13930,
  "4":22061,
  "5":24195,
  "6":40548,
  "7":43172,
  "8":58861,
  "9":60950,
  "10":75722,
  "11":77349,
  "12":83079,
  "13":98412,
  "14":136842,
  "15":139740,
  "16":164089,
  "17":195580
 },
 "event":{
  "0":"planted",
  "1":"exploded",
  "2":"planted",
  "3":"exploded",
  "4":"planted",
  "5":"defused",
  "6":"planted",
  "7":"exploded",
  "8":"planted",
  "9":"defused",
  "10":"planted",
  "11":"defused",
  "12":"planted",
  "13":"planted",
  "14":"planted",
  "15":"planted",
  "16":"planted",
  "17":"planted"
 },
 "site":{
  "0":"BombsiteA",
  "1":"BombsiteA",
  "2":"BombsiteB",
  "3":"BombsiteB",
  "4":"BombsiteA",
  "5":"BombsiteA",
  "6":"BombsiteB",
  "7":"BombsiteB",
  "8":"BombsiteB",
  "9":"BombsiteB",
  "10":"BombsiteB",
  "11":"BombsiteB",
  "12":"BombsiteA",
  "13":"BombsiteB",
  "14":"BombsiteA",
  "15":"BombsiteA",
  "16":"BombsiteA",
  "17":"BombsiteB"
 },
 "X":{
  "0":552.9132080078,
  "1":552.9132080078,
  "2":640.4154663086,
  "3":640.4154663086,
  "4":498.5785217285,
  "5":508.5678100586,
  "6":762.856262207,
  "7":762.856262207,
  "8":826.8978881836,
  "9":874.6447143555,
  "10":361.6310119629,
  "11":406.5284423828,
  "12":497.5757446289,
  "13":719.3045043945,
  "14":642.356628418,
  "15":496.0324401855,
  "16":723.5545043945,
  "17":340.0313720703
 },
 "Y":{
  "0":-736.0444335938,
  "1":-736.0444335938,
  "2":-1277.0375976562,
  "3":-1277.0375976562,
  "4":-934.1105957031,
  "5":-875.7982177734,
  "6":-1138.9089355469,
  "7":-1138.9089355469,
  "8":-1145.9169921875,
  "9":-1109.5974121094,
  "10":-706.1204833984,
  "11":-695.9253540039,
  "12":-779.1266479492,
  "13":-1124.0367431641,
  "14":-924.0778808594,
  "15":-944.3165283203,
  "16":-772.6318969727,
  "17":-698.7094726562
 },
 "Z":{
  "0":-399.96875,
  "1":-399.96875,
  "2":-769.96875,
  "3":-769.96875,
  "4":-410.6159667969,
  "5":-399.96875,
  "6":-768.96875,
  "7":-768.96875,
  "8":-765.96875,
  "9":-767.96875,
  "10":-765.96875,
  "11":-765.96875,
  "12":-399.96875,
  "13":-752.96875,
  "14":-414.96875,
  "15":-413.7624511719,
  "16":-399.9682617188,
  "17":-765.96875
 },
 "round":{
  "0":1,
  "1":1,
  "2":3,
  "3":3,
  "4":4,
  "5":4,
  "6":6,
  "7":6,
  "8":8,
  "9":8,
  "10":10,
  "11":10,
  "12":11,
  "13":13,
  "14":15,
  "15":16,
  "16":19,
  "17":23
 }
}