{
 "tick":{
  "0":5348,
  "1":13731,
  "2":35380,
  "3":43084,
  "4":48940,
  "5":55787,
  "6":63600,
  "7":66224,
  "8":92026,
  "9":93295
 },
 "event":{
  "0":"planted",
  "1":"planted",
  "2":"planted",
  "3":"planted",
  "4":"planted",
  "5":"planted",
  "6":"planted",
  "7":"exploded",
  "8":"planted",
  "9":"defused"
 },
 "site":{
  "0":"BombsiteB",
  "1":"BombsiteA",
  "2":"BombsiteB",
  "3":"BombsiteA",
  "4":"BombsiteA",
  "5":"BombsiteA",
  "6":"BombsiteB",
  "7":"BombsiteB",
  "8":"BombsiteA",
  "9":"BombsiteA"
 },
 "X":{
  "0":-1987.0323486328,
  "1":-274.6832275391,
  "2":-1934.9681396484,
  "3":-431.171875,
  "4":-597.6692504883,
  "5":-551.7331542969,
  "6":-1987.0314941406,
  "7":-1987.0314941406,
  "8":-493.7570800781,
  "9":-499.1754760742
 },
 "Y":{
  "0":428.3226623535,
  "1":-2156.5151367188,
  "2":242.0314025879,
  "3":-1996.1878662109,
  "4":-2155.6008300781,
  "5":-1975.4237060547,
  "6":376.5805969238,
  "7":376.5805969238,
  "8":-2022.6899414062,
  "9":-1964.4444580078
 },
 "Z":{
  "0":-159.96875,
  "1":-173.6420898438,
  "2":-159.96875,
  "3":-179.96875,
  "4":-179.96875,
  "5":-179.96875,
  "6":-159.96875,
  "7":-159.96875,
  "8":-179.96875,
  "9":-179.96875
 },
 "round":{
  "0":1,
  "1":2,
  "2":5,
  "3":6,
  "4":7,
  "5":8,
  "6":9,
  "7":9,
  "8":12,
  "9":12
 }
}