{
 "tick":{
  "0":7099,
  "1":16212,
  "2":24547,
  "3":27171,
  "4":46738,
  "5":49362,
  "6":65722,
  "7":68346,
  "8":76755,
  "9":78630,
  "10":86539,
  "11":98056
 },
 "event":{
  "0":"planted",
  "1":"planted",
  "2":"planted",
  "3":"exploded",
  "4":"planted",
  "5":"exploded",
  "6":"planted",
  "7":"exploded",
  "8":"planted",
  "9":"defused",
  "10":"planted",
  "11":"planted"
 },
 "site":{
  "0":"BombsiteA",
  "1":"BombsiteB",
  "2":"BombsiteA",
  "3":"BombsiteA",
  "4":"BombsiteA",
  "5":"BombsiteA",
  "6":"BombsiteB",
  "7":"BombsiteB",
  "8":"BombsiteA",
  "9":"BombsiteA",
  "10":"BombsiteB",
  "11":"BombsiteA"
 },
 "X":{
  "0":-2576.1459960938,
  "1":-1166.2467041016,
  "2":-2579.9934082031,
  "3":-2579.9934082031,
  "4":-2532.6091308594,
  "5":-2532.6091308594,
  "6":-1165.6015625,
  "7":-1165.6015625,
  "8":-2149.0847167969,
  "9":-2208.46484375,
  "10":-1166.2481689453,
  "11":-2076.7314453125
 },
 "Y":{
  "0":641.0361328125,
  "1":-82.9909057617,
  "2":638.4667358398,
  "3":638.4667358398,
  "4":647.8380126953,
  "5":647.8380126953,
  "6":-45.4588623047,
  "7":-45.4588623047,
  "8":570.3823852539,
  "9":583.5779418945,
  "10":-102.0287475586,
  "11":731.0607910156
 },
 "Z":{
  "0":484.03125,
  "1":103.6450653076,
  "2":484.03125,
  "3":484.03125,
  "4":484.0312194824,
  "5":484.0312194824,
  "6":103.53125,
  "7":103.53125,
  "8":522.1334838867,
  "9":476.53125,
  "10":103.6537246704,
  "11":476.03125
 },
 "round":{
  "0":1,
  "1":2,
  "2":3,
  "3":3,
  "4":6,
  "5":6,
  "6":8,
  "7":8,
  "8":9,
  "9":9,
  "10":10,
  "11":11
 }
}