{
 "tick":{
  "0":2235,
  "1":3649,
  "2":23936,
  "3":26560,
  "4":32221,
  "5":34845,
  "6":44622,
  "7":46122,
  "8":70757,
  "9":79675,
  "10":83828,
  "11":91721,
  "12":144366,
  "13":145981
 },
 "event":{
  "0":"planted",
  "1":"defused",
  "2":"planted",
  "3":"exploded",
  "4":"planted",
  "5":"exploded",
  "6":"planted",
  "7":"defused",
  "8":"planted",
  "9":"planted",
  "10":"planted",
  "11":"planted",
  "12":"planted",
  "13":"defused"
 },
 "site":{
  "0":"BombsiteA",
  "1":"BombsiteA",
  "2":"BombsiteB",
  "3":"BombsiteB",
  "4":"BombsiteB",
  "5":"BombsiteB",
  "6":"BombsiteA",
  "7":"BombsiteA",
  "8":"BombsiteA",
  "9":"BombsiteB",
  "10":"BombsiteB",
  "11":"BombsiteB",
  "12":"BombsiteA",
  "13":"BombsiteA"
 },
 "X":{
  "0":-296.9978027344,
  "1":-237.7655029297,
  "2":-1969.03125,
  "3":-1969.03125,
  "4":-1969.03125,
  "5":-1969.03125,
  "6":-253.96875,
  "7":-308.4611816406,
  "8":-494.5358886719,
  "9":-1987.0316162109,
  "10":-1871.2423095703,
  "11":-1969.0313720703,
  "12":-253.9709472656,
  "13":-301.9350585938
 },
 "Y":{
  "0":-2162.4299316406,
  "1":-2151.7976074219,
  "2":450.0313720703,
  "3":450.0313720703,
  "4":450.03125,
  "5":450.03125,
  "6":-2141.2768554688,
  "7":-2169.9829101562,
  "8":-2003.9083251953,
  "9":430.0547790527,
  "10":322.9276733398,
  "11":450.03125,
  "12":-2134.0732421875,
  "13":-2172.7512207031
 },
 "Z":{
  "0":-174.1080322266,
  "1":-172.2943115234,
  "2":-159.96875,
  "3":-159.96875,
  "4":-159.96875,
  "5":-159.96875,
  "6":-173.2670288086,
  "7":-173.9461669922,
  "8":-179.96875,
  "9":-159.96875,
  "10":-159.96875,
  "11":-159.96875,
  "12":-172.9470214844,
  "13":-173.4100341797
 },
 "round":{
  "0":1,
  "1":1,
  "2":4,
  "3":4,
  "4":5,
  "5":5,
  "6":6,
  "7":6,
  "8":9,
  "9":10,
  "10":11,
  "11":12,
  "12":19,
  "13":19
 }
}