{
 "tick":{
  "0":3964,
  "1":5834,
  "2":22072,
  "3":24696,
  "4":57037,
  "5":63291,
  "6":67930,
  "7":70554,
  "8":90080,
  "9":111687,
  "10":113329,
  "11":134058,
  "12":135726,
  "13":140079,
  "14":140849
 },
 "event":{
  "0":"planted",
  "1":"defused",
  "2":"planted",
  "3":"exploded",
  "4":"planted",
  "5":"planted",
  "6":"planted",
  "7":"exploded",
  "8":"planted",
  "9":"planted",
  "10":"defused",
  "11":"planted",
  "12":"defused",
  "13":"planted",
  "14":"defused"
 },
 "site":{
  "0":"BombsiteB",
  "1":"BombsiteB",
  "2":"BombsiteA",
  "3":"BombsiteA",
  "4":"BombsiteB",
  "5":"BombsiteA",
  "6":"BombsiteB",
  "7":"BombsiteB",
  "8":"BombsiteB",
  "9":"BombsiteB",
  "10":"BombsiteB",
  "11":"BombsiteB",
  "12":"BombsiteB",
  "13":"BombsiteA",
  "14":"BombsiteA"
 },
 "X":{
  "0":779.5287475586,
  "1":838.0609741211,
  "2":-1231.9694824219,
  "3":-1231.9694824219,
  "4":1108.7797851562,
  "5":-1212.8438720703,
  "6":853.1378173828,
  "7":853.1378173828,
  "8":831.3399047852,
  "9":789.3928222656,
  "10":750.573059082,
  "11":1033.7286376953,
  "12":1094.6239013672,
  "13":-1241.7143554688,
  "14":-1265.2172851562
 },
 "Y":{
  "0":4.9683003426,
  "1":-4.2461547852,
  "2":729.9686279297,
  "3":729.9686279297,
  "4":53.4498825073,
  "5":898.6618652344,
  "6":-93.9840698242,
  "7":-93.9840698242,
  "8":-89.5863647461,
  "9":4.9686598778,
  "10":-17.9776611328,
  "11":-54.3487548828,
  "12":-56.7810668945,
  "13":729.9696655273,
  "14":705.7341308594
 },
 "Z":{
  "0":130.9011230469,
  "1":130.9011230469,
  "2":56.03125,
  "3":56.03125,
  "4":134.03125,
  "5":62.03125,
  "6":134.03125,
  "7":134.03125,
  "8":134.03125,
  "9":130.9011230469,
  "10":130.03125,
  "11":134.03125,
  "12":134.03125,
  "13":56.03125,
  "14":56.03125
 },
 "round":{
  "0":1,
  "1":1,
  "2":4,
  "3":4,
  "4":9,
  "5":10,
  "6":11,
  "7":11,
  "8":15,
  "9":17,
  "10":17,
  "11":20,
  "12":20,
  "13":21,
  "14":21
 }
}