{
 "tick":{
  "0":2332,
  "1":4956,
  "2":16770,
  "3":31199,
  "4":41789,
  "5":46291,
  "6":53097,
  "7":61436,
  "8":63461,
  "9":69365,
  "10":76911
 },
 "event":{
  "0":"planted",
  "1":"exploded",
  "2":"planted",
  "3":"planted",
  "4":"planted",
  "5":"planted",
  "6":"planted",
  "7":"planted",
  "8":"defused",
  "9":"planted",
  "10":"planted"
 },
 "site":{
  "0":"BombsiteB",
  "1":"BombsiteB",
  "2":"BombsiteB",
  "3":"BombsiteA",
  "4":"BombsiteA",
  "5":"BombsiteB",
  "6":"BombsiteB",
  "7":"BombsiteB",
  "8":"BombsiteB",
  "9":"BombsiteB",
  "10":"BombsiteA"
 },
 "X":{
  "0":-2216.0319824219,
  "1":-2216.0319824219,
  "2":-2341.0986328125,
  "3":-367.7800292969,
  "4":-354.2160644531,
  "5":-2216.029296875,
  "6":-2216.03125,
  "7":-2216.0314941406,
  "8":-2246.4587402344,
  "9":-2216.03125,
  "10":-360.0203857422
 },
 "Y":{
  "0":875.348449707,
  "1":875.348449707,
  "2":884.5399169922,
  "3":-687.4276123047,
  "4":-510.9682617188,
  "5":866.2641601562,
  "6":871.8942260742,
  "7":874.3314819336,
  "8":822.4709472656,
  "9":869.7950439453,
  "10":-685.7000732422
 },
 "Z":{
  "0":11744.03125,
  "1":11744.03125,
  "2":11744.03125,
  "3":11774.7099609375,
  "4":11776.03125,
  "5":11744.03125,
  "6":11744.03125,
  "7":11744.03125,
  "8":11744.03125,
  "9":11744.03125,
  "10":11774.494140625
 },
 "round":{
  "0":1,
  "1":1,
  "2":3,
  "3":5,
  "4":6,
  "5":7,
  "6":8,
  "7":9,
  "8":9,
  "9":10,
  "10":11
 }
}