{
 "tick":{
  "0":42541,
  "1":45165,
  "2":84220,
  "3":91847
 },
 "event":{
  "0":"planted",
  "1":"exploded",
  "2":"planted",
  "3":"planted"
 },
 "site":{
  "0":"BombsiteA",
  "1":"BombsiteA",
  "2":"BombsiteB",
  "3":"BombsiteB"
 },
 "X":{
  "0":1966.0314941406,
  "1":1966.0314941406,
  "2":463.0313415527,
  "3":283.6886901855
 },
 "Y":{
  "0":721.9715576172,
  "1":721.9715576172,
  "2":2672.3444824219,
  "3":2554.083984375
 },
 "Z":{
  "0":160.03125,
  "1":160.03125,
  "2":164.03125,
  "3":161.53125
 },
 "round":{
  "0":8,
  "1":8,
  "2":14,
  "3":15
 }
}