{
 "tick":{
  "0":15823,
  "1":25204,
  "2":27828,
  "3":34974,
  "4":41700,
  "5":44324,
  "6":55191,
  "7":73950,
  "8":81766,
  "9":83942,
  "10":97495,
  "11":98116,
  "12":104995,
  "13":131061,
  "14":146760,
  "15":148842
 },
 "event":{
  "0":"planted",
  "1":"planted",
  "2":"exploded",
  "3":"planted",
  "4":"planted",
  "5":"exploded",
  "6":"planted",
  "7":"planted",
  "8":"planted",
  "9":"defused",
  "10":"planted",
  "11":"defused",
  "12":"planted",
  "13":"planted",
  "14":"planted",
  "15":"defused"
 },
 "site":{
  "0":"BombsiteA",
  "1":"BombsiteB",
  "2":"BombsiteB",
  "3":"BombsiteA",
  "4":"BombsiteA",
  "5":"BombsiteA",
  "6":"BombsiteA",
  "7":"BombsiteB",
  "8":"BombsiteB",
  "9":"BombsiteB",
  "10":"BombsiteB",
  "11":"BombsiteB",
  "12":"BombsiteB",
  "13":"BombsiteA",
  "14":"BombsiteB",
  "15":"BombsiteB"
 },
 "X":{
  "0":585.4925537109,
  "1":340.0313720703,
  "2":340.0313720703,
  "3":687.6937255859,
  "4":609.2189331055,
  "5":609.2189331055,
  "6":862.0497436523,
  "7":386.9552307129,
  "8":340.0317382812,
  "9":350.2624206543,
  "10":656.5131225586,
  "11":655.6494140625,
  "12":645.9350585938,
  "13":753.6795043945,
  "14":625.9623413086,
  "15":564.6561889648
 },
 "Y":{
  "0":-760.3743286133,
  "1":-798.6467895508,
  "2":-798.6467895508,
  "3":-895.0412597656,
  "4":-768.0357055664,
  "5":-768.0357055664,
  "6":-515.6390380859,
  "7":-783.9579467773,
  "8":-875.5333251953,
  "9":-936.4053955078,
  "10":-1310.2722167969,
  "11":-1330.4953613281,
  "12":-1319.7113037109,
  "13":-772.329284668,
  "14":-1256.0075683594,
  "15":-1265.0588378906
 },
 "Z":{
  "0":-399.96875,
  "1":-771.96875,
  "2":-771.96875,
  "3":-410.2281494141,
  "4":-415.96875,
  "5":-415.96875,
  "6":-408.2618408203,
  "7":-771.96875,
  "8":-771.96875,
  "9":-771.96875,
  "10":-765.96875,
  "11":-765.96875,
  "12":-765.96875,
  "13":-399.9682617188,
  "14":-767.2711791992,
  "15":-769.96875
 },
 "round":{
  "0":3,
  "1":4,
  "2":4,
  "3":5,
  "4":6,
  "5":6,
  "6":7,
  "7":8,
  "8":9,
  "9":9,
  "10":11,
  "11":11,
  "12":12,
  "13":17,
  "14":19,
  "15":19
 }
}