{
 "tick":{
  "0":6699,
  "1":8403,
  "2":17805,
  "3":19228,
  "4":34677,
  "5":36173,
  "6":42054,
  "7":62133,
  "8":64757,
  "9":78568,
  "10":79857,
  "11":87170,
  "12":98730,
  "13":106478,
  "14":109102,
  "15":114162,
  "16":116786
 },
 "event":{
  "0":"planted",
  "1":"defused",
  "2":"planted",
  "3":"defused",
  "4":"planted",
  "5":"defused",
  "6":"planted",
  "7":"planted",
  "8":"exploded",
  "9":"planted",
  "10":"defused",
  "11":"planted",
  "12":"planted",
  "13":"planted",
  "14":"exploded",
  "15":"planted",
  "16":"exploded"
 },
 "site":{
  "0":"BombsiteA",
  "1":"BombsiteA",
  "2":"BombsiteB",
  "3":"BombsiteB",
  "4":"BombsiteB",
  "5":"BombsiteB",
  "6":"BombsiteB",
  "7":"BombsiteA",
  "8":"BombsiteA",
  "9":"BombsiteA",
  "10":"BombsiteA",
  "11":"BombsiteB",
  "12":"BombsiteA",
  "13":"BombsiteA",
  "14":"BombsiteA",
  "15":"BombsiteA",
  "16":"BombsiteA"
 },
 "X":{
  "0":1288.3227539062,
  "1":1284.5079345703,
  "2":-1136.0313720703,
  "3":-1136.0285644531,
  "4":-1027.3697509766,
  "5":-1011.2809448242,
  "6":-1136.03125,
  "7":1259.3854980469,
  "8":1259.3854980469,
  "9":1104.7778320312,
  "10":1078.7073974609,
  "11":-1047.2546386719,
  "12":1267.12890625,
  "13":1286.1895751953,
  "14":1286.1895751953,
  "15":1278.7136230469,
  "16":1278.7136230469
 },
 "Y":{
  "0":1913.1607666016,
  "1":1929.8630371094,
  "2":699.96875,
  "3":699.96875,
  "4":599.9669189453,
  "5":541.5123901367,
  "6":699.9686279297,
  "7":1830.8579101562,
  "8":1830.8579101562,
  "9":1963.4139404297,
  "10":1907.8015136719,
  "11":599.9682006836,
  "12":1796.1049804688,
  "13":1956.6779785156,
  "14":1956.6779785156,
  "15":1942.6343994141,
  "16":1942.6343994141
 },
 "Z":{
  "0":-191.96875,
  "1":-191.96875,
  "2":-1.96875,
  "3":-1.96875,
  "4":-1.96875,
  "5":0.03125,
  "6":-1.96875,
  "7":-183.484375,
  "8":-183.484375,
  "9":-191.96875,
  "10":-191.96875,
  "11":-1.96875,
  "12":-183.003112793,
  "13":-191.96875,
  "14":-191.96875,
  "15":-181.9508056641,
  "16":-181.9508056641
 },
 "round":{
  "0":1,
  "1":1,
  "2":2,
  "3":2,
  "4":4,
  "5":4,
  "6":5,
  "7":8,
  "8":8,
  "9":10,
  "10":10,
  "11":11,
  "12":13,
  "13":15,
  "14":15,
  "15":16,
  "16":16
 }
}