{
 "tick":{
  "0":2578,
  "1":14930,
  "2":28726,
  "3":36087,
  "4":63047,
  "5":65671,
  "6":73500,
  "7":76124,
  "8":88616,
  "9":103280,
  "10":104561,
  "11":113975,
  "12":116599
 },
 "event":{
  "0":"planted",
  "1":"planted",
  "2":"planted",
  "3":"planted",
  "4":"planted",
  "5":"exploded",
  "6":"planted",
  "7":"exploded",
  "8":"planted",
  "9":"planted",
  "10":"defused",
  "11":"planted",
  "12":"exploded"
 },
 "site":{
  "0":"BombsiteB",
  "1":"BombsiteB",
  "2":"BombsiteA",
  "3":"BombsiteB",
  "4":"BombsiteB",
  "5":"BombsiteB",
  "6":"BombsiteA",
  "7":"BombsiteA",
  "8":"BombsiteB",
  "9":"BombsiteB",
  "10":"BombsiteB",
  "11":"BombsiteB",
  "12":"BombsiteB"
 },
 "X":{
  "0":814.0475463867,
  "1":803.2002563477,
  "2":-1280.0313720703,
  "3":804.4286499023,
  "4":869.0317382812,
  "5":869.0317382812,
  "6":-1552.5451660156,
  "7":-1552.5451660156,
  "8":869.0314941406,
  "9":869.0313720703,
  "10":915.780456543,
  "11":669.9599609375,
  "12":669.9599609375
 },
 "Y":{
  "0":4.9686923027,
  "1":4.9696116447,
  "2":791.8187866211,
  "3":4.9682221413,
  "4":51.9332962036,
  "5":51.9332962036,
  "6":698.8260498047,
  "7":698.8260498047,
  "8":67.6814117432,
  "9":58.7302780151,
  "10":97.2787094116,
  "11":211.1728515625,
  "12":211.1728515625
 },
 "Z":{
  "0":130.9011230469,
  "1":130.9011230469,
  "2":54.03125,
  "3":130.9011230469,
  "4":130.9011077881,
  "5":130.9011077881,
  "6":56.03125,
  "7":56.03125,
  "8":130.9011077881,
  "9":130.9011077881,
  "10":130.03125,
  "11":134.03125,
  "12":134.03125
 },
 "round":{
  "0":1,
  "1":2,
  "2":4,
  "3":5,
  "4":9,
  "5":9,
  "6":10,
  "7":10,
  "8":12,
  "9":15,
  "10":15,
  "11":16,
  "12":16
 }
}