{
 "tick":{
  "0":8528,
  "1":44700,
  "2":50122,
  "3":52746,
  "4":59249,
  "5":66902,
  "6":72241,
  "7":74125,
  "8":90513,
  "9":96291,
  "10":98915,
  "11":116054,
  "12":122829,
  "13":125166,
  "14":132217,
  "15":134374,
  "16":143100,
  "17":145724,
  "18":154182,
  "19":158851
 },
 "event":{
  "0":"planted",
  "1":"planted",
  "2":"planted",
  "3":"exploded",
  "4":"planted",
  "5":"planted",
  "6":"planted",
  "7":"defused",
  "8":"planted",
  "9":"planted",
  "10":"exploded",
  "11":"planted",
  "12":"planted",
  "13":"defused",
  "14":"planted",
  "15":"defused",
  "16":"planted",
  "17":"exploded",
  "18":"planted",
  "19":"planted"
 },
 "site":{
  "0":"BombsiteA",
  "1":"BombsiteB",
  "2":"BombsiteB",
  "3":"BombsiteB",
  "4":"BombsiteA",
  "5":"BombsiteA",
  "6":"BombsiteA",
  "7":"BombsiteA",
  "8":"BombsiteA",
  "9":"BombsiteB",
  "10":"BombsiteB",
  "11":"BombsiteA",
  "12":"BombsiteA",
  "13":"BombsiteA",
  "14":"BombsiteA",
  "15":"BombsiteA",
  "16":"BombsiteA",
  "17":"BombsiteA",
  "18":"BombsiteA",
  "19":"BombsiteA"
 },
 "X":{
  "0":-293.6634521484,
  "1":-2216.03125,
  "2":-2216.0307617188,
  "3":-2216.0307617188,
  "4":-350.0869750977,
  "5":-347.03125,
  "6":-114.0313110352,
  "7":-117.7633666992,
  "8":-317.5991210938,
  "9":-2216.03125,
  "10":-2216.03125,
  "11":-294.8479003906,
  "12":-355.8211669922,
  "13":-355.4884033203,
  "14":-358.0635986328,
  "15":-371.2777099609,
  "16":-324.3473510742,
  "17":-324.3473510742,
  "18":-311.6546630859,
  "19":-377.8185424805
 },
 "Y":{
  "0":-713.0313110352,
  "1":878.7457885742,
  "2":883.2213745117,
  "3":883.2213745117,
  "4":-709.221862793,
  "5":-682.8138427734,
  "6":-540.03125,
  "7":-598.2263183594,
  "8":-612.9685058594,
  "9":883.2018432617,
  "10":883.2018432617,
  "11":-713.0325927734,
  "12":-684.7702636719,
  "13":-746.6636352539,
  "14":-685.2678222656,
  "15":-690.6835327148,
  "16":-714.7960205078,
  "17":-714.7960205078,
  "18":-724.5924072266,
  "19":-689.0313720703
 },
 "Z":{
  "0":11776.03125,
  "1":11744.03125,
  "2":11744.03125,
  "3":11744.03125,
  "4":11776.03125,
  "5":11774.1328125,
  "6":11776.03125,
  "7":11776.03125,
  "8":11774.03125,
  "9":11744.03125,
  "10":11744.03125,
  "11":11776.03125,
  "12":11774.3779296875,
  "13":11779.5322265625,
  "14":11774.4404296875,
  "15":11775.1171875,
  "16":11776.03125,
  "17":11776.03125,
  "18":11776.03125,
  "19":11774.91015625
 },
 "round":{
  "0":2,
  "1":7,
  "2":8,
  "3":8,
  "4":9,
  "5":10,
  "6":11,
  "7":11,
  "8":13,
  "9":14,
  "10":14,
  "11":16,
  "12":17,
  "13":17,
  "14":18,
  "15":18,
  "16":19,
  "17":19,
  "18":20,
  "19":21
 }
}