{
 "tick":{
  "0":17792,
  "1":68263,
  "2":69770,
  "3":98841,
  "4":106889,
  "5":109513,
  "6":112644,
  "7":128509,
  "8":221940,
  "9":223900,
  "10":259189,
  "11":261813,
  "12":419531
 },
 "event":{
  "0":"planted",
  "1":"planted",
  "2":"defused",
  "3":"planted",
  "4":"planted",
  "5":"exploded",
  "6":"planted",
  "7":"planted",
  "8":"planted",
  "9":"defused",
  "10":"planted",
  "11":"exploded",
  "12":"planted"
 },
 "site":{
  "0":"BombsiteA",
  "1":"BombsiteB",
  "2":"BombsiteB",
  "3":"BombsiteA",
  "4":"BombsiteB",
  "5":"BombsiteB",
  "6":"BombsiteB",
  "7":"BombsiteA",
  "8":"BombsiteB",
  "9":"BombsiteB",
  "10":"BombsiteB",
  "11":"BombsiteB",
  "12":"BombsiteB"
 },
 "X":{
  "0":-1251.7507324219,
  "1":783.0795898438,
  "2":841.5865478516,
  "3":-1211.5880126953,
  "4":781.192199707,
  "5":781.192199707,
  "6":1106.8510742188,
  "7":-1228.2364501953,
  "8":950.4138793945,
  "9":892.3315429688,
  "10":795.4392700195,
  "11":795.4392700195,
  "12":869.0313720703
 },
 "Y":{
  "0":729.9686279297,
  "1":4.9698491096,
  "2":-7.8882446289,
  "3":969.9716796875,
  "4":4.9673900604,
  "5":4.9673900604,
  "6":60.0960388184,
  "7":722.9778442383,
  "8":-93.6732177734,
  "9":-72.1721191406,
  "10":4.9682602882,
  "11":4.9682602882,
  "12":56.9629135132
 },
 "Z":{
  "0":56.03125,
  "1":130.9011230469,
  "2":130.03125,
  "3":56.03125,
  "4":130.9011230469,
  "5":130.9011230469,
  "6":134.03125,
  "7":56.03125,
  "8":134.03125,
  "9":134.03125,
  "10":130.9011230469,
  "11":130.9011230469,
  "12":130.9011077881
 },
 "round":{
  "0":3,
  "1":10,
  "2":10,
  "3":12,
  "4":13,
  "5":13,
  "6":14,
  "7":16,
  "8":18,
  "9":18,
  "10":21,
  "11":21,
  "12":23
 }
}