{
 "tick":{
  "0":3355,
  "1":5979,
  "2":20577,
  "3":22588,
  "4":29745,
  "5":31673,
  "6":38369,
  "7":40256,
  "8":81362,
  "9":83986,
  "10":101748,
  "11":104372,
  "12":109069,
  "13":111693
 },
 "event":{
  "0":"planted",
  "1":"exploded",
  "2":"planted",
  "3":"defused",
  "4":"planted",
  "5":"defused",
  "6":"planted",
  "7":"defused",
  "8":"planted",
  "9":"exploded",
  "10":"planted",
  "11":"exploded",
  "12":"planted",
  "13":"exploded"
 },
 "site":{
  "0":"BombsiteA",
  "1":"BombsiteA",
  "2":"BombsiteA",
  "3":"BombsiteA",
  "4":"BombsiteB",
  "5":"BombsiteB",
  "6":"BombsiteA",
  "7":"BombsiteA",
  "8":"BombsiteB",
  "9":"BombsiteB",
  "10":"BombsiteB",
  "11":"BombsiteB",
  "12":"BombsiteB",
  "13":"BombsiteB"
 },
 "X":{
  "0":2012.044921875,
  "1":2012.044921875,
  "2":2130.3542480469,
  "3":2090.1662597656,
  "4":544.9503173828,
  "5":492.6366271973,
  "6":1849.0179443359,
  "7":1829.3674316406,
  "8":543.9725341797,
  "9":543.9725341797,
  "10":541.2813720703,
  "11":541.2813720703,
  "12":544.0850219727,
  "13":544.0850219727
 },
 "Y":{
  "0":710.5061035156,
  "1":710.5061035156,
  "2":176.9772491455,
  "3":131.9266967773,
  "4":2927.2514648438,
  "5":2954.7431640625,
  "6":314.8524475098,
  "7":370.3374023438,
  "8":2887.0876464844,
  "9":2887.0876464844,
  "10":2922.6887207031,
  "11":2922.6887207031,
  "12":2943.32421875,
  "13":2943.32421875
 },
 "Z":{
  "0":160.03125,
  "1":160.03125,
  "2":160.03125,
  "3":143.3523864746,
  "4":161.5312347412,
  "5":161.5312347412,
  "6":161.0312194824,
  "7":161.1312103271,
  "8":161.5312347412,
  "9":161.5312347412,
  "10":161.5312347412,
  "11":161.5312347412,
  "12":161.5312347412,
  "13":161.5312347412
 },
 "round":{
  "0":1,
  "1":1,
  "2":3,
  "3":3,
  "4":4,
  "5":4,
  "6":5,
  "7":5,
  "8":10,
  "9":10,
  "10":13,
  "11":13,
  "12":14,
  "13":14
 }
}