{
 "tick":{
  "0":16283,
  "1":24217,
  "2":39438,
  "3":61770,
  "4":64394,
  "5":72203,
  "6":74827,
  "7":88774,
  "8":95467,
  "9":102073,
  "10":119818,
  "11":122442,
  "12":127458,
  "13":128628,
  "14":136488,
  "15":139112,
  "16":147133,
  "17":148735
 },
 "event":{
  "0":"planted",
  "1":"planted",
  "2":"planted",
  "3":"planted",
  "4":"exploded",
  "5":"planted",
  "6":"exploded",
  "7":"planted",
  "8":"planted",
  "9":"planted",
  "10":"planted",
  "11":"exploded",
  "12":"planted",
  "13":"defused",
  "14":"planted",
  "15":"exploded",
  "16":"planted",
  "17":"defused"
 },
 "site":{
  "0":"BombsiteB",
  "1":"BombsiteB",
  "2":"BombsiteB",
  "3":"BombsiteB",
  "4":"BombsiteB",
  "5":"BombsiteB",
  "6":"BombsiteB",
  "7":"BombsiteB",
  "8":"BombsiteA",
  "9":"BombsiteA",
  "10":"BombsiteB",
  "11":"BombsiteB",
  "12":"BombsiteB",
  "13":"BombsiteB",
  "14":"BombsiteB",
  "15":"BombsiteB",
  "16":"BombsiteA",
  "17":"BombsiteA"
 },
 "X":{
  "0":-2216.03125,
  "1":-2198.9841308594,
  "2":-2238.8666992188,
  "3":-2271.251953125,
  "4":-2271.251953125,
  "5":-2287.3537597656,
  "6":-2287.3537597656,
  "7":-2216.03125,
  "8":-432.1295166016,
  "9":-351.821472168,
  "10":-2337.8505859375,
  "11":-2337.8505859375,
  "12":-2336.25390625,
  "13":-2283.4899902344,
  "14":-2216.0278320312,
  "15":-2216.0278320312,
  "16":-114.03125,
  "17":-114.7357177734
 },
 "Y":{
  "0":875.2344360352,
  "1":715.4219970703,
  "2":656.0272827148,
  "3":876.7549438477,
  "4":876.7549438477,
  "5":870.4946899414,
  "6":870.4946899414,
  "7":872.751159668,
  "8":-599.967956543,
  "9":-683.8812866211,
  "10":909.8668823242,
  "11":909.8668823242,
  "12":913.6937255859,
  "13":882.3541259766,
  "14":842.8333740234,
  "15":842.8333740234,
  "16":-540.03125,
  "17":-600.3527832031
 },
 "Z":{
  "0":11744.03125,
  "1":11744.03125,
  "2":11744.03125,
  "3":11744.03125,
  "4":11744.03125,
  "5":11744.03125,
  "6":11744.03125,
  "7":11744.03125,
  "8":11774.03125,
  "9":11774.2666015625,
  "10":11744.03125,
  "11":11744.03125,
  "12":11744.03125,
  "13":11744.03125,
  "14":11744.03125,
  "15":11744.03125,
  "16":11776.03125,
  "17":11776.03125
 },
 "round":{
  "0":2,
  "1":3,
  "2":5,
  "3":8,
  "4":8,
  "5":9,
  "6":9,
  "7":11,
  "8":12,
  "9":13,
  "10":16,
  "11":16,
  "12":17,
  "13":17,
  "14":18,
  "15":18,
  "16":19,
  "17":19
 }
}