{
 "tick":{
  "0":3200,
  "1":12112,
  "2":14736,
  "3":21819,
  "4":38736,
  "5":44451,
  "6":47075,
  "7":54718,
  "8":62578,
  "9":65202,
  "10":69158,
  "11":70107,
  "12":98670,
  "13":101294
 },
 "event":{
  "0":"planted",
  "1":"planted",
  "2":"exploded",
  "3":"planted",
  "4":"planted",
  "5":"planted",
  "6":"exploded",
  "7":"planted",
  "8":"planted",
  "9":"exploded",
  "10":"planted",
  "11":"defused",
  "12":"planted",
  "13":"exploded"
 },
 "site":{
  "0":"BombsiteB",
  "1":"BombsiteA",
  "2":"BombsiteA",
  "3":"BombsiteA",
  "4":"BombsiteB",
  "5":"BombsiteB",
  "6":"BombsiteB",
  "7":"BombsiteA",
  "8":"BombsiteB",
  "9":"BombsiteB",
  "10":"BombsiteA",
  "11":"BombsiteA",
  "12":"BombsiteA",
  "13":"BombsiteA"
 },
 "X":{
  "0":-1993.4796142578,
  "1":-291.0209960938,
  "2":-291.0209960938,
  "3":-253.9683837891,
  "4":-1871.8635253906,
  "5":-1969.0313720703,
  "6":-1969.0313720703,
  "7":-497.9724121094,
  "8":-1969.03125,
  "9":-1969.03125,
  "10":-262.5551147461,
  "11":-249.9166870117,
  "12":-253.9689941406,
  "13":-253.9689941406
 },
 "Y":{
  "0":432.591583252,
  "1":-2160.8439941406,
  "2":-2160.8439941406,
  "3":-2137.2790527344,
  "4":275.5692443848,
  "5":450.03125,
  "6":450.03125,
  "7":-2016.4713134766,
  "8":450.03125,
  "9":450.03125,
  "10":-2211.189453125,
  "11":-2167.7868652344,
  "12":-2134.1198730469,
  "13":-2134.1198730469
 },
 "Z":{
  "0":-159.96875,
  "1":-173.9833984375,
  "2":-173.9833984375,
  "3":-173.0892944336,
  "4":-159.96875,
  "5":-159.96875,
  "6":-159.96875,
  "7":-179.96875,
  "8":-159.96875,
  "9":-159.96875,
  "10":-168.2431030273,
  "11":-171.5394287109,
  "12":-172.9489746094,
  "13":-172.9489746094
 },
 "round":{
  "0":1,
  "1":3,
  "2":3,
  "3":4,
  "4":6,
  "5":7,
  "6":7,
  "7":8,
  "8":9,
  "9":9,
  "10":10,
  "11":10,
  "12":15,
  "13":15
 }
}