{
 "tick":{
  "0":44043,
  "1":45754,
  "2":49585,
  "3":52209,
  "4":65623,
  "5":68247,
  "6":72981,
  "7":93729,
  "8":96353,
  "9":111244,
  "10":113868,
  "11":121699,
  "12":122976,
  "13":128639,
  "14":131263,
  "15":139483
 },
 "event":{
  "0":"planted",
  "1":"defused",
  "2":"planted",
  "3":"exploded",
  "4":"planted",
  "5":"exploded",
  "6":"planted",
  "7":"planted",
  "8":"exploded",
  "9":"planted",
  "10":"exploded",
  "11":"planted",
  "12":"defused",
  "13":"planted",
  "14":"exploded",
  "15":"planted"
 },
 "site":{
  "0":"BombsiteB",
  "1":"BombsiteB",
  "2":"BombsiteB",
  "3":"BombsiteB",
  "4":"BombsiteA",
  "5":"BombsiteA",
  "6":"BombsiteA",
  "7":"BombsiteA",
  "8":"BombsiteA",
  "9":"BombsiteB",
  "10":"BombsiteB",
  "11":"BombsiteA",
  "12":"BombsiteA",
  "13":"BombsiteA",
  "14":"BombsiteA",
  "15":"BombsiteB"
 },
 "X":{
  "0":-1136.03125,
  "1":-1191.1430664062,
  "2":-1043.2294921875,
  "3":-1043.2294921875,
  "4":1233.5441894531,
  "5":1233.5441894531,
  "6":1324.5871582031,
  "7":1312.0443115234,
  "8":1312.0443115234,
  "9":-1136.03125,
  "10":-1136.03125,
  "11":1091.9161376953,
  "12":1069.9748535156,
  "13":1281.7474365234,
  "14":1281.7474365234,
  "15":-943.3669433594
 },
 "Y":{
  "0":699.9686889648,
  "1":718.7456054688,
  "2":599.9658203125,
  "3":599.9658203125,
  "4":1787.3491210938,
  "5":1787.3491210938,
  "6":2170.7153320312,
  "7":2172.6813964844,
  "8":2172.6813964844,
  "9":699.96875,
  "10":699.96875,
  "11":1941.5159912109,
  "12":1885.4522705078,
  "13":1938.3098144531,
  "14":1938.3098144531,
  "15":759.0975341797
 },
 "Z":{
  "0":-1.96875,
  "1":-0.4906616211,
  "2":-1.96875,
  "3":-1.96875,
  "4":-191.96875,
  "5":-191.96875,
  "6":-187.485534668,
  "7":-186.1748657227,
  "8":-186.1748657227,
  "9":-1.96875,
  "10":-1.96875,
  "11":-191.96875,
  "12":-191.96875,
  "13":-191.96875,
  "14":-191.96875,
  "15":-2.0964355469
 },
 "round":{
  "0":8,
  "1":8,
  "2":9,
  "3":9,
  "4":11,
  "5":11,
  "6":12,
  "7":15,
  "8":15,
  "9":17,
  "10":17,
  "11":18,
  "12":18,
  "13":19,
  "14":19,
  "15":20
 }
}