{
 "tick":{
  "0":4479,
  "1":18697,
  "2":21018,
  "3":75045,
  "4":87136,
  "5":89318,
  "6":106714,
  "7":109338,
  "8":115458,
  "9":123871
 },
 "event":{
  "0":"planted",
  "1":"planted",
  "2":"defused",
  "3":"planted",
  "4":"planted",
  "5":"defused",
  "6":"planted",
  "7":"exploded",
  "8":"planted",
  "9":"planted"
 },
 "site":{
  "0":"BombsiteB",
  "1":"BombsiteB",
  "2":"BombsiteB",
  "3":"BombsiteB",
  "4":"BombsiteA",
  "5":"BombsiteA",
  "6":"BombsiteA",
  "7":"BombsiteA",
  "8":"BombsiteA",
  "9":"BombsiteA"
 },
 "X":{
  "0":-2216.0307617188,
  "1":-2216.03125,
  "2":-2262.4438476562,
  "3":-2216.03125,
  "4":-347.8527832031,
  "5":-365.7449951172,
  "6":-303.8713378906,
  "7":-303.8713378906,
  "8":-84.9907226562,
  "9":-399.0477294922
 },
 "Y":{
  "0":887.8870239258,
  "1":867.0588378906,
  "2":826.3107910156,
  "3":860.6497802734,
  "4":-682.9996948242,
  "5":-739.6960449219,
  "6":-713.0313110352,
  "7":-713.0313110352,
  "8":-732.0313110352,
  "9":-690.6442260742
 },
 "Z":{
  "0":11744.03125,
  "1":11744.03125,
  "2":11744.03125,
  "3":11744.03125,
  "4":11774.15625,
  "5":11779.740234375,
  "6":11776.03125,
  "7":11776.03125,
  "8":11776.03125,
  "9":11775.1123046875
 },
 "round":{
  "0":1,
  "1":3,
  "2":3,
  "3":10,
  "4":12,
  "5":12,
  "6":15,
  "7":15,
  "8":16,
  "9":17
 }
}