{
 "tick":{
  "0":38385,
  "1":43938,
  "2":46562,
  "3":51354,
  "4":53978,
  "5":81232,
  "6":82825,
  "7":126202,
  "8":143532,
  "9":152544
 },
 "event":{
  "0":"planted",
  "1":"planted",
  "2":"exploded",
  "3":"planted",
  "4":"exploded",
  "5":"planted",
  "6":"defused",
  "7":"planted",
  "8":"planted",
  "9":"planted"
 },
 "site":{
  "0":"BombsiteA",
  "1":"BombsiteA",
  "2":"BombsiteA",
  "3":"BombsiteB",
  "4":"BombsiteB",
  "5":"BombsiteA",
  "6":"BombsiteA",
  "7":"BombsiteB",
  "8":"BombsiteB",
  "9":"BombsiteA"
 },
 "X":{
  "0":964.7074584961,
  "1":1108.9174804688,
  "2":1108.9174804688,
  "3":-1136.03125,
  "4":-1136.03125,
  "5":1280.0570068359,
  "6":1245.7033691406,
  "7":-1020.8314819336,
  "8":-1048.3481445312,
  "9":1269.6115722656
 },
 "Y":{
  "0":1869.3801269531,
  "1":1970.6772460938,
  "2":1970.6772460938,
  "3":699.96875,
  "4":699.96875,
  "5":1943.4310302734,
  "6":1993.1589355469,
  "7":599.9686889648,
  "8":599.9684448242,
  "9":1841.3894042969
 },
 "Z":{
  "0":-191.96875,
  "1":-191.96875,
  "2":-191.96875,
  "3":-1.96875,
  "4":-1.96875,
  "5":-191.96875,
  "6":-191.96875,
  "7":-1.96875,
  "8":-1.96875,
  "9":-191.96875
 },
 "round":{
  "0":2,
  "1":3,
  "2":3,
  "3":4,
  "4":4,
  "5":8,
  "6":8,
  "7":14,
  "8":17,
  "9":18
 }
}