{
 "tick":{
  "0":3885,
  "1":13309,
  "2":15933,
  "3":22946,
  "4":25570,
  "5":31544,
  "6":34168,
  "7":64158,
  "8":66782,
  "9":110780,
  "10":113404,
  "11":135253,
  "12":137877,
  "13":147577,
  "14":150201,
  "15":160091,
  "16":161572,
  "17":180183
 },
 "event":{
  "0":"planted",
  "1":"planted",
  "2":"exploded",
  "3":"planted",
  "4":"exploded",
  "5":"planted",
  "6":"exploded",
  "7":"planted",
  "8":"exploded",
  "9":"planted",
  "10":"exploded",
  "11":"planted",
  "12":"exploded",
  "13":"planted",
  "14":"exploded",
  "15":"planted",
  "16":"defused",
  "17":"planted"
 },
 "site":{
  "0":"BombsiteB",
  "1":"BombsiteB",
  "2":"BombsiteB",
  "3":"BombsiteB",
  "4":"BombsiteB",
  "5":"BombsiteB",
  "6":"BombsiteB",
  "7":"BombsiteB",
  "8":"BombsiteB",
  "9":"BombsiteB",
  "10":"BombsiteB",
  "11":"BombsiteA",
  "12":"BombsiteA",
  "13":"BombsiteA",
  "14":"BombsiteA",
  "15":"BombsiteB",
  "16":"BombsiteB",
  "17":"BombsiteB"
 },
 "X":{
  "0":504.1247558594,
  "1":547.0920410156,
  "2":547.0920410156,
  "3":542.7631835938,
  "4":542.7631835938,
  "5":516.7174682617,
  "6":516.7174682617,
  "7":543.9133911133,
  "8":543.9133911133,
  "9":536.2635498047,
  "10":536.2635498047,
  "11":2013.6115722656,
  "12":2013.6115722656,
  "13":2013.9704589844,
  "14":2013.9704589844,
  "15":548.2038574219,
  "16":526.2338867188,
  "17":553.1773681641
 },
 "Y":{
  "0":2991.841796875,
  "1":2951.9450683594,
  "2":2951.9450683594,
  "3":2979.9541015625,
  "4":2979.9541015625,
  "5":2947.0771484375,
  "6":2947.0771484375,
  "7":2979.5263671875,
  "8":2979.5263671875,
  "9":2852.0881347656,
  "10":2852.0881347656,
  "11":721.9682617188,
  "12":721.9682617188,
  "13":721.96875,
  "14":721.96875,
  "15":2964.7062988281,
  "16":2955.1235351562,
  "17":2706.0327148438
 },
 "Z":{
  "0":161.5312347412,
  "1":161.5312347412,
  "2":161.5312347412,
  "3":161.5312347412,
  "4":161.5312347412,
  "5":161.5312347412,
  "6":161.5312347412,
  "7":161.5312347412,
  "8":161.5312347412,
  "9":161.5312347412,
  "10":161.5312347412,
  "11":160.03125,
  "12":160.03125,
  "13":160.03125,
  "14":160.03125,
  "15":161.5312347412,
  "16":161.5312347412,
  "17":161.5312347412
 },
 "round":{
  "0":1,
  "1":2,
  "2":2,
  "3":3,
  "4":3,
  "5":4,
  "6":4,
  "7":8,
  "8":8,
  "9":15,
  "10":15,
  "11":18,
  "12":18,
  "13":19,
  "14":19,
  "15":20,
  "16":20,
  "17":23
 }
}