{
 "tick":{
  "0":1210,
  "1":8008,
  "2":10632,
  "3":17810,
  "4":22724,
  "5":41248,
  "6":46954,
  "7":49114,
  "8":61506,
  "9":64130,
  "10":68708,
  "11":71332,
  "12":81909,
  "13":83831,
  "14":99510,
  "15":101240,
  "16":106903,
  "17":136670
 },
 "event":{
  "0":"planted",
  "1":"planted",
  "2":"exploded",
  "3":"planted",
  "4":"planted",
  "5":"planted",
  "6":"planted",
  "7":"defused",
  "8":"planted",
  "9":"exploded",
  "10":"planted",
  "11":"exploded",
  "12":"planted",
  "13":"defused",
  "14":"planted",
  "15":"defused",
  "16":"planted",
  "17":"planted"
 },
 "site":{
  "0":"BombsiteB",
  "1":"BombsiteA",
  "2":"BombsiteA",
  "3":"BombsiteB",
  "4":"BombsiteB",
  "5":"BombsiteB",
  "6":"BombsiteA",
  "7":"BombsiteA",
  "8":"BombsiteA",
  "9":"BombsiteA",
  "10":"BombsiteA",
  "11":"BombsiteA",
  "12":"BombsiteB",
  "13":"BombsiteB",
  "14":"BombsiteB",
  "15":"BombsiteB",
  "16":"BombsiteB",
  "17":"BombsiteB"
 },
 "X":{
  "0":-1136.0313720703,
  "1":1282.4395751953,
  "2":1282.4395751953,
  "3":-1136.0314941406,
  "4":-1136.0313720703,
  "5":-1156.46484375,
  "6":1280.0596923828,
  "7":1334.5144042969,
  "8":1083.7967529297,
  "9":1083.7967529297,
  "10":1288.5091552734,
  "11":1288.5091552734,
  "12":-1056.6735839844,
  "13":-1040.3666992188,
  "14":-1136.0313720703,
  "15":-1155.2288818359,
  "16":-1136.03125,
  "17":-959.96875
 },
 "Y":{
  "0":699.96875,
  "1":1870.0981445312,
  "2":1870.0981445312,
  "3":699.0756835938,
  "4":699.9633178711,
  "5":783.3981323242,
  "6":1902.775390625,
  "7":1924.4029541016,
  "8":1954.6704101562,
  "9":1954.6704101562,
  "10":1867.8873291016,
  "11":1867.8873291016,
  "12":599.9709472656,
  "13":571.8251953125,
  "14":699.96875,
  "15":692.2540893555,
  "16":699.96875,
  "17":645.96875
 },
 "Z":{
  "0":-1.96875,
  "1":-186.4642333984,
  "2":-186.4642333984,
  "3":-1.96875,
  "4":-1.96875,
  "5":-3.96875,
  "6":-179.4243774414,
  "7":-176.8488769531,
  "8":-191.96875,
  "9":-191.96875,
  "10":-191.96875,
  "11":-191.96875,
  "12":-1.96875,
  "13":-3.96875,
  "14":-1.96875,
  "15":-3.96875,
  "16":-1.96875,
  "17":-1.96875
 },
 "round":{
  "0":1,
  "1":2,
  "2":2,
  "3":3,
  "4":4,
  "5":6,
  "6":7,
  "7":7,
  "8":9,
  "9":9,
  "10":10,
  "11":10,
  "12":11,
  "13":11,
  "14":13,
  "15":13,
  "16":14,
  "17":19
 }
}