{
 "tick":{
  "0":3627,
  "1":11009,
  "2":13633,
  "3":28051,
  "4":66243,
  "5":68867,
  "6":86469,
  "7":126095,
  "8":127785,
  "9":136447,
  "10":138457
 },
 "event":{
  "0":"planted",
  "1":"planted",
  "2":"exploded",
  "3":"planted",
  "4":"planted",
  "5":"exploded",
  "6":"planted",
  "7":"planted",
  "8":"defused",
  "9":"planted",
  "10":"defused"
 },
 "site":{
  "0":"BombsiteA",
  "1":"BombsiteA",
  "2":"BombsiteA",
  "3":"BombsiteA",
  "4":"BombsiteB",
  "5":"BombsiteB",
  "6":"BombsiteB",
  "7":"BombsiteA",
  "8":"BombsiteA",
  "9":"BombsiteB",
  "10":"BombsiteB"
 },
 "X":{
  "0":1120.8914794922,
  "1":1279.9526367188,
  "2":1279.9526367188,
  "3":1298.0089111328,
  "4":-1053.2535400391,
  "5":-1053.2535400391,
  "6":-1059.7512207031,
  "7":1312.029296875,
  "8":1328.5197753906,
  "9":-1136.03125,
  "10":-1144.9450683594
 },
 "Y":{
  "0":1980.9946289062,
  "1":1861.2041015625,
  "2":1861.2041015625,
  "3":1931.3120117188,
  "4":599.9686279297,
  "5":599.9686279297,
  "6":599.9671630859,
  "7":2183.6137695312,
  "8":2134.0554199219,
  "9":699.96875,
  "10":699.9685058594
 },
 "Z":{
  "0":-191.96875,
  "1":-191.96875,
  "2":-191.96875,
  "3":-191.96875,
  "4":-1.96875,
  "5":-1.96875,
  "6":-1.96875,
  "7":-178.8865966797,
  "8":-191.96875,
  "9":-1.96875,
  "10":-3.96875
 },
 "round":{
  "0":1,
  "1":2,
  "2":2,
  "3":4,
  "4":9,
  "5":9,
  "6":12,
  "7":17,
  "8":17,
  "9":18,
  "10":18
 }
}