{
 "tick":{
  "0":4311,
  "1":13065,
  "2":15689,
  "3":32666,
  "4":35290,
  "5":42361,
  "6":44985,
  "7":59010,
  "8":75348,
  "9":77972,
  "10":115992,
  "11":118616,
  "12":125225,
  "13":127849,
  "14":137580,
  "15":140204,
  "16":168131,
  "17":170755,
  "18":176432
 },
 "event":{
  "0":"planted",
  "1":"planted",
  "2":"exploded",
  "3":"planted",
  "4":"exploded",
  "5":"planted",
  "6":"exploded",
  "7":"planted",
  "8":"planted",
  "9":"exploded",
  "10":"planted",
  "11":"exploded",
  "12":"planted",
  "13":"exploded",
  "14":"planted",
  "15":"exploded",
  "16":"planted",
  "17":"exploded",
  "18":"planted"
 },
 "site":{
  "0":"BombsiteA",
  "1":"BombsiteA",
  "2":"BombsiteA",
  "3":"BombsiteA",
  "4":"BombsiteA",
  "5":"BombsiteB",
  "6":"BombsiteB",
  "7":"BombsiteB",
  "8":"BombsiteA",
  "9":"BombsiteA",
  "10":"BombsiteB",
  "11":"BombsiteB",
  "12":"BombsiteA",
  "13":"BombsiteA",
  "14":"BombsiteB",
  "15":"BombsiteB",
  "16":"BombsiteB",
  "17":"BombsiteB",
  "18":"BombsiteB"
 },
 "X":{
  "0":1835.6860351562,
  "1":2007.8203125,
  "2":2007.8203125,
  "3":1931.8045654297,
  "4":1931.8045654297,
  "5":545.0462646484,
  "6":545.0462646484,
  "7":547.7778930664,
  "8":1819.03125,
  "9":1819.03125,
  "10":239.5735931396,
  "11":239.5735931396,
  "12":1966.0321044922,
  "13":1966.0321044922,
  "14":267.9687194824,
  "15":267.9687194824,
  "16":545.8813476562,
  "17":545.8813476562,
  "18":556.3978271484
 },
 "Y":{
  "0":282.8800354004,
  "1":721.9686279297,
  "2":721.9686279297,
  "3":364.0071411133,
  "4":364.0071411133,
  "5":2953.6677246094,
  "6":2953.6677246094,
  "7":2959.80859375,
  "8":273.6859741211,
  "9":273.6859741211,
  "10":2774.7556152344,
  "11":2774.7556152344,
  "12":721.96875,
  "13":721.96875,
  "14":2879.03125,
  "15":2879.03125,
  "16":2937.9992675781,
  "17":2937.9992675781,
  "18":2883.9655761719
 },
 "Z":{
  "0":161.0312194824,
  "1":160.03125,
  "2":160.03125,
  "3":161.03125,
  "4":161.03125,
  "5":161.5312347412,
  "6":161.5312347412,
  "7":161.5312347412,
  "8":161.0312194824,
  "9":161.0312194824,
  "10":184.2997436523,
  "11":184.2997436523,
  "12":160.03125,
  "13":160.03125,
  "14":164.03125,
  "15":164.03125,
  "16":161.5312347412,
  "17":161.5312347412,
  "18":161.5312347412
 },
 "round":{
  "0":1,
  "1":3,
  "2":3,
  "3":5,
  "4":5,
  "5":6,
  "6":6,
  "7":7,
  "8":10,
  "9":10,
  "10":15,
  "11":15,
  "12":16,
  "13":16,
  "14":17,
  "15":17,
  "16":20,
  "17":20,
  "18":21
 }
}