{
 "tick":{
  "0":1762,
  "1":15520,
  "2":24934,
  "3":27558,
  "4":36113,
  "5":38737,
  "6":49524,
  "7":51042,
  "8":54579,
  "9":89780,
  "10":102264,
  "11":104888,
  "12":113122,
  "13":115746,
  "14":134529,
  "15":137153,
  "16":140249,
  "17":142873
 },
 "event":{
  "0":"planted",
  "1":"planted",
  "2":"planted",
  "3":"exploded",
  "4":"planted",
  "5":"exploded",
  "6":"planted",
  "7":"defused",
  "8":"planted",
  "9":"planted",
  "10":"planted",
  "11":"exploded",
  "12":"planted",
  "13":"exploded",
  "14":"planted",
  "15":"exploded",
  "16":"planted",
  "17":"exploded"
 },
 "site":{
  "0":"BombsiteB",
  "1":"BombsiteA",
  "2":"BombsiteB",
  "3":"BombsiteB",
  "4":"BombsiteB",
  "5":"BombsiteB",
  "6":"BombsiteA",
  "7":"BombsiteA",
  "8":"BombsiteA",
  "9":"BombsiteB",
  "10":"BombsiteA",
  "11":"BombsiteA",
  "12":"BombsiteB",
  "13":"BombsiteB",
  "14":"BombsiteA",
  "15":"BombsiteA",
  "16":"BombsiteA",
  "17":"BombsiteA"
 },
 "X":{
  "0":345.8890991211,
  "1":622.9644775391,
  "2":586.427734375,
  "3":586.427734375,
  "4":633.0228881836,
  "5":633.0228881836,
  "6":763.298828125,
  "7":704.5063476562,
  "8":496.0313720703,
  "9":739.1591796875,
  "10":681.1414794922,
  "11":681.1414794922,
  "12":454.917755127,
  "13":454.917755127,
  "14":702.8203735352,
  "15":702.8203735352,
  "16":506.6843566895,
  "17":506.6843566895
 },
 "Y":{
  "0":-738.90625,
  "1":-904.9063110352,
  "2":-1245.3045654297,
  "3":-1245.3045654297,
  "4":-1308.1138916016,
  "5":-1308.1138916016,
  "6":-605.9683837891,
  "7":-597.69140625,
  "8":-941.3388061523,
  "9":-1115.8078613281,
  "10":-762.8023681641,
  "11":-762.8023681641,
  "12":-712.357421875,
  "13":-712.357421875,
  "14":-629.0319824219,
  "15":-629.0319824219,
  "16":-893.138671875,
  "17":-893.138671875
 },
 "Z":{
  "0":-771.96875,
  "1":-415.96875,
  "2":-752.96875,
  "3":-752.96875,
  "4":-765.96875,
  "5":-765.96875,
  "6":-399.9682617188,
  "7":-399.9686279297,
  "8":-413.0062255859,
  "9":-768.96875,
  "10":-399.96875,
  "11":-399.96875,
  "12":-765.96875,
  "13":-765.96875,
  "14":-399.9686279297,
  "15":-399.9686279297,
  "16":-400.7255249023,
  "17":-400.7255249023
 },
 "round":{
  "0":1,
  "1":3,
  "2":4,
  "3":4,
  "4":5,
  "5":5,
  "6":6,
  "7":6,
  "8":7,
  "9":11,
  "10":13,
  "11":13,
  "12":15,
  "13":15,
  "14":17,
  "15":17,
  "16":18,
  "17":18
 }
}