{
 "tick":{
  "0":3374,
  "1":5614,
  "2":12047,
  "3":14671,
  "4":22557,
  "5":36860,
  "6":39484,
  "7":48570,
  "8":65675,
  "9":68299,
  "10":76470,
  "11":79094,
  "12":86254,
  "13":88878,
  "14":121517,
  "15":122480,
  "16":129542,
  "17":132166,
  "18":142007,
  "19":143794
 },
 "event":{
  "0":"planted",
  "1":"defused",
  "2":"planted",
  "3":"exploded",
  "4":"planted",
  "5":"planted",
  "6":"exploded",
  "7":"planted",
  "8":"planted",
  "9":"exploded",
  "10":"planted",
  "11":"exploded",
  "12":"planted",
  "13":"exploded",
  "14":"planted",
  "15":"defused",
  "16":"planted",
  "17":"exploded",
  "18":"planted",
  "19":"defused"
 },
 "site":{
  "0":"BombsiteA",
  "1":"BombsiteA",
  "2":"BombsiteA",
  "3":"BombsiteA",
  "4":"BombsiteA",
  "5":"BombsiteA",
  "6":"BombsiteA",
  "7":"BombsiteA",
  "8":"BombsiteB",
  "9":"BombsiteB",
  "10":"BombsiteA",
  "11":"BombsiteA",
  "12":"BombsiteB",
  "13":"BombsiteB",
  "14":"BombsiteA",
  "15":"BombsiteA",
  "16":"BombsiteA",
  "17":"BombsiteA",
  "18":"BombsiteB",
  "19":"BombsiteB"
 },
 "X":{
  "0":-1575.2565917969,
  "1":-1544.3969726562,
  "2":-1228.1817626953,
  "3":-1228.1817626953,
  "4":-1571.0350341797,
  "5":-1242.2775878906,
  "6":-1242.2775878906,
  "7":-1557.2678222656,
  "8":776.2276611328,
  "9":776.2276611328,
  "10":-1248.0102539062,
  "11":-1248.0102539062,
  "12":815.5786132812,
  "13":815.5786132812,
  "14":-1245.3706054688,
  "15":-1302.1307373047,
  "16":-1563.9296875,
  "17":-1563.9296875,
  "18":869.0314941406,
  "19":929.707824707
 },
 "Y":{
  "0":701.6796264648,
  "1":682.9312744141,
  "2":722.776184082,
  "3":722.776184082,
  "4":697.9674682617,
  "5":729.9685668945,
  "6":729.9685668945,
  "7":716.5628051758,
  "8":4.9686112404,
  "9":4.9686112404,
  "10":729.9680786133,
  "11":729.9680786133,
  "12":4.9690651894,
  "13":4.9690651894,
  "14":727.6079101562,
  "15":750.7379150391,
  "16":708.31640625,
  "17":708.31640625,
  "18":37.2643318176,
  "19":38.2849159241
 },
 "Z":{
  "0":56.03125,
  "1":55.3486099243,
  "2":56.03125,
  "3":56.03125,
  "4":56.03125,
  "5":56.03125,
  "6":56.03125,
  "7":56.03125,
  "8":130.9011230469,
  "9":130.9011230469,
  "10":56.03125,
  "11":56.03125,
  "12":130.9011230469,
  "13":130.9011230469,
  "14":56.03125,
  "15":54.0312461853,
  "16":56.03125,
  "17":56.03125,
  "18":130.9011077881,
  "19":130.03125
 },
 "round":{
  "0":1,
  "1":1,
  "2":2,
  "3":2,
  "4":4,
  "5":6,
  "6":6,
  "7":7,
  "8":9,
  "9":9,
  "10":10,
  "11":10,
  "12":11,
  "13":11,
  "14":14,
  "15":14,
  "16":15,
  "17":15,
  "18":16,
  "19":16
 }
}