{
 "tick":{
  "0":3763,
  "1":9882,
  "2":51984,
  "3":54608,
  "4":58391,
  "5":69040,
  "6":71664,
  "7":77758,
  "8":133860,
  "9":136484,
  "10":142491,
  "11":144979
 },
 "event":{
  "0":"planted",
  "1":"planted",
  "2":"planted",
  "3":"exploded",
  "4":"planted",
  "5":"planted",
  "6":"exploded",
  "7":"planted",
  "8":"planted",
  "9":"exploded",
  "10":"planted",
  "11":"defused"
 },
 "site":{
  "0":"BombsiteA",
  "1":"BombsiteA",
  "2":"BombsiteA",
  "3":"BombsiteA",
  "4":"BombsiteA",
  "5":"BombsiteA",
  "6":"BombsiteA",
  "7":"BombsiteA",
  "8":"BombsiteA",
  "9":"BombsiteA",
  "10":"BombsiteA",
  "11":"BombsiteA"
 },
 "X":{
  "0":714.6729125977,
  "1":543.1694946289,
  "2":534.8604125977,
  "3":534.8604125977,
  "4":718.7922973633,
  "5":740.7741088867,
  "6":740.7741088867,
  "7":688.2359008789,
  "8":683.9803466797,
  "9":683.9803466797,
  "10":720.0130004883,
  "11":778.6965332031
 },
 "Y":{
  "0":-771.830871582,
  "1":-914.6605834961,
  "2":-587.0380859375,
  "3":-587.0380859375,
  "4":-771.9380493164,
  "5":-606.311340332,
  "6":-606.311340332,
  "7":-763.8241577148,
  "8":-762.7626953125,
  "9":-762.7626953125,
  "10":-773.9520263672,
  "11":-789.8583984375
 },
 "Z":{
  "0":-399.9683837891,
  "1":-405.9205932617,
  "2":-399.96875,
  "3":-399.96875,
  "4":-399.9683227539,
  "5":-399.9682617188,
  "6":-399.9682617188,
  "7":-399.96875,
  "8":-399.96875,
  "9":-399.96875,
  "10":-399.9682617188,
  "11":-399.9682617188
 },
 "round":{
  "0":1,
  "1":2,
  "2":8,
  "3":8,
  "4":9,
  "5":10,
  "6":10,
  "7":11,
  "8":15,
  "9":15,
  "10":16,
  "11":16
 }
}