{
 "tick":{
  "0":2779,
  "1":5403,
  "2":12472,
  "3":29071,
  "4":40152,
  "5":60071,
  "6":61011,
  "7":91376,
  "8":99423,
  "9":101525,
  "10":133092,
  "11":135716,
  "12":141895,
  "13":144519,
  "14":190449,
  "15":203332,
  "16":205956,
  "17":215899,
  "18":216625
 },
 "event":{
  "0":"planted",
  "1":"exploded",
  "2":"planted",
  "3":"planted",
  "4":"planted",
  "5":"planted",
  "6":"defused",
  "7":"planted",
  "8":"planted",
  "9":"defused",
  "10":"planted",
  "11":"exploded",
  "12":"planted",
  "13":"exploded",
  "14":"planted",
  "15":"planted",
  "16":"exploded",
  "17":"planted",
  "18":"defused"
 },
 "site":{
  "0":"BombsiteB",
  "1":"BombsiteB",
  "2":"BombsiteA",
  "3":"BombsiteB",
  "4":"BombsiteA",
  "5":"BombsiteA",
  "6":"BombsiteA",
  "7":"BombsiteB",
  "8":"BombsiteA",
  "9":"BombsiteA",
  "10":"BombsiteB",
  "11":"BombsiteB",
  "12":"BombsiteA",
  "13":"BombsiteA",
  "14":"BombsiteA",
  "15":"BombsiteA",
  "16":"BombsiteA",
  "17":"BombsiteA",
  "18":"BombsiteA"
 },
 "X":{
  "0":-976.3130493164,
  "1":-976.3130493164,
  "2":-2159.0959472656,
  "3":-1166.2562255859,
  "4":-2538.9860839844,
  "5":-2080.5764160156,
  "6":-2050.6904296875,
  "7":-977.6860961914,
  "8":-2598.6853027344,
  "9":-2538.1196289062,
  "10":-1166.2381591797,
  "11":-1166.2381591797,
  "12":-2497.5126953125,
  "13":-2497.5126953125,
  "14":-2503.30859375,
  "15":-2559.2604980469,
  "16":-2559.2604980469,
  "17":-2153.6770019531,
  "18":-2094.1611328125
 },
 "Y":{
  "0":156.3344116211,
  "1":156.3344116211,
  "2":565.7186279297,
  "3":-94.5494384766,
  "4":646.859375,
  "5":687.6779785156,
  "6":676.2678222656,
  "7":-58.4884643555,
  "8":630.591003418,
  "9":630.1450805664,
  "10":-94.3267822266,
  "11":-94.3267822266,
  "12":798.0315551758,
  "13":798.0315551758,
  "14":806.9615478516,
  "15":643.5316772461,
  "16":643.5316772461,
  "17":568.10546875,
  "18":582.2745361328
 },
 "Z":{
  "0":100.03125,
  "1":100.03125,
  "2":521.9567260742,
  "3":103.7013397217,
  "4":484.03125,
  "5":476.03125,
  "6":476.0312805176,
  "7":100.03125,
  "8":484.0312194824,
  "9":484.03125,
  "10":103.5945663452,
  "11":103.5945663452,
  "12":476.5300598145,
  "13":476.5300598145,
  "14":476.5275268555,
  "15":484.0312194824,
  "16":484.0312194824,
  "17":522.0653686523,
  "18":523.193359375
 },
 "round":{
  "0":1,
  "1":1,
  "2":2,
  "3":4,
  "4":5,
  "5":7,
  "6":7,
  "7":10,
  "8":11,
  "9":11,
  "10":15,
  "11":15,
  "12":16,
  "13":16,
  "14":22,
  "15":23,
  "16":23,
  "17":24,
  "18":24
 }
}