{
 "tick":{
  "0":1881,
  "1":6416,
  "2":9040,
  "3":16337,
  "4":18082,
  "5":43888,
  "6":45000,
  "7":55191,
  "8":64792,
  "9":65884,
  "10":99963,
  "11":109419,
  "12":112043,
  "13":115780
 },
 "event":{
  "0":"planted",
  "1":"planted",
  "2":"exploded",
  "3":"planted",
  "4":"defused",
  "5":"planted",
  "6":"defused",
  "7":"planted",
  "8":"planted",
  "9":"defused",
  "10":"planted",
  "11":"planted",
  "12":"exploded",
  "13":"planted"
 },
 "site":{
  "0":"BombsiteB",
  "1":"BombsiteB",
  "2":"BombsiteB",
  "3":"BombsiteB",
  "4":"BombsiteB",
  "5":"BombsiteB",
  "6":"BombsiteB",
  "7":"BombsiteB",
  "8":"BombsiteA",
  "9":"BombsiteA",
  "10":"BombsiteA",
  "11":"BombsiteA",
  "12":"BombsiteA",
  "13":"BombsiteA"
 },
 "X":{
  "0":869.0322875977,
  "1":794.4545898438,
  "2":794.4545898438,
  "3":806.9100952148,
  "4":868.3102416992,
  "5":795.7083740234,
  "6":733.9624023438,
  "7":803.3576049805,
  "8":-1236.8181152344,
  "9":-1181.4838867188,
  "10":-1569.6112060547,
  "11":-1568.0559082031,
  "12":-1568.0559082031,
  "13":-1575.4423828125
 },
 "Y":{
  "0":82.96875,
  "1":4.9704785347,
  "2":4.9704785347,
  "3":4.9723439217,
  "4":1.4304192066,
  "5":4.9677410126,
  "6":-0.1656494141,
  "7":3.448148489,
  "8":729.9693603516,
  "9":703.1032104492,
  "10":698.6622924805,
  "11":697.8827514648,
  "12":697.8827514648,
  "13":706.700012207
 },
 "Z":{
  "0":130.9011077881,
  "1":130.9011230469,
  "2":130.9011230469,
  "3":130.9011230469,
  "4":130.9011230469,
  "5":130.9011230469,
  "6":130.03125,
  "7":130.9011230469,
  "8":56.03125,
  "9":52.2021636963,
  "10":56.03125,
  "11":56.03125,
  "12":56.03125,
  "13":56.03125
 },
 "round":{
  "0":1,
  "1":2,
  "2":2,
  "3":3,
  "4":3,
  "5":7,
  "6":7,
  "7":8,
  "8":9,
  "9":9,
  "10":13,
  "11":15,
  "12":15,
  "13":16
 }
}