{
 "tick":{
  "0":57445,
  "1":60069,
  "2":66798,
  "3":69422,
  "4":76881,
  "5":78470,
  "6":85222,
  "7":86014,
  "8":104606,
  "9":132248,
  "10":134731,
  "11":145529,
  "12":148153,
  "13":163963,
  "14":166587
 },
 "event":{
  "0":"planted",
  "1":"exploded",
  "2":"planted",
  "3":"exploded",
  "4":"planted",
  "5":"defused",
  "6":"planted",
  "7":"defused",
  "8":"planted",
  "9":"planted",
  "10":"defused",
  "11":"planted",
  "12":"exploded",
  "13":"planted",
  "14":"exploded"
 },
 "site":{
  "0":"BombsiteA",
  "1":"BombsiteA",
  "2":"BombsiteA",
  "3":"BombsiteA",
  "4":"BombsiteA",
  "5":"BombsiteA",
  "6":"BombsiteA",
  "7":"BombsiteA",
  "8":"BombsiteB",
  "9":"BombsiteA",
  "10":"BombsiteA",
  "11":"BombsiteB",
  "12":"BombsiteB",
  "13":"BombsiteB",
  "14":"BombsiteB"
 },
 "X":{
  "0":-114.03125,
  "1":-114.03125,
  "2":-502.5220947266,
  "3":-502.5220947266,
  "4":-351.3631591797,
  "5":-390.5711669922,
  "6":-364.1812133789,
  "7":-322.0892333984,
  "8":-2216.0300292969,
  "9":-355.5194091797,
  "10":-297.1088867188,
  "11":-2270.1547851562,
  "12":-2270.1547851562,
  "13":-2216.0278320312,
  "14":-2216.0278320312
 },
 "Y":{
  "0":-540.03125,
  "1":-540.03125,
  "2":-595.7977905273,
  "3":-595.7977905273,
  "4":-683.7794799805,
  "5":-708.9189453125,
  "6":-686.6257324219,
  "7":-727.3043212891,
  "8":853.8353271484,
  "9":-726.2170410156,
  "10":-741.2030639648,
  "11":870.4770507812,
  "12":870.4770507812,
  "13":878.6306762695,
  "14":878.6306762695
 },
 "Z":{
  "0":11776.03125,
  "1":11776.03125,
  "2":11776.03125,
  "3":11776.03125,
  "4":11774.25390625,
  "5":11776.03125,
  "6":11774.609375,
  "7":11776.03125,
  "8":11744.03125,
  "9":11776.03125,
  "10":11776.03125,
  "11":11744.03125,
  "12":11744.03125,
  "13":11744.03125,
  "14":11744.03125
 },
 "round":{
  "0":9,
  "1":9,
  "2":10,
  "3":10,
  "4":11,
  "5":11,
  "6":12,
  "7":12,
  "8":13,
  "9":16,
  "10":16,
  "11":17,
  "12":17,
  "13":19,
  "14":19
 }
}