{
 "tick":{
  "0":5987,
  "1":14498,
  "2":17122,
  "3":22990,
  "4":25614,
  "5":34040,
  "6":34588,
  "7":59286,
  "8":61023,
  "9":105099,
  "10":112156,
  "11":153524,
  "12":155328,
  "13":181991,
  "14":183126,
  "15":190372,
  "16":203703,
  "17":221074
 },
 "event":{
  "0":"planted",
  "1":"planted",
  "2":"exploded",
  "3":"planted",
  "4":"exploded",
  "5":"planted",
  "6":"defused",
  "7":"planted",
  "8":"defused",
  "9":"planted",
  "10":"planted",
  "11":"planted",
  "12":"defused",
  "13":"planted",
  "14":"defused",
  "15":"planted",
  "16":"planted",
  "17":"planted"
 },
 "site":{
  "0":"BombsiteA",
  "1":"BombsiteA",
  "2":"BombsiteA",
  "3":"BombsiteB",
  "4":"BombsiteB",
  "5":"BombsiteA",
  "6":"BombsiteA",
  "7":"BombsiteB",
  "8":"BombsiteB",
  "9":"BombsiteB",
  "10":"BombsiteA",
  "11":"BombsiteB",
  "12":"BombsiteB",
  "13":"BombsiteB",
  "14":"BombsiteB",
  "15":"BombsiteB",
  "16":"BombsiteA",
  "17":"BombsiteA"
 },
 "X":{
  "0":832.723815918,
  "1":701.0187988281,
  "2":701.0187988281,
  "3":643.4174804688,
  "4":643.4174804688,
  "5":754.1321411133,
  "6":695.7216186523,
  "7":517.5938110352,
  "8":544.1509399414,
  "9":638.251953125,
  "10":548.2228393555,
  "11":561.8552856445,
  "12":580.7183227539,
  "13":627.875,
  "14":581.4799804688,
  "15":806.3403930664,
  "16":535.4529418945,
  "17":761.2219848633
 },
 "Y":{
  "0":-605.8906860352,
  "1":-766.9838867188,
  "2":-766.9838867188,
  "3":-1324.6884765625,
  "4":-1324.6884765625,
  "5":-604.6239624023,
  "6":-590.5354003906,
  "7":-1321.82421875,
  "8":-1267.0249023438,
  "9":-1256.0316162109,
  "10":-819.8942871094,
  "11":-713.4071655273,
  "12":-701.0103759766,
  "13":-1256.0290527344,
  "14":-1286.7669677734,
  "15":-1201.4456787109,
  "16":-662.1370239258,
  "17":-605.9677734375
 },
 "Z":{
  "0":-399.9682617188,
  "1":-399.9686279297,
  "2":-399.9686279297,
  "3":-765.96875,
  "4":-765.96875,
  "5":-399.9682617188,
  "6":-399.96875,
  "7":-765.96875,
  "8":-769.96875,
  "9":-768.84375,
  "10":-399.96875,
  "11":-765.96875,
  "12":-767.96875,
  "13":-768.84375,
  "14":-769.96875,
  "15":-768.96875,
  "16":-399.96875,
  "17":-399.9682617188
 },
 "round":{
  "0":1,
  "1":2,
  "2":2,
  "3":3,
  "4":3,
  "5":4,
  "6":4,
  "7":8,
  "8":8,
  "9":13,
  "10":14,
  "11":20,
  "12":20,
  "13":23,
  "14":23,
  "15":24,
  "16":26,
  "17":28
 }
}