{
 "tick":{
  "0":9562,
  "1":10668,
  "2":28827,
  "3":76413,
  "4":106867,
  "5":108549,
  "6":116137,
  "7":121173,
  "8":123349,
  "9":126790,
  "10":129159,
  "11":137537,
  "12":139638,
  "13":157264,
  "14":165489,
  "15":168113,
  "16":173484,
  "17":187613
 },
 "event":{
  "0":"planted",
  "1":"defused",
  "2":"planted",
  "3":"planted",
  "4":"planted",
  "5":"defused",
  "6":"planted",
  "7":"planted",
  "8":"defused",
  "9":"planted",
  "10":"defused",
  "11":"planted",
  "12":"defused",
  "13":"planted",
  "14":"planted",
  "15":"exploded",
  "16":"planted",
  "17":"planted"
 },
 "site":{
  "0":"BombsiteB",
  "1":"BombsiteB",
  "2":"BombsiteA",
  "3":"BombsiteB",
  "4":"BombsiteA",
  "5":"BombsiteA",
  "6":"BombsiteA",
  "7":"BombsiteA",
  "8":"BombsiteA",
  "9":"BombsiteA",
  "10":"BombsiteA",
  "11":"BombsiteB",
  "12":"BombsiteB",
  "13":"BombsiteA",
  "14":"BombsiteA",
  "15":"BombsiteA",
  "16":"BombsiteA",
  "17":"BombsiteA"
 },
 "X":{
  "0":-2198.96875,
  "1":-2139.2585449219,
  "2":-296.8619384766,
  "3":-1888.6257324219,
  "4":-494.3006591797,
  "5":-543.6228637695,
  "6":-384.1622314453,
  "7":-314.0777587891,
  "8":-299.3175048828,
  "9":-318.8041992188,
  "10":-301.9220581055,
  "11":-2001.66015625,
  "12":-1998.2406005859,
  "13":-493.7517089844,
  "14":-253.96875,
  "15":-253.96875,
  "16":-493.5522460938,
  "17":-496.413269043
 },
 "Y":{
  "0":90.5915985107,
  "1":97.8986358643,
  "2":-2008.1983642578,
  "3":242.0313720703,
  "4":-2009.5830078125,
  "5":-1973.1188964844,
  "6":-1992.3861083984,
  "7":-2166.9565429688,
  "8":-2163.0417480469,
  "9":-2016.6175537109,
  "10":-2015.8778076172,
  "11":409.3307189941,
  "12":415.3000183105,
  "13":-1992.2540283203,
  "14":-2134.0754394531,
  "15":-2134.0754394531,
  "16":-2027.6802978516,
  "17":-2026.7758789062
 },
 "Z":{
  "0":-159.96875,
  "1":-159.96875,
  "2":-171.1651611328,
  "3":-159.96875,
  "4":-179.96875,
  "5":-179.96875,
  "6":-178.2224121094,
  "7":-174.4647827148,
  "8":-174.1567382812,
  "9":-173.4897460938,
  "10":-171.956237793,
  "11":-159.96875,
  "12":-159.96875,
  "13":-179.96875,
  "14":-172.9469604492,
  "15":-172.9469604492,
  "16":-179.96875,
  "17":-179.96875
 },
 "round":{
  "0":1,
  "1":1,
  "2":4,
  "3":11,
  "4":13,
  "5":13,
  "6":14,
  "7":15,
  "8":15,
  "9":16,
  "10":16,
  "11":17,
  "12":17,
  "13":19,
  "14":20,
  "15":20,
  "16":21,
  "17":23
 }
}