{
 "tick":{
  "0":37068,
  "1":45694,
  "2":47950,
  "3":85577,
  "4":87688,
  "5":92858,
  "6":99489,
  "7":102113,
  "8":107523,
  "9":110147
 },
 "event":{
  "0":"planted",
  "1":"planted",
  "2":"defused",
  "3":"planted",
  "4":"defused",
  "5":"planted",
  "6":"planted",
  "7":"exploded",
  "8":"planted",
  "9":"exploded"
 },
 "site":{
  "0":"BombsiteA",
  "1":"BombsiteA",
  "2":"BombsiteA",
  "3":"BombsiteA",
  "4":"BombsiteA",
  "5":"BombsiteA",
  "6":"BombsiteA",
  "7":"BombsiteA",
  "8":"BombsiteB",
  "9":"BombsiteB"
 },
 "X":{
  "0":-233.3774414062,
  "1":-310.8063354492,
  "2":-250.9808349609,
  "3":-347.03125,
  "4":-322.2119140625,
  "5":-343.8140869141,
  "6":-364.4002685547,
  "7":-364.4002685547,
  "8":-2216.02734375,
  "9":-2216.02734375
 },
 "Y":{
  "0":-684.6971435547,
  "1":-713.2272949219,
  "2":-724.0190429688,
  "3":-682.8167114258,
  "4":-736.8828735352,
  "5":-713.0314941406,
  "6":-690.9741210938,
  "7":-690.9741210938,
  "8":901.766784668,
  "9":901.766784668
 },
 "Z":{
  "0":11774.3681640625,
  "1":11776.03125,
  "2":11776.03125,
  "3":11774.1337890625,
  "4":11776.03125,
  "5":11776.03125,
  "6":11775.1533203125,
  "7":11775.1533203125,
  "8":11744.03125,
  "9":11744.03125
 },
 "round":{
  "0":5,
  "1":6,
  "2":6,
  "3":11,
  "4":11,
  "5":12,
  "6":13,
  "7":13,
  "8":14,
  "9":14
 }
}