{
 "tick":{
  "0":11345,
  "1":13833,
  "2":32161,
  "3":34785,
  "4":40368,
  "5":42992,
  "6":49989,
  "7":52613,
  "8":57374,
  "9":67029,
  "10":75506,
  "11":78130,
  "12":86751,
  "13":89176,
  "14":93037,
  "15":95661
 },
 "event":{
  "0":"planted",
  "1":"defused",
  "2":"planted",
  "3":"exploded",
  "4":"planted",
  "5":"exploded",
  "6":"planted",
  "7":"exploded",
  "8":"planted",
  "9":"planted",
  "10":"planted",
  "11":"exploded",
  "12":"planted",
  "13":"defused",
  "14":"planted",
  "15":"exploded"
 },
 "site":{
  "0":"BombsiteB",
  "1":"BombsiteB",
  "2":"BombsiteA",
  "3":"BombsiteA",
  "4":"BombsiteA",
  "5":"BombsiteA",
  "6":"BombsiteA",
  "7":"BombsiteA",
  "8":"BombsiteB",
  "9":"BombsiteA",
  "10":"BombsiteA",
  "11":"BombsiteA",
  "12":"BombsiteB",
  "13":"BombsiteB",
  "14":"BombsiteA",
  "15":"BombsiteA"
 },
 "X":{
  "0":869.0313720703,
  "1":916.8944091797,
  "2":-1263.2276611328,
  "3":-1263.2276611328,
  "4":-1243.5534667969,
  "5":-1243.5534667969,
  "6":-1248.810546875,
  "7":-1248.810546875,
  "8":869.0313110352,
  "9":-1574.8327636719,
  "10":-1577.7442626953,
  "11":-1577.7442626953,
  "12":869.0313720703,
  "13":873.2005615234,
  "14":-1572.8879394531,
  "15":-1572.8879394531
 },
 "Y":{
  "0":77.1243667603,
  "1":39.2852325439,
  "2":729.6286010742,
  "3":729.6286010742,
  "4":729.9686889648,
  "5":729.9686889648,
  "6":729.9671630859,
  "7":729.9671630859,
  "8":82.96875,
  "9":711.2163085938,
  "10":701.3790893555,
  "11":701.3790893555,
  "12":82.96875,
  "13":22.3401889801,
  "14":699.6226196289,
  "15":699.6226196289
 },
 "Z":{
  "0":130.9011077881,
  "1":130.9011077881,
  "2":56.03125,
  "3":56.03125,
  "4":56.03125,
  "5":56.03125,
  "6":56.03125,
  "7":56.03125,
  "8":130.9011077881,
  "9":56.03125,
  "10":56.03125,
  "11":56.03125,
  "12":130.9011077881,
  "13":130.9011230469,
  "14":56.03125,
  "15":56.03125
 },
 "round":{
  "0":3,
  "1":3,
  "2":6,
  "3":6,
  "4":7,
  "5":7,
  "6":8,
  "7":8,
  "8":9,
  "9":10,
  "10":11,
  "11":11,
  "12":13,
  "13":13,
  "14":14,
  "15":14
 }
}