{
 "tick":{
  "0":10511,
  "1":11988,
  "2":39469,
  "3":41804,
  "4":54130,
  "5":56754,
  "6":74785,
  "7":77409,
  "8":92478,
  "9":96420,
  "10":113520,
  "11":116144,
  "12":122811,
  "13":124554,
  "14":130414,
  "15":132284,
  "16":149737
 },
 "event":{
  "0":"planted",
  "1":"defused",
  "2":"planted",
  "3":"defused",
  "4":"planted",
  "5":"exploded",
  "6":"planted",
  "7":"exploded",
  "8":"planted",
  "9":"planted",
  "10":"planted",
  "11":"exploded",
  "12":"planted",
  "13":"defused",
  "14":"planted",
  "15":"defused",
  "16":"planted"
 },
 "site":{
  "0":"BombsiteB",
  "1":"BombsiteB",
  "2":"BombsiteB",
  "3":"BombsiteB",
  "4":"BombsiteB",
  "5":"BombsiteB",
  "6":"BombsiteB",
  "7":"BombsiteB",
  "8":"BombsiteB",
  "9":"BombsiteA",
  "10":"BombsiteA",
  "11":"BombsiteA",
  "12":"BombsiteB",
  "13":"BombsiteB",
  "14":"BombsiteB",
  "15":"BombsiteB",
  "16":"BombsiteA"
 },
 "X":{
  "0":341.6105651855,
  "1":385.5843811035,
  "2":828.8842163086,
  "3":860.4830932617,
  "4":341.7440490723,
  "5":341.7440490723,
  "6":361.9150695801,
  "7":361.9150695801,
  "8":716.283203125,
  "9":630.7490844727,
  "10":509.3576049805,
  "11":509.3576049805,
  "12":350.5633850098,
  "13":408.2308654785,
  "14":455.1824645996,
  "15":445.3161315918,
  "16":722.8400268555
 },
 "Y":{
  "0":-696.7249755859,
  "1":-738.6080932617,
  "2":-920.8502197266,
  "3":-868.4295043945,
  "4":-689.5922851562,
  "5":-689.5922851562,
  "6":-740.3170166016,
  "7":-740.3170166016,
  "8":-1140.3333740234,
  "9":-784.3567504883,
  "10":-877.6401977539,
  "11":-877.6401977539,
  "12":-861.5528564453,
  "13":-842.9629516602,
  "14":-1295.7529296875,
  "15":-1237.1752929688,
  "16":-574.1860351562
 },
 "Z":{
  "0":-765.96875,
  "1":-771.96875,
  "2":-771.96875,
  "3":-765.96875,
  "4":-765.96875,
  "5":-765.96875,
  "6":-771.96875,
  "7":-771.96875,
  "8":-752.96875,
  "9":-415.96875,
  "10":-399.96875,
  "11":-399.96875,
  "12":-771.96875,
  "13":-771.96875,
  "14":-765.96875,
  "15":-765.96875,
  "16":-399.9682617188
 },
 "round":{
  "0":2,
  "1":2,
  "2":6,
  "3":6,
  "4":8,
  "5":8,
  "6":11,
  "7":11,
  "8":13,
  "9":14,
  "10":17,
  "11":17,
  "12":18,
  "13":18,
  "14":19,
  "15":19,
  "16":21
 }
}